temperature,humidity,humidity_change,temperature_change,elapsed_time,label
33.87,78.31,0.007,0.034,0,0
33.86,78.14,-0.17,-0.013,1,0
33.82,77.95,-0.188,-0.034,2,0
33.77,77.9,-0.045,-0.053,3,0
33.78,77.77,-0.137,0.009,4,0
33.75,77.73,-0.033,-0.033,5,0
33.77,77.71,-0.02,0.025,6,0
33.8,77.52,-0.195,0.025,7,0
33.78,77.53,0.013,-0.022,8,0
33.82,77.38,-0.15,0.04,9,0
33.77,77.29,-0.096,-0.046,10,0
33.8,77.12,-0.167,0.029,11,0
33.82,77.1,-0.015,0.025,12,0
33.82,77.13,0.022,-0.002,13,0
33.8,77.22,0.095,-0.018,14,0
33.83,77.19,-0.031,0.027,15,0
33.86,77.18,-0.011,0.031,16,0
33.88,77.16,-0.023,0.015,17,0
33.84,76.97,-0.183,-0.033,18,0
33.8,76.86,-0.11,-0.048,19,0
33.75,76.74,-0.127,-0.045,20,0
33.76,76.62,-0.113,0.008,21,0
33.74,76.54,-0.087,-0.019,22,0
33.71,76.4,-0.134,-0.029,23,0
33.72,76.49,0.084,0.009,24,0
33.68,76.47,-0.014,-0.038,25,0
33.64,76.5,0.022,-0.039,26,0
33.69,76.41,-0.083,0.043,27,0
33.69,76.41,-0.005,0.0,28,0
33.72,76.42,0.009,0.029,29,0
33.68,76.46,0.036,-0.033,30,0
33.66,76.27,-0.187,-0.024,31,0
33.62,76.15,-0.116,-0.034,32,0
33.66,76.24,0.086,0.032,33,0
33.67,76.14,-0.102,0.01,34,0
33.7,76.06,-0.078,0.036,35,0
33.67,76.0,-0.059,-0.029,36,0
33.67,75.88,-0.123,0.001,37,0
33.68,75.76,-0.118,0.003,38,0
33.66,75.83,0.073,-0.016,39,0
33.71,75.7,-0.131,0.044,40,0
33.66,75.66,-0.044,-0.046,41,0
33.61,75.48,-0.182,-0.045,42,0
33.64,75.47,-0.008,0.024,43,0
33.59,75.4,-0.07,-0.049,44,0
33.63,75.32,-0.082,0.044,45,0
33.68,75.28,-0.038,0.042,46,0
33.62,75.34,0.062,-0.054,47,0
33.63,75.36,0.02,0.013,48,0
33.6,75.32,-0.035,-0.029,49,0
33.56,75.32,-0.004,-0.044,50,0
33.55,75.25,-0.066,-0.01,51,0
33.58,75.34,0.09,0.032,52,0
33.58,75.23,-0.117,-0.005,53,0
33.61,75.08,-0.143,0.036,54,0
33.59,75.15,0.065,-0.026,55,0
33.59,75.14,-0.005,0.005,56,0
33.61,74.99,-0.151,0.021,57,0
33.63,74.96,-0.035,0.022,58,0
33.58,74.92,-0.037,-0.055,59,0
33.53,74.82,-0.099,-0.054,60,0
33.56,74.9,0.082,0.032,61,0
33.53,74.96,0.053,-0.025,62,0
33.57,74.78,-0.179,0.032,63,0
33.52,74.86,0.088,-0.047,64,0
33.47,74.81,-0.051,-0.049,65,0
33.49,74.85,0.032,0.021,66,0
33.48,74.69,-0.158,-0.008,67,0
33.45,74.66,-0.032,-0.029,68,0
33.44,74.72,0.065,-0.013,69,0
33.44,74.59,-0.133,-0.002,70,0
33.4,74.61,0.022,-0.035,71,0
33.45,74.51,-0.103,0.044,72,0
33.44,74.51,-0.002,-0.012,73,0
33.39,74.46,-0.041,-0.043,74,0
33.37,74.34,-0.129,-0.022,75,0
33.34,74.32,-0.02,-0.033,76,0
33.29,74.19,-0.13,-0.048,77,0
33.26,74.18,-0.007,-0.033,78,0
33.29,74.25,0.075,0.03,79,0
33.26,74.08,-0.175,-0.032,80,0
33.22,74.08,0.004,-0.034,81,0
33.26,73.93,-0.157,0.038,82,0
33.25,73.9,-0.025,-0.008,83,0
33.28,73.94,0.039,0.025,84,0
33.23,73.8,-0.139,-0.046,85,0
33.22,73.73,-0.067,-0.013,86,0
33.24,73.68,-0.056,0.017,87,0
33.28,73.68,0.006,0.043,88,0
33.26,73.51,-0.167,-0.015,89,0
33.29,73.42,-0.095,0.031,90,0
33.26,73.3,-0.122,-0.037,91,0
33.24,73.24,-0.062,-0.013,92,0
33.21,73.12,-0.113,-0.031,93,0
33.2,73.2,0.08,-0.011,94,0
33.2,73.27,0.062,-0.001,95,0
33.25,73.08,-0.181,0.044,96,0
33.29,73.14,0.054,0.041,97,0
33.32,73.22,0.081,0.029,98,0
33.31,73.07,-0.147,-0.007,99,0
33.29,72.94,-0.132,-0.015,100,0
33.28,72.76,-0.179,-0.018,101,0
33.25,72.86,0.099,-0.029,102,0
33.24,72.9,0.039,-0.01,103,0
33.28,72.83,-0.07,0.04,104,0
33.28,72.93,0.102,0.0,105,0
33.24,72.95,0.019,-0.04,106,0
33.28,72.84,-0.107,0.041,107,0
33.28,72.82,-0.023,-0.001,108,0
33.23,72.85,0.028,-0.05,109,0
33.22,72.83,-0.021,-0.005,110,0
33.18,72.89,0.059,-0.04,111,0
33.14,72.98,0.092,-0.048,112,0
33.14,72.84,-0.141,0.004,113,0
33.11,72.84,0.006,-0.032,114,0
33.14,72.68,-0.161,0.033,115,0
33.14,72.56,-0.123,0.004,116,0
33.13,72.55,-0.011,-0.014,117,0
33.13,72.53,-0.021,-0.003,118,0
33.09,72.61,0.084,-0.035,119,0
33.06,72.63,0.018,-0.032,120,0
33.07,72.55,-0.078,0.012,121,0
33.05,72.45,-0.107,-0.024,122,0
33.0,72.48,0.029,-0.048,123,0
33.04,72.42,-0.059,0.044,124,0
33.0,72.52,0.102,-0.048,125,0
32.97,72.39,-0.133,-0.029,126,0
33.0,72.47,0.083,0.033,127,0
32.98,72.54,0.067,-0.019,128,0
33.01,72.39,-0.149,0.028,129,0
33.01,72.4,0.015,0.006,130,0
33.02,72.5,0.1,0.01,131,0
33.05,72.31,-0.194,0.026,132,0
33.06,72.2,-0.107,0.011,133,0
33.02,72.29,0.085,-0.042,134,0
32.97,72.12,-0.162,-0.045,135,0
32.95,72.09,-0.031,-0.028,136,0
32.96,72.08,-0.015,0.016,137,0
32.97,71.94,-0.135,0.008,138,0
32.96,71.83,-0.117,-0.007,139,0
32.99,71.9,0.075,0.029,140,0
32.98,71.73,-0.169,-0.013,141,0
32.92,71.62,-0.113,-0.055,142,0
32.93,71.65,0.035,0.008,143,0
32.95,71.54,-0.118,0.019,144,0
32.94,71.51,-0.031,-0.013,145,0
32.89,71.31,-0.194,-0.048,146,0
32.93,71.38,0.068,0.035,147,0
32.95,71.35,-0.033,0.028,148,0
32.91,71.33,-0.022,-0.041,149,0
32.89,71.17,-0.158,-0.025,150,0
32.91,71.24,0.073,0.024,151,0
32.95,71.3,0.062,0.034,152,0
32.92,71.17,-0.133,-0.031,153,0
32.94,71.0,-0.166,0.022,154,0
32.92,71.07,0.069,-0.015,155,0
32.88,71.06,-0.01,-0.04,156,0
32.91,71.14,0.082,0.031,157,0
32.94,71.24,0.096,0.026,158,0
32.89,71.31,0.068,-0.053,159,0
32.86,71.33,0.024,-0.022,160,0
32.89,71.42,0.083,0.025,161,0
32.91,71.48,0.063,0.026,162,0
32.94,71.36,-0.116,0.023,163,0
32.97,71.2,-0.164,0.032,164,0
32.94,71.26,0.061,-0.033,165,0
32.93,71.31,0.048,-0.01,166,0
32.95,71.2,-0.105,0.024,167,0
32.9,71.07,-0.128,-0.053,168,0
32.87,70.94,-0.139,-0.023,169,0
32.92,71.0,0.063,0.041,170,0
32.92,70.89,-0.113,0.009,171,0
32.97,70.81,-0.077,0.043,172,0
33.01,70.77,-0.036,0.038,173,0
33.05,70.61,-0.162,0.042,174,0
33.09,70.47,-0.143,0.041,175,0
33.04,70.35,-0.117,-0.045,176,0
33.06,70.29,-0.066,0.017,177,0
33.07,70.18,-0.102,0.005,178,0
33.05,70.14,-0.043,-0.017,179,0
33.02,70.12,-0.024,-0.03,180,0
32.96,70.13,0.016,-0.055,181,0
32.96,70.21,0.081,-0.002,182,0
32.98,70.23,0.019,0.019,183,0
32.96,70.24,0.005,-0.019,184,0
32.97,70.06,-0.176,0.011,185,0
32.95,69.96,-0.097,-0.024,186,0
32.96,70.02,0.058,0.016,187,0
32.94,69.92,-0.106,-0.025,188,0
32.92,69.84,-0.074,-0.015,189,0
32.88,69.73,-0.108,-0.043,190,0
32.92,69.66,-0.07,0.039,191,0
32.95,69.67,0.007,0.035,192,0
32.93,69.66,-0.012,-0.025,193,0
32.87,69.63,-0.032,-0.055,194,0
32.86,69.52,-0.11,-0.013,195,0
32.87,69.49,-0.023,0.01,196,0
32.86,69.44,-0.057,-0.011,197,0
32.85,69.3,-0.132,-0.008,198,0
32.88,69.38,0.074,0.024,199,0
32.83,69.23,-0.146,-0.047,200,0
32.84,69.19,-0.042,0.008,201,0
32.86,69.09,-0.096,0.026,202,0
32.87,69.12,0.029,0.012,203,0
32.84,68.99,-0.129,-0.036,204,0
32.81,68.81,-0.189,-0.031,205,0
32.84,68.75,-0.054,0.029,206,0
32.82,68.58,-0.175,-0.014,207,0
32.79,68.57,-0.008,-0.036,208,0
32.78,68.58,0.012,-0.006,209,0
32.79,68.46,-0.123,0.01,210,0
32.81,68.26,-0.195,0.02,211,0
32.77,68.3,0.035,-0.045,212,0
32.73,68.23,-0.069,-0.038,213,0
32.72,68.32,0.091,-0.004,214,0
32.69,68.14,-0.181,-0.031,215,0
32.68,68.2,0.058,-0.01,216,0
32.69,68.24,0.044,0.011,217,0
32.7,68.34,0.1,0.004,218,0
32.73,68.43,0.089,0.034,219,0
32.75,68.42,-0.013,0.016,220,0
32.78,68.37,-0.045,0.028,221,0
32.81,68.34,-0.032,0.034,222,0
32.8,68.37,0.027,-0.008,223,0
32.77,68.25,-0.119,-0.031,224,0
32.79,68.24,-0.005,0.021,225,0
32.8,68.2,-0.04,0.007,226,0
32.75,68.09,-0.114,-0.048,227,0
32.72,67.98,-0.111,-0.028,228,0
32.72,67.88,-0.101,-0.002,229,0
32.69,67.72,-0.155,-0.032,230,0
32.7,67.73,0.012,0.015,231,0
32.69,67.56,-0.177,-0.015,232,0
32.68,67.52,-0.034,-0.014,233,0
32.66,67.39,-0.134,-0.014,234,0
32.67,67.46,0.075,0.003,235,0
32.7,67.47,0.012,0.03,236,0
32.68,67.51,0.033,-0.017,237,0
32.66,67.31,-0.195,-0.02,238,0
32.69,67.34,0.03,0.03,239,0
32.67,67.43,0.09,-0.014,240,0
32.67,67.46,0.028,-0.001,241,0
32.64,67.44,-0.016,-0.033,242,0
32.63,67.31,-0.131,-0.012,243,0
32.61,67.13,-0.188,-0.022,244,0
32.59,67.13,0.007,-0.015,245,0
32.58,66.99,-0.147,-0.009,246,0
32.59,66.83,-0.158,0.007,247,0
32.57,66.64,-0.188,-0.016,248,0
32.52,66.61,-0.027,-0.053,249,0
32.48,66.61,-0.004,-0.042,250,0
32.43,66.55,-0.058,-0.051,251,0
32.39,66.47,-0.083,-0.034,252,0
32.41,66.37,-0.098,0.021,253,0
32.43,66.29,-0.083,0.02,254,0
32.4,66.34,0.053,-0.03,255,0
32.35,66.17,-0.172,-0.054,256,0
32.39,66.13,-0.035,0.044,257,0
32.4,66.04,-0.092,0.009,258,0
32.41,66.08,0.038,0.01,259,0
32.45,66.11,0.03,0.039,260,0
32.4,65.97,-0.137,-0.053,261,0
32.36,65.82,-0.151,-0.043,262,0
32.36,65.83,0.004,0.001,263,0
32.37,65.69,-0.131,0.014,264,0
32.33,65.73,0.034,-0.039,265,0
32.35,65.71,-0.014,0.019,266,0
32.38,65.55,-0.162,0.026,267,0
32.33,65.64,0.093,-0.045,268,0
32.31,65.46,-0.189,-0.024,269,0
32.35,65.46,0.007,0.04,270,0
32.36,65.39,-0.078,0.016,271,0
32.38,65.21,-0.174,0.014,272,0
32.33,65.2,-0.008,-0.045,273,0
32.36,65.24,0.035,0.029,274,0
32.32,65.22,-0.016,-0.043,275,0
32.34,65.32,0.099,0.023,276,0
32.33,65.23,-0.092,-0.013,277,0
32.32,65.14,-0.085,-0.005,278,0
32.35,65.05,-0.094,0.029,279,0
32.31,65.1,0.05,-0.045,280,0
32.32,65.19,0.092,0.008,281,0
32.33,65.24,0.052,0.015,282,0
32.35,65.18,-0.066,0.018,283,0
32.32,65.27,0.093,-0.029,284,0
32.32,65.32,0.046,-0.002,285,0
32.31,65.26,-0.051,-0.012,286,0
32.28,65.29,0.023,-0.029,287,0
32.31,65.35,0.059,0.028,288,0
32.34,65.18,-0.171,0.033,289,0
32.33,65.05,-0.123,-0.009,290,0
32.31,65.04,-0.013,-0.018,291,0
32.34,64.85,-0.188,0.03,292,0
32.31,64.71,-0.142,-0.034,293,0
32.29,64.75,0.043,-0.022,294,0
32.3,64.82,0.068,0.015,295,0
32.25,64.71,-0.114,-0.055,296,0
32.2,64.79,0.088,-0.047,297,0
32.19,64.81,0.02,-0.007,298,0
32.21,64.84,0.031,0.014,299,0
32.2,64.84,-0.003,-0.006,300,0
32.15,64.88,0.041,-0.046,301,0
32.17,64.75,-0.13,0.014,302,0
32.17,64.65,-0.105,0.003,303,0
32.17,64.59,-0.055,-0.002,304,0
32.19,64.53,-0.069,0.019,305,0
32.2,64.43,-0.097,0.015,306,0
32.17,64.31,-0.115,-0.03,307,0
32.13,64.15,-0.16,-0.036,308,0
32.13,63.99,-0.161,-0.002,309,0
32.09,64.02,0.032,-0.037,310,0
32.09,63.89,-0.132,-0.007,311,0
32.13,63.91,0.021,0.042,312,0
32.1,63.87,-0.039,-0.027,313,0
32.07,63.71,-0.166,-0.036,314,0
32.03,63.58,-0.128,-0.038,315,0
32.03,63.39,-0.192,-0.002,316,0
32.07,63.27,-0.114,0.042,317,0
32.08,63.24,-0.03,0.014,318,0
32.11,63.08,-0.159,0.031,319,0
32.15,63.03,-0.049,0.032,320,0
32.14,63.01,-0.024,-0.009,321,0
32.1,62.95,-0.064,-0.037,322,0
32.14,62.76,-0.181,0.039,323,0
32.17,62.71,-0.053,0.027,324,0
32.12,62.64,-0.076,-0.048,325,0
32.07,62.63,-0.008,-0.05,326,0
32.07,62.48,-0.152,0.001,327,0
32.11,62.37,-0.105,0.044,328,0
32.13,62.21,-0.161,0.021,329,0
32.16,62.2,-0.015,0.024,330,0
32.15,62.07,-0.129,-0.003,331,0
32.14,62.0,-0.061,-0.011,332,0
32.19,62.07,0.062,0.043,333,0
32.19,61.96,-0.105,0.007,334,0
32.21,61.95,-0.014,0.018,335,0
32.18,62.04,0.088,-0.035,336,0
32.19,61.9,-0.133,0.011,337,0
32.15,61.75,-0.149,-0.038,338,0
32.09,61.58,-0.174,-0.055,339,0
32.1,61.52,-0.061,0.004,340,0
32.06,61.41,-0.109,-0.032,341,0
32.08,61.42,0.016,0.015,342,0
32.09,61.36,-0.06,0.013,343,0
32.12,61.44,0.081,0.023,344,0
32.13,61.44,-0.009,0.011,345,0
32.11,61.52,0.084,-0.013,346,0
32.12,61.49,-0.033,0.009,347,0
32.15,61.56,0.076,0.027,348,0
32.11,61.39,-0.175,-0.039,349,0
32.13,61.28,-0.104,0.019,350,0
32.1,61.26,-0.026,-0.027,351,0
32.12,61.1,-0.159,0.013,352,0
32.16,61.11,0.013,0.039,353,0
32.15,61.07,-0.046,-0.006,354,0
32.1,60.89,-0.172,-0.052,355,0
32.07,60.83,-0.067,-0.023,356,0
32.03,60.7,-0.121,-0.046,357,0
32.06,60.8,0.092,0.028,358,0
32.1,60.77,-0.024,0.04,359,0
32.11,60.88,0.103,0.012,360,0
32.06,60.76,-0.116,-0.052,361,0
32.05,60.79,0.03,-0.008,362,0
32.08,60.79,-0.001,0.036,363,0
32.09,60.65,-0.142,0.003,364,0
32.08,60.64,-0.006,-0.006,365,0
32.06,60.47,-0.169,-0.021,366,0
32.07,60.38,-0.097,0.011,367,0
32.05,60.44,0.061,-0.023,368,0
32.02,60.45,0.012,-0.027,369,0
32.05,60.54,0.087,0.026,370,0
32.04,60.5,-0.031,-0.01,371,0
32.01,60.4,-0.102,-0.023,372,0
32.0,60.5,0.095,-0.015,373,0
32.04,60.45,-0.042,0.043,374,0
32.04,60.45,0.001,-0.001,375,0
32.0,60.38,-0.073,-0.037,376,0
32.02,60.29,-0.088,0.02,377,0
32.04,60.29,-0.009,0.02,378,0
32.04,60.15,-0.135,-0.001,379,0
32.03,60.23,0.082,-0.012,380,0
31.99,60.24,0.013,-0.043,381,0
31.99,60.34,0.095,0.005,382,0
31.95,60.22,-0.125,-0.04,383,0
31.95,60.18,-0.031,-0.0,384,0
32.0,60.02,-0.169,0.044,385,0
31.99,60.09,0.077,-0.009,386,0
32.02,59.93,-0.161,0.028,387,0
32.03,59.88,-0.047,0.016,388,0
32.0,59.84,-0.044,-0.028,389,0
32.05,59.9,0.054,0.042,390,0
32.05,59.77,-0.123,-0.0,391,0
32.08,59.69,-0.081,0.037,392,0
32.11,59.65,-0.044,0.032,393,0
32.09,59.71,0.063,-0.028,394,0
32.07,59.75,0.041,-0.014,395,0
32.07,59.83,0.084,-0.005,396,0
32.04,59.88,0.05,-0.027,397,0
32.04,59.78,-0.107,0.003,398,0
32.04,59.88,0.103,-0.007,399,0
32.04,59.73,-0.152,-0.002,400,0
32.04,59.63,-0.093,-0.0,401,0
32.03,59.6,-0.033,-0.01,402,0
31.99,59.5,-0.1,-0.037,403,0
31.99,59.51,0.013,0.002,404,0
32.01,59.39,-0.126,0.022,405,0
32.03,59.2,-0.183,0.019,406,0
32.06,59.22,0.015,0.026,407,0
32.07,59.14,-0.081,0.011,408,0
32.11,59.19,0.05,0.043,409,0
32.06,59.14,-0.048,-0.052,410,0
32.06,59.09,-0.046,0.003,411,0
32.09,59.16,0.064,0.032,412,0
32.09,59.09,-0.064,-0.003,413,0
32.11,59.03,-0.059,0.017,414,0
32.12,58.96,-0.074,0.01,415,0
32.11,58.81,-0.15,-0.009,416,0
32.09,58.91,0.094,-0.022,417,0
32.1,58.92,0.011,0.009,418,0
32.13,58.98,0.059,0.03,419,0
32.11,59.04,0.061,-0.018,420,0
32.13,58.94,-0.102,0.016,421,0
32.16,58.97,0.031,0.032,422,0
32.11,58.78,-0.186,-0.049,423,0
32.14,58.77,-0.007,0.037,424,0
32.16,58.88,0.103,0.019,425,0
32.12,58.81,-0.066,-0.046,426,0
32.15,58.8,-0.006,0.032,427,0
32.16,58.74,-0.063,0.014,428,0
32.11,58.81,0.075,-0.051,429,0
32.09,58.86,0.042,-0.026,430,0
32.05,58.77,-0.084,-0.041,431,0
32.05,58.74,-0.037,0.001,432,0
32.01,58.78,0.041,-0.039,433,0
32.04,58.6,-0.173,0.032,434,0
32.01,58.59,-0.011,-0.031,435,0
31.97,58.67,0.077,-0.041,436,0
31.94,58.61,-0.058,-0.03,437,0
31.88,58.49,-0.12,-0.055,438,0
31.92,58.54,0.045,0.035,439,0
31.88,58.54,0.007,-0.04,440,0
31.86,58.48,-0.064,-0.021,441,0
31.86,58.46,-0.02,0.008,442,0
31.83,58.39,-0.069,-0.031,443,0
31.8,58.45,0.057,-0.036,444,0
31.79,58.37,-0.081,-0.007,445,0
31.79,58.24,-0.125,0.002,446,0
31.84,58.22,-0.024,0.044,447,0
31.88,58.11,-0.108,0.042,448,0
31.85,58.11,0.001,-0.028,449,0
31.86,58.08,-0.027,0.013,450,0
31.81,58.11,0.027,-0.051,451,0
31.81,58.1,-0.015,-0.006,452,0
31.78,58.17,0.075,-0.027,453,0
31.79,58.21,0.043,0.005,454,0
31.79,58.12,-0.091,0.008,455,0
31.81,58.11,-0.01,0.012,456,0
31.82,58.13,0.02,0.01,457,0
31.82,58.19,0.055,0.007,458,0
31.83,58.26,0.075,0.009,459,0
31.82,58.16,-0.104,-0.011,460,0
31.84,58.14,-0.023,0.018,461,0
31.81,57.97,-0.169,-0.026,462,0
31.78,57.99,0.028,-0.038,463,0
31.77,57.84,-0.157,-0.002,464,0
31.77,57.93,0.095,-0.002,465,0
31.8,58.01,0.078,0.028,466,0
31.83,57.89,-0.119,0.027,467,0
31.85,57.84,-0.052,0.025,468,0
31.83,57.87,0.027,-0.022,469,0
31.87,57.7,-0.162,0.041,470,0
31.91,57.55,-0.154,0.041,471,0
31.93,57.61,0.062,0.017,472,0
31.97,57.71,0.097,0.041,473,0
31.95,57.75,0.045,-0.019,474,0
31.9,57.79,0.041,-0.054,475,0
31.89,57.76,-0.036,-0.01,476,0
31.9,57.76,0.005,0.012,477,0
31.92,57.74,-0.021,0.027,478,0
31.88,57.83,0.086,-0.045,479,0
31.83,57.7,-0.126,-0.053,480,0
31.83,57.77,0.069,0.001,481,0
31.79,57.85,0.078,-0.033,482,0
31.82,57.67,-0.178,0.027,483,0
31.8,57.75,0.076,-0.025,484,0
31.75,57.67,-0.074,-0.042,485,0
31.73,57.76,0.087,-0.025,486,0
31.68,57.71,-0.049,-0.046,487,0
31.64,57.78,0.07,-0.042,488,0
31.65,57.72,-0.06,0.012,489,0
31.69,57.75,0.026,0.039,490,0
31.71,57.68,-0.071,0.019,491,0
31.7,57.53,-0.15,-0.014,492,0
31.69,57.36,-0.167,-0.007,493,0
31.73,57.29,-0.074,0.04,494,0
31.71,57.1,-0.187,-0.018,495,0
31.75,57.04,-0.063,0.04,496,0
31.7,57.1,0.06,-0.046,497,0
31.7,57.11,0.009,-0.001,498,0
31.68,57.2,0.097,-0.02,499,0
31.65,57.13,-0.077,-0.037,500,0
31.68,56.97,-0.16,0.029,501,0
31.69,56.91,-0.06,0.011,502,0
31.69,56.9,-0.004,0.004,503,0
31.71,56.71,-0.19,0.023,504,0
31.67,56.59,-0.123,-0.043,505,0
31.62,56.56,-0.027,-0.049,506,0
31.59,56.59,0.033,-0.035,507,0
31.62,56.46,-0.132,0.031,508,0
31.58,56.36,-0.098,-0.041,509,0
31.52,56.44,0.074,-0.055,510,0
31.48,56.5,0.061,-0.041,511,0
31.45,56.34,-0.158,-0.03,512,0
31.46,56.2,-0.144,0.011,513,0
31.41,56.01,-0.189,-0.054,514,0
31.38,56.05,0.04,-0.032,515,0
31.34,55.95,-0.099,-0.038,516,0
31.36,55.77,-0.181,0.019,517,0
31.38,55.73,-0.039,0.019,518,0
31.4,55.68,-0.054,0.022,519,0
31.35,55.63,-0.043,-0.045,520,0
31.39,55.59,-0.045,0.039,521,0
31.42,55.41,-0.183,0.023,522,0
31.41,55.47,0.064,-0.003,523,0
31.45,55.41,-0.059,0.041,524,0
31.45,55.23,-0.178,-0.008,525,0
31.46,55.16,-0.076,0.013,526,0
31.49,55.11,-0.049,0.035,527,0
31.45,54.93,-0.174,-0.047,528,0
31.4,54.92,-0.014,-0.049,529,0
31.41,54.8,-0.114,0.008,530,0
31.38,54.77,-0.032,-0.023,531,0
31.38,54.87,0.102,-0.002,532,0
31.38,54.81,-0.06,0.005,533,0
31.4,54.65,-0.167,0.015,534,0
31.41,54.71,0.059,0.01,535,0
31.43,54.74,0.034,0.017,536,0
31.42,54.61,-0.132,-0.01,537,0
31.39,54.48,-0.128,-0.022,538,0
31.38,54.42,-0.06,-0.014,539,0
31.37,54.25,-0.168,-0.013,540,0
31.35,54.25,0.003,-0.018,541,0
31.39,54.1,-0.151,0.037,542,0
31.41,53.93,-0.176,0.028,543,0
31.37,53.76,-0.169,-0.046,544,0
31.39,53.78,0.025,0.026,545,0
31.4,53.75,-0.03,0.003,546,0
31.37,53.73,-0.028,-0.023,547,0
31.35,53.57,-0.16,-0.02,548,0
31.37,53.57,0.003,0.019,549,0
31.39,53.63,0.064,0.017,550,0
31.39,53.73,0.094,0.005,551,0
31.4,53.64,-0.091,0.002,552,0
31.41,53.5,-0.133,0.01,553,0
31.36,53.38,-0.129,-0.045,554,0
31.34,53.43,0.057,-0.019,555,0
31.34,53.46,0.032,0.002,556,0
31.37,53.51,0.046,0.029,557,0
31.4,53.61,0.096,0.026,558,0
31.41,53.59,-0.012,0.009,559,0
31.45,53.4,-0.189,0.037,560,0
31.42,53.46,0.052,-0.029,561,0
31.43,53.31,-0.142,0.015,562,0
31.41,53.21,-0.104,-0.022,563,0
31.44,53.02,-0.195,0.031,564,0
31.43,52.99,-0.027,-0.015,565,0
31.43,52.84,-0.154,0.008,566,0
31.45,52.65,-0.187,0.019,567,0
31.44,52.52,-0.132,-0.014,568,0
31.42,52.42,-0.094,-0.019,569,0
31.44,52.44,0.02,0.022,570,0
31.4,52.42,-0.026,-0.047,571,0
31.36,52.24,-0.181,-0.04,572,0
31.37,52.22,-0.011,0.012,573,0
31.38,52.11,-0.115,0.011,574,0
31.37,52.06,-0.051,-0.011,575,0
31.39,51.94,-0.115,0.02,576,0
31.37,51.78,-0.162,-0.013,577,0
31.39,51.67,-0.112,0.012,578,0
31.4,51.62,-0.051,0.011,579,0
31.38,51.44,-0.183,-0.016,580,0
31.33,51.42,-0.017,-0.055,581,0
31.29,51.31,-0.106,-0.034,582,0
31.26,51.16,-0.155,-0.03,583,0
31.21,51.06,-0.098,-0.055,584,0
31.17,51.09,0.028,-0.038,585,0
31.19,51.01,-0.082,0.015,586,0
31.21,50.96,-0.046,0.028,587,0
31.16,51.0,0.045,-0.048,588,0
31.11,51.07,0.062,-0.051,589,0
31.15,50.88,-0.191,0.037,590,0
31.15,50.94,0.062,0.002,591,0
31.17,50.91,-0.024,0.015,592,0
31.12,50.84,-0.071,-0.044,593,0
31.1,50.65,-0.19,-0.023,594,0
31.11,50.7,0.044,0.006,595,0
31.14,50.75,0.053,0.036,596,0
31.17,50.58,-0.17,0.029,597,0
31.18,50.46,-0.124,0.003,598,0
31.16,50.42,-0.039,-0.016,599,0
31.86,81.91,-0.166,-0.006,0,0
31.83,81.98,0.072,-0.022,1,0
31.86,82.0,0.018,0.025,2,0
31.83,82.04,0.045,-0.033,3,0
31.79,81.89,-0.156,-0.037,4,0
31.81,81.87,-0.019,0.019,5,0
31.77,81.86,-0.003,-0.039,6,0
31.76,81.9,0.032,-0.007,7,0
31.78,81.92,0.026,0.019,8,0
31.82,81.86,-0.065,0.036,9,0
31.82,81.83,-0.031,0.007,10,0
31.85,81.81,-0.013,0.03,11,0
31.81,81.8,-0.012,-0.042,12,0
31.8,81.62,-0.179,-0.012,13,0
31.77,81.51,-0.109,-0.029,14,0
31.77,81.33,-0.183,-0.006,15,0
31.75,81.22,-0.107,-0.011,16,0
31.78,81.04,-0.183,0.027,17,0
31.81,80.86,-0.177,0.03,18,0
31.82,80.92,0.057,0.005,19,0
31.81,80.87,-0.048,-0.01,20,0
31.83,80.84,-0.034,0.023,21,0
31.82,80.91,0.069,-0.012,22,0
31.82,80.95,0.043,0.009,23,0
31.82,80.85,-0.104,-0.009,24,0
31.76,80.69,-0.155,-0.05,25,0
31.8,80.52,-0.169,0.033,26,0
31.81,80.43,-0.097,0.015,27,0
31.77,80.38,-0.049,-0.039,28,0
31.76,80.25,-0.126,-0.013,29,0
31.76,80.18,-0.068,-0.004,30,0
31.74,80.03,-0.152,-0.019,31,0
31.72,79.92,-0.115,-0.016,32,0
31.72,79.82,-0.098,0.003,33,0
31.73,79.85,0.037,0.008,34,0
31.69,79.67,-0.18,-0.047,35,0
31.66,79.68,0.004,-0.028,36,0
31.67,79.7,0.017,0.009,37,0
31.7,79.77,0.072,0.031,38,0
31.7,79.67,-0.1,0.002,39,0
31.68,79.51,-0.158,-0.022,40,0
31.69,79.6,0.09,0.013,41,0
31.69,79.52,-0.082,0.003,42,0
31.67,79.6,0.081,-0.026,43,0
31.69,79.51,-0.087,0.023,44,0
31.7,79.56,0.044,0.01,45,0
31.72,79.6,0.049,0.017,46,0
31.71,79.61,0.006,-0.004,47,0
31.7,79.6,-0.006,-0.014,48,0
31.68,79.51,-0.091,-0.02,49,0
31.64,79.37,-0.146,-0.035,50,0
31.64,79.45,0.084,-0.008,51,0
31.59,79.32,-0.132,-0.043,52,0
31.62,79.14,-0.177,0.028,53,0
31.64,78.97,-0.17,0.02,54,0
31.67,79.02,0.051,0.032,55,0
31.65,78.83,-0.189,-0.023,56,0
31.61,78.86,0.03,-0.044,57,0
31.57,78.78,-0.087,-0.04,58,0
31.59,78.83,0.049,0.02,59,0
31.55,78.87,0.043,-0.04,60,0
31.53,78.8,-0.069,-0.016,61,0
31.5,78.8,0.003,-0.033,62,0
31.47,78.74,-0.067,-0.028,63,0
31.46,78.76,0.025,-0.012,64,0
31.43,78.72,-0.04,-0.026,65,0
31.42,78.76,0.043,-0.01,66,0
31.4,78.81,0.051,-0.02,67,0
31.44,78.9,0.084,0.042,68,0
31.42,78.84,-0.061,-0.028,69,0
31.41,78.75,-0.085,-0.004,70,0
31.44,78.84,0.09,0.025,71,0
31.39,78.88,0.04,-0.043,72,0
31.4,78.76,-0.125,0.007,73,0
31.4,78.82,0.062,-0.001,74,0
31.43,78.65,-0.169,0.028,75,0
31.4,78.71,0.055,-0.028,76,0
31.37,78.73,0.029,-0.029,77,0
31.33,78.81,0.072,-0.042,78,0
31.37,78.74,-0.069,0.038,79,0
31.36,78.6,-0.133,-0.012,80,0
31.3,78.51,-0.095,-0.054,81,0
31.3,78.33,-0.184,-0.006,82,0
31.34,78.2,-0.129,0.043,83,0
31.28,78.11,-0.088,-0.054,84,0
31.31,78.19,0.079,0.027,85,0
31.33,78.18,-0.005,0.023,86,0
31.31,78.02,-0.159,-0.028,87,0
31.32,78.07,0.049,0.013,88,0
31.33,77.91,-0.158,0.014,89,0
31.28,77.85,-0.065,-0.056,90,0
31.25,77.67,-0.176,-0.031,91,0
31.24,77.72,0.051,-0.002,92,0
31.24,77.74,0.018,-0.004,93,0
31.21,77.58,-0.167,-0.028,94,0
31.16,77.47,-0.11,-0.052,95,0
31.18,77.39,-0.074,0.023,96,0
31.14,77.33,-0.063,-0.046,97,0
31.14,77.4,0.072,0.003,98,0
31.14,77.21,-0.195,-0.005,99,0
31.09,77.08,-0.127,-0.042,100,0
31.1,77.01,-0.071,0.005,101,0
31.08,76.88,-0.128,-0.015,102,0
31.03,76.88,-0.001,-0.048,103,0
30.99,76.97,0.092,-0.05,104,0
30.98,76.93,-0.042,-0.006,105,0
30.98,77.02,0.097,-0.001,106,0
30.97,76.94,-0.083,-0.01,107,0
31.01,76.93,-0.009,0.041,108,0
30.95,76.81,-0.124,-0.055,109,0
30.93,76.85,0.037,-0.022,110,0
30.94,76.87,0.02,0.006,111,0
30.96,76.9,0.031,0.017,112,0
30.9,76.8,-0.1,-0.052,113,0
30.93,76.76,-0.036,0.025,114,0
30.95,76.61,-0.147,0.021,115,0
30.96,76.55,-0.061,0.013,116,0
30.99,76.54,-0.01,0.025,117,0
31.01,76.36,-0.181,0.021,118,0
30.98,76.3,-0.063,-0.027,119,0
30.94,76.11,-0.187,-0.037,120,0
30.98,75.92,-0.187,0.037,121,0
31.02,75.88,-0.045,0.042,122,0
30.99,75.84,-0.037,-0.031,123,0
30.95,75.87,0.026,-0.038,124,0
30.98,75.77,-0.093,0.021,125,0
30.95,75.83,0.06,-0.023,126,0
30.93,75.67,-0.163,-0.02,127,0
30.95,75.74,0.067,0.018,128,0
30.93,75.81,0.068,-0.018,129,0
30.92,75.9,0.092,-0.007,130,0
30.96,75.85,-0.051,0.036,131,0
30.98,75.8,-0.044,0.023,132,0
30.94,75.82,0.018,-0.049,133,0
30.96,75.8,-0.019,0.026,134,0
30.94,75.77,-0.036,-0.025,135,0
30.95,75.59,-0.176,0.009,136,0
30.95,75.48,-0.108,0.004,137,0
30.96,75.41,-0.072,0.012,138,0
30.91,75.32,-0.095,-0.052,139,0
30.89,75.38,0.061,-0.021,140,0
30.86,75.48,0.099,-0.029,141,0
30.9,75.57,0.094,0.038,142,0
30.9,75.39,-0.177,0.007,143,0
30.93,75.3,-0.091,0.023,144,0
30.97,75.31,0.004,0.039,145,0
30.97,75.15,-0.157,0.004,146,0
30.92,75.18,0.034,-0.053,147,0
30.94,75.0,-0.18,0.021,148,0
30.92,74.91,-0.09,-0.018,149,0
30.92,74.88,-0.03,0.004,150,0
30.96,74.89,0.004,0.038,151,0
30.98,74.8,-0.088,0.02,152,0
30.98,74.77,-0.028,-0.004,153,0
30.99,74.69,-0.081,0.008,154,0
30.94,74.57,-0.125,-0.045,155,0
30.93,74.59,0.021,-0.007,156,0
30.93,74.5,-0.084,-0.0,157,0
30.9,74.38,-0.121,-0.031,158,0
30.95,74.31,-0.066,0.043,159,0
30.98,74.2,-0.114,0.035,160,0
30.94,74.15,-0.053,-0.044,161,0
30.93,74.2,0.056,-0.011,162,0
30.91,74.27,0.07,-0.012,163,0
30.93,74.1,-0.174,0.012,164,0
30.9,74.15,0.054,-0.025,165,0
30.85,74.06,-0.096,-0.05,166,0
30.88,74.02,-0.037,0.032,167,0
30.9,74.08,0.055,0.015,168,0
30.9,74.15,0.078,0.007,169,0
30.9,74.19,0.038,-0.006,170,0
30.86,74.03,-0.164,-0.037,171,0
30.88,73.87,-0.158,0.022,172,0
30.88,73.68,-0.192,-0.001,173,0
30.91,73.59,-0.089,0.024,174,0
30.91,73.55,-0.034,0.005,175,0
30.89,73.38,-0.174,-0.026,176,0
30.9,73.48,0.1,0.015,177,0
30.92,73.44,-0.042,0.02,178,0
30.87,73.48,0.047,-0.049,179,0
30.88,73.58,0.092,0.008,180,0
30.89,73.51,-0.065,0.011,181,0
30.92,73.41,-0.097,0.031,182,0
30.93,73.45,0.034,0.007,183,0
30.97,73.3,-0.145,0.04,184,0
31.0,73.23,-0.07,0.034,185,0
30.96,73.05,-0.183,-0.044,186,0
30.92,72.9,-0.154,-0.04,187,0
30.93,72.79,-0.103,0.014,188,0
30.97,72.7,-0.096,0.037,189,0
31.0,72.76,0.068,0.028,190,0
31.01,72.64,-0.125,0.007,191,0
30.96,72.61,-0.035,-0.044,192,0
30.96,72.5,-0.109,-0.003,193,0
30.92,72.45,-0.049,-0.04,194,0
30.88,72.53,0.082,-0.041,195,0
30.89,72.53,-0.002,0.015,196,0
30.92,72.51,-0.018,0.028,197,0
30.95,72.48,-0.031,0.026,198,0
30.89,72.29,-0.191,-0.052,199,0
30.9,72.28,-0.008,0.001,200,0
30.92,72.27,-0.005,0.02,201,0
30.92,72.2,-0.075,0.007,202,0
30.93,72.15,-0.051,0.006,203,0
30.97,72.04,-0.113,0.039,204,0
30.99,71.98,-0.055,0.024,205,0
30.97,71.99,0.006,-0.027,206,0
30.91,71.81,-0.178,-0.051,207,0
30.91,71.74,-0.068,-0.008,208,0
30.91,71.6,-0.139,0.004,209,0
30.93,71.49,-0.106,0.015,210,0
30.95,71.51,0.02,0.029,211,0
30.91,71.61,0.093,-0.044,212,0
30.91,71.52,-0.089,-0.0,213,0
30.9,71.41,-0.104,-0.01,214,0
30.87,71.29,-0.12,-0.032,215,0
30.84,71.12,-0.171,-0.028,216,0
30.85,71.04,-0.085,0.005,217,0
30.88,70.91,-0.126,0.03,218,0
30.85,70.76,-0.152,-0.024,219,0
30.83,70.73,-0.027,-0.025,220,0
30.82,70.76,0.029,-0.007,221,0
30.81,70.72,-0.046,-0.007,222,0
30.76,70.61,-0.107,-0.054,223,0
30.75,70.69,0.084,-0.006,224,0
30.72,70.78,0.09,-0.035,225,0
30.67,70.69,-0.094,-0.052,226,0
30.7,70.64,-0.052,0.032,227,0
30.69,70.63,-0.004,-0.01,228,0
30.72,70.6,-0.039,0.028,229,0
30.75,70.53,-0.071,0.032,230,0
30.77,70.54,0.018,0.02,231,0
30.75,70.45,-0.09,-0.017,232,0
30.71,70.42,-0.029,-0.037,233,0
30.66,70.39,-0.034,-0.049,234,0
30.68,70.34,-0.049,0.02,235,0
30.73,70.23,-0.116,0.042,236,0
30.68,70.23,0.004,-0.045,237,0
30.66,70.32,0.093,-0.017,238,0
30.64,70.36,0.038,-0.023,239,0
30.66,70.44,0.082,0.019,240,0
30.66,70.3,-0.14,-0.006,241,0
30.6,70.25,-0.05,-0.052,242,0
30.58,70.09,-0.159,-0.023,243,0
30.57,70.04,-0.058,-0.011,244,0
30.56,70.02,-0.018,-0.005,245,0
30.57,69.92,-0.102,0.005,246,0
30.61,69.76,-0.151,0.042,247,0
30.58,69.79,0.022,-0.027,248,0
30.61,69.69,-0.099,0.026,249,0
30.62,69.65,-0.04,0.014,250,0
30.65,69.54,-0.11,0.025,251,0
30.66,69.45,-0.089,0.011,252,0
30.66,69.54,0.094,0.002,253,0
30.68,69.58,0.039,0.016,254,0
30.62,69.59,0.006,-0.054,255,0
30.66,69.53,-0.058,0.04,256,0
30.68,69.56,0.035,0.021,257,0
30.7,69.54,-0.027,0.016,258,0
30.66,69.51,-0.025,-0.04,259,0
30.67,69.5,-0.011,0.005,260,0
30.62,69.55,0.052,-0.042,261,0
30.57,69.56,0.004,-0.053,262,0
30.53,69.64,0.084,-0.046,263,0
30.5,69.45,-0.194,-0.025,264,0
30.51,69.29,-0.155,0.012,265,0
30.53,69.22,-0.077,0.021,266,0
30.56,69.29,0.076,0.031,267,0
30.51,69.31,0.021,-0.05,268,0
30.48,69.16,-0.159,-0.036,269,0
30.49,69.05,-0.102,0.01,270,0
30.46,69.01,-0.042,-0.025,271,0
30.5,68.86,-0.148,0.035,272,0
30.48,68.76,-0.097,-0.021,273,0
30.49,68.8,0.032,0.015,274,0
30.5,68.79,-0.007,0.013,275,0
30.47,68.77,-0.017,-0.037,276,0
30.47,68.65,-0.126,-0.001,277,0
30.51,68.51,-0.133,0.041,278,0
30.48,68.4,-0.111,-0.028,279,0
30.49,68.27,-0.138,0.014,280,0
30.47,68.16,-0.105,-0.022,281,0
30.49,68.24,0.08,0.023,282,0
30.45,68.12,-0.118,-0.044,283,0
30.43,68.13,0.003,-0.019,284,0
30.46,68.22,0.094,0.025,285,0
30.48,68.31,0.086,0.024,286,0
30.45,68.19,-0.113,-0.028,287,0
30.43,68.21,0.014,-0.022,288,0
30.4,68.14,-0.067,-0.031,289,0
30.36,68.08,-0.056,-0.036,290,0
30.4,68.05,-0.038,0.037,291,0
30.36,68.05,0.009,-0.043,292,0
30.36,68.04,-0.015,0.002,293,0
30.37,67.91,-0.127,0.01,294,0
30.37,67.87,-0.041,0.007,295,0
30.36,67.69,-0.184,-0.015,296,0
30.31,67.7,0.015,-0.047,297,0
30.26,67.73,0.031,-0.056,298,0
30.29,67.7,-0.035,0.036,299,0
30.33,67.62,-0.078,0.037,300,0
30.32,67.68,0.064,-0.009,301,0
30.36,67.54,-0.14,0.04,302,0
30.37,67.44,-0.104,0.008,303,0
30.32,67.51,0.072,-0.048,304,0
30.32,67.49,-0.028,-0.003,305,0
30.36,67.5,0.017,0.037,306,0
30.32,67.58,0.074,-0.039,307,0
30.28,67.64,0.065,-0.039,308,0
30.32,67.72,0.076,0.043,309,0
30.31,67.64,-0.081,-0.007,310,0
30.35,67.72,0.081,0.04,311,0
30.38,67.79,0.078,0.031,312,0
30.38,67.6,-0.197,0.0,313,0
30.43,67.43,-0.168,0.042,314,0
30.47,67.32,-0.115,0.042,315,0
30.46,67.28,-0.037,-0.007,316,0
30.49,67.36,0.082,0.028,317,0
30.45,67.3,-0.06,-0.037,318,0
30.41,67.13,-0.166,-0.04,319,0
30.38,67.07,-0.062,-0.031,320,0
30.4,66.93,-0.144,0.017,321,0
30.4,66.96,0.037,0.0,322,0
30.36,66.99,0.027,-0.039,323,0
30.39,67.05,0.057,0.033,324,0
30.39,67.1,0.048,-0.005,325,0
30.4,66.92,-0.174,0.01,326,0
30.35,66.78,-0.145,-0.043,327,0
30.32,66.68,-0.103,-0.032,328,0
30.29,66.55,-0.122,-0.033,329,0
30.33,66.58,0.026,0.039,330,0
30.34,66.47,-0.109,0.016,331,0
30.35,66.27,-0.197,0.009,332,0
30.3,66.28,0.008,-0.05,333,0
30.28,66.12,-0.165,-0.026,334,0
30.27,66.04,-0.078,-0.006,335,0
30.28,66.11,0.069,0.014,336,0
30.24,66.0,-0.107,-0.045,337,0
30.21,66.08,0.075,-0.027,338,0
30.18,66.06,-0.016,-0.035,339,0
30.14,65.9,-0.16,-0.041,340,0
30.14,65.92,0.024,0.004,341,0
30.14,65.85,-0.075,-0.002,342,0
30.13,65.79,-0.059,-0.003,343,0
30.1,65.79,-0.001,-0.035,344,0
30.12,65.66,-0.126,0.019,345,0
30.07,65.73,0.062,-0.048,346,0
30.08,65.66,-0.066,0.014,347,0
30.08,65.48,-0.177,-0.0,348,0
30.08,65.3,-0.181,-0.002,349,0
30.08,65.25,-0.048,0.001,350,0
30.06,65.1,-0.155,-0.024,351,0
30.01,65.05,-0.044,-0.045,352,0
30.02,64.92,-0.138,0.002,353,0
30.01,64.74,-0.173,-0.006,354,0
30.0,64.79,0.043,-0.011,355,0
29.99,64.74,-0.046,-0.011,356,0
29.98,64.56,-0.183,-0.01,357,0
29.99,64.6,0.042,0.016,358,0
30.02,64.52,-0.081,0.025,359,0
30.02,64.54,0.024,0.001,360,0
30.0,64.36,-0.186,-0.022,361,0
30.04,64.18,-0.181,0.043,362,0
29.99,64.26,0.08,-0.05,363,0
29.94,64.34,0.08,-0.053,364,0
29.96,64.26,-0.077,0.02,365,0
30.0,64.29,0.03,0.041,366,0
29.98,64.28,-0.006,-0.015,367,0
29.96,64.38,0.098,-0.018,368,0
30.0,64.44,0.061,0.034,369,0
30.01,64.35,-0.087,0.012,370,0
30.01,64.35,-0.001,-0.003,371,0
29.99,64.35,-0.004,-0.022,372,0
29.98,64.2,-0.146,-0.003,373,0
30.0,64.16,-0.041,0.016,374,0
29.94,64.03,-0.133,-0.056,375,0
29.92,63.83,-0.193,-0.027,376,0
29.91,63.84,0.002,-0.002,377,0
29.94,63.8,-0.04,0.026,378,0
29.92,63.67,-0.126,-0.022,379,0
29.95,63.55,-0.117,0.037,380,0
29.91,63.57,0.018,-0.045,381,0
29.89,63.61,0.043,-0.015,382,0
29.93,63.64,0.03,0.032,383,0
29.89,63.45,-0.195,-0.036,384,0
29.84,63.28,-0.17,-0.053,385,0
29.85,63.26,-0.021,0.014,386,0
29.87,63.07,-0.185,0.017,387,0
29.83,62.99,-0.079,-0.033,388,0
29.86,62.86,-0.135,0.03,389,0
29.86,62.67,-0.183,-0.006,390,0
29.88,62.56,-0.113,0.025,391,0
29.86,62.58,0.019,-0.025,392,0
29.87,62.56,-0.021,0.011,393,0
29.84,62.46,-0.104,-0.026,394,0
29.85,62.3,-0.157,0.009,395,0
29.83,62.17,-0.134,-0.027,396,0
29.86,61.98,-0.182,0.038,397,0
29.9,62.05,0.064,0.035,398,0
29.88,62.04,-0.012,-0.014,399,0
29.92,61.98,-0.051,0.041,400,0
29.94,62.07,0.082,0.01,401,0
29.91,62.1,0.036,-0.025,402,0
29.87,62.03,-0.075,-0.042,403,0
29.89,61.94,-0.087,0.019,404,0
29.92,61.88,-0.058,0.028,405,0
29.93,61.77,-0.11,0.014,406,0
29.96,61.81,0.042,0.035,407,0
30.0,61.78,-0.031,0.04,408,0
29.96,61.75,-0.033,-0.043,409,0
29.93,61.62,-0.127,-0.036,410,0
29.96,61.62,-0.006,0.036,411,0
29.91,61.67,0.054,-0.047,412,0
29.88,61.69,0.017,-0.038,413,0
29.89,61.57,-0.119,0.011,414,0
29.92,61.55,-0.019,0.031,415,0
29.94,61.41,-0.144,0.02,416,0
29.94,61.42,0.017,-0.001,417,0
29.97,61.37,-0.056,0.03,418,0
30.01,61.27,-0.1,0.039,419,0
30.04,61.07,-0.195,0.037,420,0
30.0,61.16,0.089,-0.045,421,0
29.99,61.26,0.1,-0.009,422,0
29.99,61.13,-0.127,0.004,423,0
30.03,61.0,-0.139,0.035,424,0
30.05,60.96,-0.034,0.021,425,0
30.05,60.88,-0.086,-0.003,426,0
30.01,60.78,-0.092,-0.03,427,0
30.01,60.74,-0.046,-0.007,428,0
30.05,60.57,-0.17,0.041,429,0
30.08,60.51,-0.059,0.027,430,0
30.06,60.58,0.074,-0.02,431,0
30.06,60.51,-0.076,-0.0,432,0
30.01,60.37,-0.134,-0.042,433,0
30.05,60.25,-0.122,0.037,434,0
30.04,60.22,-0.026,-0.015,435,0
30.01,60.07,-0.154,-0.024,436,0
30.04,59.98,-0.086,0.027,437,0
30.05,59.93,-0.05,0.009,438,0
30.02,59.94,0.005,-0.031,439,0
30.06,59.99,0.046,0.04,440,0
30.05,59.98,-0.007,-0.008,441,0
30.07,59.83,-0.15,0.023,442,0
30.09,59.68,-0.149,0.015,443,0
30.12,59.63,-0.053,0.035,444,0
30.13,59.59,-0.037,0.008,445,0
30.08,59.41,-0.182,-0.053,446,0
30.12,59.46,0.054,0.038,447,0
30.14,59.46,0.0,0.02,448,0
30.16,59.38,-0.076,0.028,449,0
30.18,59.25,-0.131,0.014,450,0
30.17,59.06,-0.197,-0.006,451,0
30.18,58.97,-0.088,0.005,452,0
30.18,58.97,0.0,0.005,453,0
30.17,58.91,-0.055,-0.008,454,0
30.17,58.72,-0.198,-0.001,455,0
30.17,58.52,-0.196,-0.004,456,0
30.21,58.4,-0.118,0.041,457,0
30.23,58.21,-0.195,0.025,458,0
30.26,58.21,0.002,0.024,459,0
30.21,58.28,0.073,-0.046,460,0
30.17,58.11,-0.171,-0.042,461,0
30.17,57.97,-0.142,-0.004,462,0
30.14,58.01,0.045,-0.03,463,0
30.12,57.93,-0.081,-0.019,464,0
30.12,57.85,-0.078,-0.0,465,0
30.08,57.95,0.097,-0.034,466,0
30.11,57.96,0.005,0.028,467,0
30.14,57.95,-0.004,0.029,468,0
30.09,57.98,0.028,-0.047,469,0
30.09,57.89,-0.086,-0.001,470,0
30.04,57.71,-0.183,-0.056,471,0
30.03,57.56,-0.149,-0.007,472,0
30.05,57.49,-0.07,0.022,473,0
30.08,57.46,-0.03,0.029,474,0
30.08,57.29,-0.171,-0.004,475,0
30.04,57.1,-0.187,-0.035,476,0
30.07,57.16,0.06,0.032,477,0
30.02,57.11,-0.057,-0.052,478,0
30.06,56.93,-0.178,0.036,479,0
30.06,57.0,0.07,-0.0,480,0
30.09,56.81,-0.19,0.036,481,0
30.13,56.7,-0.106,0.04,482,0
30.15,56.68,-0.024,0.019,483,0
30.13,56.69,0.014,-0.017,484,0
30.09,56.52,-0.177,-0.04,485,0
30.12,56.39,-0.128,0.027,486,0
30.15,56.31,-0.083,0.033,487,0
30.17,56.2,-0.1,0.019,488,0
30.21,56.05,-0.158,0.042,489,0
30.21,56.06,0.017,-0.007,490,0
30.16,56.16,0.092,-0.051,491,0
30.18,56.09,-0.069,0.027,492,0
30.2,55.99,-0.098,0.02,493,0
30.19,56.08,0.086,-0.017,494,0
30.13,56.11,0.032,-0.054,495,0
30.18,55.99,-0.118,0.043,496,0
30.16,55.94,-0.053,-0.021,497,0
30.14,56.02,0.082,-0.013,498,0
30.15,56.02,0.004,0.009,499,0
30.16,55.85,-0.174,0.005,500,0
30.17,55.89,0.039,0.015,501,0
30.13,55.71,-0.175,-0.041,502,0
30.14,55.73,0.014,0.007,503,0
30.11,55.75,0.022,-0.025,504,0
30.06,55.58,-0.168,-0.056,505,0
30.04,55.47,-0.108,-0.021,506,0
29.99,55.35,-0.119,-0.043,507,0
29.98,55.21,-0.144,-0.012,508,0
29.96,55.18,-0.034,-0.016,509,0
29.94,54.98,-0.192,-0.021,510,0
29.95,54.81,-0.172,0.003,511,0
29.93,54.71,-0.103,-0.018,512,0
29.91,54.6,-0.112,-0.018,513,0
29.94,54.42,-0.175,0.033,514,0
29.98,54.49,0.072,0.041,515,0
29.94,54.47,-0.028,-0.04,516,0
29.9,54.38,-0.086,-0.043,517,0
29.89,54.27,-0.11,-0.007,518,0
29.88,54.09,-0.181,-0.013,519,0
29.87,54.02,-0.074,-0.008,520,0
29.84,53.84,-0.177,-0.031,521,0
29.85,53.71,-0.126,0.006,522,0
29.81,53.69,-0.022,-0.037,523,0
29.78,53.52,-0.168,-0.026,524,0
29.76,53.61,0.085,-0.023,525,0
29.79,53.59,-0.014,0.024,526,0
29.76,53.49,-0.101,-0.023,527,0
29.79,53.54,0.045,0.029,528,0
29.75,53.63,0.092,-0.043,529,0
29.79,53.53,-0.104,0.038,530,0
29.76,53.39,-0.14,-0.025,531,0
29.8,53.48,0.089,0.04,532,0
29.81,53.36,-0.113,0.013,533,0
29.82,53.31,-0.053,0.001,534,0
29.8,53.18,-0.127,-0.019,535,0
29.78,53.23,0.045,-0.017,536,0
29.78,53.06,-0.166,-0.0,537,0
29.78,53.04,-0.022,-0.002,538,0
29.77,53.04,0.005,-0.002,539,0
29.76,53.13,0.086,-0.01,540,0
29.75,53.14,0.013,-0.013,541,0
29.76,53.03,-0.113,0.013,542,0
29.79,53.08,0.046,0.023,543,0
29.78,53.0,-0.077,-0.007,544,0
29.75,52.99,-0.01,-0.032,545,0
29.76,52.99,-0.002,0.015,546,0
29.71,53.02,0.037,-0.049,547,0
29.7,53.12,0.097,-0.009,548,0
29.7,53.04,-0.08,-0.006,549,0
29.71,53.12,0.076,0.013,550,0
29.73,53.08,-0.037,0.022,551,0
29.77,52.99,-0.092,0.033,552,0
29.77,52.95,-0.039,0.007,553,0
29.79,52.77,-0.174,0.02,554,0
29.77,52.77,-0.003,-0.021,555,0
29.72,52.77,-0.006,-0.052,556,0
29.73,52.86,0.095,0.011,557,0
29.75,52.78,-0.08,0.019,558,0
29.74,52.87,0.09,-0.014,559,0
29.71,52.67,-0.197,-0.031,560,0
29.7,52.63,-0.047,-0.005,561,0
29.7,52.6,-0.026,0.001,562,0
29.68,52.54,-0.066,-0.018,563,0
29.69,52.57,0.032,0.002,564,0
29.66,52.52,-0.05,-0.022,565,0
29.62,52.32,-0.193,-0.046,566,0
29.66,52.25,-0.075,0.04,567,0
29.7,52.08,-0.165,0.037,568,0
29.67,51.93,-0.157,-0.025,569,0
29.63,51.86,-0.063,-0.036,570,0
29.63,51.81,-0.055,-0.009,571,0
29.64,51.74,-0.069,0.013,572,0
29.61,51.64,-0.104,-0.027,573,0
29.57,51.68,0.043,-0.045,574,0
29.57,51.73,0.055,0.008,575,0
29.53,51.74,0.003,-0.04,576,0
29.5,51.83,0.095,-0.032,577,0
29.46,51.68,-0.148,-0.041,578,0
29.5,51.65,-0.032,0.039,579,0
29.48,51.52,-0.13,-0.016,580,0
29.49,51.38,-0.145,0.007,581,0
29.44,51.31,-0.07,-0.054,582,0
29.4,51.29,-0.016,-0.037,583,0
29.38,51.27,-0.022,-0.018,584,0
29.35,51.28,0.011,-0.036,585,0
29.37,51.31,0.026,0.024,586,0
29.33,51.12,-0.181,-0.046,587,0
29.29,51.19,0.062,-0.038,588,0
29.28,51.08,-0.102,-0.011,589,0
29.31,50.96,-0.121,0.03,590,0
29.31,50.92,-0.042,0.007,591,0
29.32,50.9,-0.021,0.004,592,0
29.3,50.88,-0.024,-0.022,593,0
29.3,50.93,0.054,0.005,594,0
29.32,50.97,0.044,0.014,595,0
29.32,50.86,-0.111,0.005,596,0
29.28,50.69,-0.175,-0.043,597,0
29.25,50.52,-0.165,-0.026,598,0
29.26,50.38,-0.145,0.013,599,0
33.08,83.02,0.002,0.017,0,0
33.13,83.03,0.005,0.048,1,0
33.13,83.0,-0.022,-0.003,2,0
33.11,82.86,-0.146,-0.021,3,0
33.06,82.81,-0.053,-0.047,4,0
33.01,82.73,-0.081,-0.051,5,0
33.04,82.58,-0.147,0.029,6,0
33.03,82.68,0.101,-0.002,7,0
33.05,82.64,-0.04,0.016,8,0
33.08,82.58,-0.064,0.032,9,0
33.04,82.53,-0.042,-0.044,10,0
33.06,82.35,-0.179,0.024,11,0
33.04,82.25,-0.101,-0.025,12,0
33.0,82.23,-0.027,-0.036,13,0
33.02,82.18,-0.051,0.022,14,0
33.03,82.22,0.042,0.003,15,0
32.99,82.06,-0.154,-0.041,16,0
33.02,82.11,0.044,0.03,17,0
33.05,82.03,-0.078,0.03,18,0
33.06,81.85,-0.176,0.02,19,0
33.11,81.83,-0.024,0.047,20,0
33.14,81.67,-0.158,0.031,21,0
33.12,81.71,0.037,-0.023,22,0
33.11,81.82,0.112,-0.007,23,0
33.14,81.74,-0.084,0.029,24,0
33.19,81.68,-0.057,0.047,25,0
33.16,81.72,0.044,-0.029,26,0
33.17,81.78,0.055,0.006,27,0
33.19,81.7,-0.083,0.019,28,0
33.15,81.7,0.002,-0.036,29,0
33.12,81.55,-0.147,-0.032,30,0
33.07,81.42,-0.126,-0.046,31,0
33.05,81.34,-0.083,-0.024,32,0
33.03,81.32,-0.027,-0.02,33,0
33.0,81.34,0.023,-0.023,34,0
33.04,81.23,-0.108,0.033,35,0
33.05,81.34,0.107,0.016,36,0
33.1,81.18,-0.16,0.044,37,0
33.14,81.23,0.047,0.04,38,0
33.17,81.33,0.109,0.034,39,0
33.21,81.18,-0.15,0.034,40,0
33.22,81.07,-0.113,0.019,41,0
33.25,81.13,0.06,0.024,42,0
33.24,81.15,0.015,-0.003,43,0
33.22,81.13,-0.015,-0.025,44,0
33.21,81.07,-0.064,-0.007,45,0
33.25,81.07,0.002,0.036,46,0
33.25,80.91,-0.16,-0.001,47,0
33.29,80.8,-0.105,0.041,48,0
33.33,80.73,-0.078,0.043,49,0
33.28,80.64,-0.09,-0.052,50,0
33.3,80.68,0.044,0.021,51,0
33.29,80.71,0.031,-0.006,52,0
33.28,80.72,0.011,-0.017,53,0
33.28,80.55,-0.169,0.001,54,0
33.27,80.43,-0.123,-0.009,55,0
33.24,80.31,-0.125,-0.025,56,0
33.22,80.37,0.06,-0.019,57,0
33.23,80.35,-0.015,0.004,58,0
33.21,80.31,-0.043,-0.018,59,0
33.16,80.32,0.016,-0.047,60,0
33.19,80.17,-0.158,0.026,61,0
33.15,80.12,-0.05,-0.04,62,0
33.14,80.18,0.069,-0.008,63,0
33.18,80.0,-0.188,0.043,64,0
33.2,79.87,-0.128,0.017,65,0
33.21,79.72,-0.149,0.013,66,0
33.25,79.58,-0.141,0.041,67,0
33.27,79.47,-0.106,0.013,68,0
33.25,79.36,-0.113,-0.015,69,0
33.22,79.44,0.083,-0.036,70,0
33.2,79.37,-0.069,-0.022,71,0
33.17,79.4,0.022,-0.029,72,0
33.18,79.4,0.008,0.018,73,0
33.18,79.22,-0.188,-0.005,74,0
33.15,79.07,-0.148,-0.03,75,0
33.1,79.08,0.016,-0.051,76,0
33.13,79.1,0.02,0.029,77,0
33.12,79.21,0.108,-0.01,78,0
33.07,79.06,-0.149,-0.045,79,0
33.09,78.99,-0.073,0.021,80,0
33.07,78.83,-0.158,-0.021,81,0
33.03,78.91,0.076,-0.039,82,0
33.06,78.95,0.044,0.023,83,0
33.1,78.8,-0.148,0.047,84,0
33.1,78.66,-0.145,0.001,85,0
33.12,78.47,-0.186,0.013,86,0
33.14,78.42,-0.056,0.02,87,0
33.1,78.42,0.0,-0.037,88,0
33.12,78.35,-0.065,0.016,89,0
33.07,78.42,0.07,-0.044,90,0
33.1,78.26,-0.158,0.023,91,0
33.08,78.25,-0.011,-0.014,92,0
33.06,78.35,0.101,-0.021,93,0
33.04,78.21,-0.146,-0.025,94,0
33.04,78.04,-0.163,0.003,95,0
33.05,78.03,-0.008,0.008,96,0
33.06,78.08,0.045,0.017,97,0
33.08,78.15,0.066,0.014,98,0
33.08,78.05,-0.098,-0.001,99,0
33.1,78.01,-0.035,0.022,100,0
33.05,77.91,-0.1,-0.047,101,0
33.1,77.99,0.081,0.043,102,0
33.05,77.95,-0.04,-0.041,103,0
33.06,77.92,-0.038,0.007,104,0
33.11,77.89,-0.03,0.045,105,0
33.15,77.99,0.108,0.041,106,0
33.18,77.85,-0.149,0.034,107,0
33.17,77.83,-0.018,-0.016,108,0
33.19,77.84,0.017,0.024,109,0
33.22,77.94,0.098,0.025,110,0
33.17,77.76,-0.183,-0.046,111,0
33.12,77.65,-0.11,-0.048,112,0
33.15,77.48,-0.17,0.027,113,0
33.16,77.44,-0.036,0.011,114,0
33.15,77.41,-0.038,-0.011,115,0
33.1,77.43,0.022,-0.044,116,0
33.11,77.4,-0.027,0.009,117,0
33.09,77.3,-0.105,-0.021,118,0
33.06,77.26,-0.035,-0.032,119,0
33.06,77.31,0.054,0.001,120,0
33.07,77.24,-0.071,0.011,121,0
33.09,77.31,0.062,0.016,122,0
33.11,77.14,-0.168,0.018,123,0
33.14,77.17,0.031,0.032,124,0
33.09,77.0,-0.171,-0.044,125,0
33.09,76.94,-0.058,-0.007,126,0
33.07,76.93,-0.006,-0.021,127,0
33.09,76.97,0.034,0.022,128,0
33.11,76.82,-0.152,0.018,129,0
33.07,76.84,0.022,-0.036,130,0
33.07,76.94,0.098,-0.0,131,0
33.09,76.98,0.047,0.02,132,0
33.05,76.84,-0.138,-0.04,133,0
33.02,76.89,0.046,-0.025,134,0
33.05,76.97,0.078,0.025,135,0
33.08,76.79,-0.179,0.028,136,0
33.03,76.68,-0.107,-0.046,137,0
33.04,76.71,0.025,0.005,138,0
33.03,76.54,-0.165,-0.007,139,0
33.03,76.46,-0.08,-0.002,140,0
33.01,76.44,-0.018,-0.016,141,0
32.97,76.33,-0.112,-0.042,142,0
32.99,76.32,-0.016,0.02,143,0
32.99,76.2,-0.12,-0.001,144,0
33.02,76.02,-0.175,0.034,145,0
33.02,75.91,-0.115,-0.005,146,0
32.98,75.83,-0.073,-0.037,147,0
33.01,75.92,0.091,0.033,148,0
33.05,75.9,-0.022,0.039,149,0
33.04,75.93,0.034,-0.01,150,0
33.03,75.84,-0.092,-0.011,151,0
33.01,75.87,0.028,-0.025,152,0
32.99,75.71,-0.165,-0.015,153,0
33.03,75.67,-0.038,0.038,154,0
33.06,75.53,-0.134,0.028,155,0
33.1,75.64,0.106,0.043,156,0
33.09,75.47,-0.168,-0.006,157,0
33.13,75.37,-0.104,0.032,158,0
33.13,75.28,-0.09,0.003,159,0
33.1,75.09,-0.186,-0.032,160,0
33.08,75.07,-0.019,-0.022,161,0
33.07,75.07,-0.001,-0.006,162,0
33.07,75.06,-0.011,-0.003,163,0
33.03,75.1,0.044,-0.033,164,0
33.06,75.19,0.082,0.024,165,0
33.01,75.07,-0.115,-0.052,166,0
32.98,75.01,-0.065,-0.029,167,0
33.01,74.92,-0.084,0.032,168,0
33.05,75.0,0.075,0.043,169,0
33.06,74.81,-0.188,0.013,170,0
33.08,74.88,0.066,0.02,171,0
33.09,74.72,-0.157,0.001,172,0
33.08,74.6,-0.117,-0.003,173,0
33.13,74.43,-0.17,0.047,174,0
33.09,74.46,0.025,-0.043,175,0
33.12,74.54,0.088,0.037,176,0
33.14,74.51,-0.032,0.018,177,0
33.19,74.44,-0.077,0.045,178,0
33.14,74.27,-0.163,-0.043,179,0
33.17,74.13,-0.148,0.03,180,0
33.18,73.96,-0.166,0.004,181,0
33.22,73.9,-0.058,0.044,182,0
33.2,73.78,-0.117,-0.026,183,0
33.22,73.69,-0.094,0.028,184,0
33.25,73.71,0.022,0.021,185,0
33.22,73.62,-0.093,-0.025,186,0
33.19,73.45,-0.166,-0.032,187,0
33.19,73.5,0.046,0.006,188,0
33.16,73.36,-0.142,-0.036,189,0
33.15,73.31,-0.048,-0.012,190,0
33.19,73.28,-0.027,0.044,191,0
33.17,73.16,-0.126,-0.021,192,0
33.13,73.05,-0.109,-0.04,193,0
33.15,72.91,-0.141,0.016,194,0
33.16,72.97,0.06,0.017,195,0
33.19,72.79,-0.176,0.031,196,0
33.15,72.7,-0.09,-0.043,197,0
33.13,72.59,-0.114,-0.017,198,0
33.15,72.55,-0.034,0.015,199,0
33.2,72.44,-0.11,0.047,200,0
33.18,72.26,-0.179,-0.012,201,0
33.21,72.21,-0.053,0.022,202,0
33.2,72.1,-0.113,-0.006,203,0
33.16,72.15,0.053,-0.038,204,0
33.19,71.96,-0.185,0.031,205,0
33.15,72.07,0.106,-0.039,206,0
33.14,72.13,0.059,-0.015,207,0
33.15,72.13,0.001,0.012,208,0
33.12,72.12,-0.014,-0.026,209,0
33.07,72.17,0.056,-0.05,210,0
33.11,72.0,-0.169,0.038,211,0
33.07,71.95,-0.055,-0.039,212,0
33.1,72.03,0.083,0.031,213,0
33.06,71.94,-0.089,-0.048,214,0
33.02,71.89,-0.05,-0.036,215,0
33.05,71.88,-0.016,0.03,216,0
33.0,71.81,-0.07,-0.049,217,0
32.97,71.82,0.017,-0.035,218,0
32.93,71.7,-0.124,-0.034,219,0
32.97,71.6,-0.104,0.036,220,0
32.98,71.42,-0.178,0.01,221,0
32.95,71.3,-0.115,-0.023,222,0
32.96,71.24,-0.065,0.003,223,0
32.93,71.07,-0.17,-0.024,224,0
32.9,70.92,-0.147,-0.032,225,0
32.9,71.0,0.077,0.0,226,0
32.93,71.0,0.001,0.028,227,0
32.98,71.05,0.05,0.047,228,0
32.96,71.1,0.046,-0.016,229,0
32.95,71.07,-0.025,-0.004,230,0
32.95,71.16,0.086,-0.002,231,0
32.92,71.09,-0.072,-0.034,232,0
32.89,70.99,-0.093,-0.03,233,0
32.91,71.07,0.08,0.026,234,0
32.96,70.9,-0.171,0.047,235,0
32.98,70.87,-0.029,0.024,236,0
33.03,70.98,0.112,0.045,237,0
33.04,70.83,-0.158,0.013,238,0
33.07,70.72,-0.108,0.029,239,0
33.03,70.8,0.087,-0.047,240,0
33.0,70.92,0.111,-0.03,241,0
33.02,70.98,0.066,0.027,242,0
33.05,70.9,-0.082,0.032,243,0
33.02,70.96,0.065,-0.035,244,0
33.05,70.95,-0.011,0.028,245,0
33.09,70.97,0.021,0.039,246,0
33.1,70.8,-0.18,0.018,247,0
33.11,70.89,0.096,0.004,248,0
33.08,70.87,-0.019,-0.034,249,0
33.11,70.98,0.108,0.036,250,0
33.09,70.94,-0.041,-0.021,251,0
33.05,70.9,-0.041,-0.043,252,0
33.02,70.78,-0.118,-0.03,253,0
32.96,70.75,-0.03,-0.052,254,0
32.93,70.84,0.087,-0.032,255,0
32.95,70.69,-0.149,0.019,256,0
32.98,70.77,0.087,0.032,257,0
32.93,70.68,-0.091,-0.05,258,0
32.97,70.67,-0.012,0.039,259,0
33.0,70.72,0.044,0.032,260,0
33.05,70.79,0.07,0.044,261,0
33.09,70.71,-0.076,0.042,262,0
33.05,70.64,-0.07,-0.042,263,0
33.01,70.54,-0.098,-0.039,264,0
33.05,70.4,-0.141,0.043,265,0
33.1,70.45,0.049,0.044,266,0
33.06,70.46,0.006,-0.035,267,0
33.08,70.56,0.102,0.017,268,0
33.1,70.65,0.09,0.026,269,0
33.11,70.53,-0.121,0.007,270,0
33.09,70.39,-0.136,-0.022,271,0
33.05,70.41,0.018,-0.04,272,0
33.09,70.44,0.03,0.043,273,0
33.08,70.54,0.096,-0.013,274,0
33.12,70.65,0.11,0.044,275,0
33.13,70.47,-0.179,0.008,276,0
33.18,70.56,0.088,0.044,277,0
33.18,70.43,-0.122,0.004,278,0
33.14,70.53,0.093,-0.038,279,0
33.11,70.56,0.035,-0.029,280,0
33.08,70.67,0.106,-0.036,281,0
33.03,70.75,0.077,-0.043,282,0
33.05,70.77,0.024,0.012,283,0
33.04,70.85,0.078,-0.008,284,0
33.01,70.74,-0.109,-0.027,285,0
32.98,70.57,-0.168,-0.027,286,0
32.93,70.42,-0.156,-0.052,287,0
32.95,70.34,-0.072,0.021,288,0
32.99,70.45,0.102,0.036,289,0
32.97,70.41,-0.04,-0.014,290,0
32.93,70.38,-0.024,-0.042,291,0
32.97,70.34,-0.044,0.034,292,0
32.98,70.34,0.007,0.016,293,0
32.94,70.2,-0.139,-0.045,294,0
32.91,70.27,0.065,-0.023,295,0
32.96,70.18,-0.093,0.043,296,0
32.92,70.01,-0.166,-0.035,297,0
32.94,69.94,-0.076,0.021,298,0
32.98,69.91,-0.024,0.037,299,0
32.99,69.75,-0.16,0.007,300,0
32.98,69.75,-0.004,-0.004,301,0
33.03,69.57,-0.179,0.042,302,0
33.06,69.43,-0.139,0.037,303,0
33.02,69.29,-0.141,-0.042,304,0
32.99,69.16,-0.127,-0.033,305,0
33.01,69.18,0.021,0.02,306,0
32.98,69.21,0.031,-0.026,307,0
32.95,69.11,-0.104,-0.029,308,0
32.96,68.94,-0.173,0.005,309,0
32.92,69.0,0.064,-0.037,310,0
32.91,68.92,-0.08,-0.01,311,0
32.92,68.82,-0.1,0.014,312,0
32.89,68.81,-0.008,-0.032,313,0
32.86,68.63,-0.181,-0.035,314,0
32.81,68.53,-0.101,-0.044,315,0
32.79,68.59,0.065,-0.021,316,0
32.79,68.53,-0.069,-0.003,317,0
32.74,68.54,0.01,-0.043,318,0
32.71,68.51,-0.025,-0.034,319,0
32.7,68.59,0.077,-0.015,320,0
32.67,68.53,-0.055,-0.026,321,0
32.64,68.48,-0.049,-0.03,322,0
32.59,68.38,-0.108,-0.046,323,0
32.61,68.41,0.037,0.014,324,0
32.59,68.25,-0.163,-0.018,325,0
32.63,68.23,-0.026,0.045,326,0
32.64,68.21,-0.011,0.003,327,0
32.67,68.28,0.064,0.03,328,0
32.67,68.22,-0.063,0.001,329,0
32.66,68.29,0.072,-0.005,330,0
32.66,68.36,0.076,-0.005,331,0
32.7,68.2,-0.165,0.038,332,0
32.69,68.23,0.026,-0.002,333,0
32.72,68.31,0.082,0.028,334,0
32.73,68.32,0.015,0.01,335,0
32.76,68.17,-0.152,0.023,336,0
32.8,68.03,-0.136,0.046,337,0
32.83,68.14,0.103,0.029,338,0
32.82,67.99,-0.15,-0.01,339,0
32.81,68.1,0.108,-0.009,340,0
32.82,68.21,0.111,0.01,341,0
32.8,68.27,0.062,-0.027,342,0
32.83,68.35,0.085,0.039,343,0
32.82,68.18,-0.168,-0.014,344,0
32.8,68.12,-0.069,-0.02,345,0
32.79,68.01,-0.105,-0.007,346,0
32.82,68.08,0.074,0.026,347,0
32.82,68.08,-0.001,-0.0,348,0
32.81,68.02,-0.062,-0.011,349,0
32.82,67.88,-0.144,0.006,350,0
32.86,67.92,0.039,0.042,351,0
32.86,68.0,0.089,0.004,352,0
32.84,67.85,-0.158,-0.024,353,0
32.82,67.82,-0.028,-0.018,354,0
32.81,67.75,-0.065,-0.014,355,0
32.81,67.71,-0.043,0.009,356,0
32.79,67.53,-0.177,-0.025,357,0
32.8,67.39,-0.145,0.009,358,0
32.75,67.41,0.02,-0.048,359,0
32.73,67.49,0.079,-0.019,360,0
32.75,67.37,-0.117,0.022,361,0
32.79,67.46,0.088,0.037,362,0
32.82,67.28,-0.182,0.029,363,0
32.8,67.18,-0.097,-0.024,364,0
32.81,67.14,-0.041,0.017,365,0
32.85,66.98,-0.159,0.035,366,0
32.89,66.83,-0.148,0.045,367,0
32.92,66.78,-0.055,0.03,368,0
32.91,66.67,-0.107,-0.011,369,0
32.88,66.67,0.005,-0.034,370,0
32.91,66.55,-0.125,0.03,371,0
32.93,66.58,0.034,0.024,372,0
32.96,66.66,0.072,0.03,373,0
32.93,66.62,-0.034,-0.036,374,0
32.92,66.53,-0.095,-0.002,375,0
32.96,66.38,-0.148,0.033,376,0
32.91,66.45,0.076,-0.049,377,0
32.94,66.32,-0.13,0.031,378,0
32.91,66.39,0.063,-0.027,379,0
32.95,66.34,-0.051,0.039,380,0
32.93,66.36,0.023,-0.025,381,0
32.92,66.42,0.059,-0.002,382,0
32.88,66.42,0.002,-0.04,383,0
32.87,66.24,-0.179,-0.015,384,0
32.83,66.23,-0.01,-0.035,385,0
32.84,66.3,0.073,0.006,386,0
32.8,66.22,-0.083,-0.036,387,0
32.83,66.3,0.08,0.023,388,0
32.8,66.32,0.018,-0.024,389,0
32.77,66.25,-0.072,-0.036,390,0
32.81,66.23,-0.017,0.044,391,0
32.82,66.3,0.069,0.012,392,0
32.8,66.31,0.015,-0.025,393,0
32.75,66.25,-0.065,-0.05,394,0
32.77,66.29,0.046,0.024,395,0
32.81,66.11,-0.186,0.039,396,0
32.82,66.11,0.006,0.008,397,0
32.79,65.93,-0.186,-0.027,398,0
32.77,65.98,0.053,-0.022,399,0
32.78,66.08,0.102,0.012,400,0
32.77,66.02,-0.061,-0.015,401,0
32.74,65.94,-0.084,-0.027,402,0
32.76,65.89,-0.048,0.015,403,0
32.74,65.95,0.059,-0.013,404,0
32.74,65.79,-0.158,-0.001,405,0
32.77,65.8,0.01,0.032,406,0
32.79,65.73,-0.076,0.012,407,0
32.76,65.72,-0.006,-0.022,408,0
32.72,65.57,-0.156,-0.046,409,0
32.73,65.67,0.108,0.012,410,0
32.7,65.74,0.07,-0.026,411,0
32.74,65.77,0.025,0.037,412,0
32.7,65.67,-0.099,-0.037,413,0
32.74,65.71,0.041,0.038,414,0
32.77,65.77,0.053,0.028,415,0
32.78,65.76,-0.008,0.014,416,0
32.8,65.77,0.016,0.02,417,0
32.85,65.78,0.008,0.047,418,0
32.84,65.67,-0.11,-0.01,419,0
32.79,65.6,-0.072,-0.049,420,0
32.8,65.62,0.024,0.005,421,0
32.82,65.49,-0.131,0.02,422,0
32.82,65.37,-0.122,0.001,423,0
32.85,65.42,0.047,0.038,424,0
32.85,65.43,0.013,-0.002,425,0
32.89,65.5,0.065,0.032,426,0
32.85,65.57,0.075,-0.034,427,0
32.81,65.41,-0.159,-0.04,428,0
32.84,65.3,-0.111,0.029,429,0
32.81,65.34,0.041,-0.034,430,0
32.79,65.36,0.016,-0.019,431,0
32.77,65.2,-0.161,-0.017,432,0
32.75,65.23,0.035,-0.022,433,0
32.73,65.28,0.048,-0.019,434,0
32.71,65.17,-0.11,-0.023,435,0
32.7,65.24,0.067,-0.005,436,0
32.71,65.31,0.072,0.006,437,0
32.66,65.4,0.095,-0.045,438,0
32.66,65.48,0.079,-0.002,439,0
32.65,65.55,0.072,-0.014,440,0
32.6,65.45,-0.099,-0.047,441,0
32.56,65.52,0.068,-0.039,442,0
32.55,65.39,-0.128,-0.011,443,0
32.59,65.38,-0.017,0.038,444,0
32.57,65.33,-0.051,-0.021,445,0
32.59,65.35,0.026,0.026,446,0
32.6,65.31,-0.042,0.011,447,0
32.61,65.17,-0.135,0.011,448,0
32.59,64.99,-0.187,-0.025,449,0
32.55,65.03,0.04,-0.035,450,0
32.55,65.07,0.041,-0.003,451,0
32.51,65.11,0.041,-0.044,452,0
32.52,65.11,-0.004,0.011,453,0
32.56,65.04,-0.067,0.044,454,0
32.51,64.97,-0.073,-0.049,455,0
32.5,64.84,-0.128,-0.015,456,0
32.48,64.65,-0.184,-0.02,457,0
32.44,64.71,0.062,-0.033,458,0
32.46,64.73,0.015,0.01,459,0
32.47,64.62,-0.114,0.017,460,0
32.43,64.53,-0.085,-0.039,461,0
32.44,64.46,-0.073,0.007,462,0
32.47,64.32,-0.138,0.03,463,0
32.45,64.22,-0.099,-0.023,464,0
32.45,64.25,0.03,0.007,465,0
32.49,64.16,-0.087,0.036,466,0
32.47,64.27,0.11,-0.018,467,0
32.46,64.36,0.082,-0.016,468,0
32.5,64.22,-0.132,0.042,469,0
32.49,64.31,0.087,-0.012,470,0
32.51,64.19,-0.12,0.02,471,0
32.53,64.04,-0.149,0.021,472,0
32.49,64.03,-0.011,-0.035,473,0
32.5,63.95,-0.078,0.013,474,0
32.54,63.78,-0.177,0.035,475,0
32.54,63.66,-0.112,0.001,476,0
32.59,63.49,-0.174,0.047,477,0
32.6,63.5,0.01,0.013,478,0
32.62,63.32,-0.182,0.017,479,0
32.6,63.26,-0.063,-0.014,480,0
32.6,63.23,-0.024,-0.005,481,0
32.62,63.09,-0.142,0.017,482,0
32.59,63.09,0.001,-0.022,483,0
32.61,63.1,0.01,0.014,484,0
32.62,62.99,-0.107,0.008,485,0
32.65,62.85,-0.147,0.031,486,0
32.67,62.69,-0.157,0.02,487,0
32.63,62.54,-0.153,-0.041,488,0
32.59,62.38,-0.156,-0.032,489,0
32.57,62.25,-0.128,-0.026,490,0
32.53,62.22,-0.031,-0.032,491,0
32.51,62.24,0.023,-0.023,492,0
32.51,62.07,-0.176,-0.003,493,0
32.55,61.94,-0.126,0.041,494,0
32.5,61.85,-0.089,-0.052,495,0
32.54,61.86,0.013,0.038,496,0
32.55,61.93,0.062,0.015,497,0
32.51,61.78,-0.144,-0.043,498,0
32.53,61.75,-0.035,0.02,499,0
32.5,61.59,-0.158,-0.027,500,0
32.55,61.47,-0.119,0.047,501,0
32.54,61.37,-0.099,-0.006,502,0
32.51,61.21,-0.158,-0.035,503,0
32.48,61.04,-0.176,-0.023,504,0
32.46,61.09,0.052,-0.021,505,0
32.42,61.12,0.033,-0.043,506,0
32.37,61.16,0.039,-0.048,507,0
32.39,61.23,0.067,0.014,508,0
32.37,61.09,-0.137,-0.017,509,0
32.38,61.04,-0.057,0.01,510,0
32.34,61.11,0.075,-0.043,511,0
32.3,61.17,0.056,-0.034,512,0
32.35,61.1,-0.068,0.044,513,0
32.33,60.99,-0.107,-0.014,514,0
32.36,61.06,0.067,0.028,515,0
32.39,61.07,0.006,0.027,516,0
32.4,60.91,-0.154,0.017,517,0
32.45,60.74,-0.171,0.042,518,0
32.44,60.6,-0.14,-0.011,519,0
32.46,60.59,-0.011,0.028,520,0
32.43,60.6,0.015,-0.034,521,0
32.41,60.53,-0.074,-0.016,522,0
32.43,60.35,-0.18,0.016,523,0
32.47,60.41,0.063,0.045,524,0
32.51,60.26,-0.149,0.04,525,0
32.5,60.11,-0.154,-0.011,526,0
32.48,59.94,-0.174,-0.026,527,0
32.49,59.84,-0.094,0.018,528,0
32.52,59.86,0.015,0.024,529,0
32.52,59.84,-0.015,0.004,530,0
32.54,59.95,0.105,0.015,531,0
32.54,59.86,-0.087,-0.0,532,0
32.5,59.88,0.022,-0.043,533,0
32.47,59.89,0.01,-0.027,534,0
32.48,59.81,-0.085,0.015,535,0
32.51,59.73,-0.073,0.032,536,0
32.56,59.71,-0.021,0.046,537,0
32.57,59.54,-0.172,0.012,538,0
32.61,59.4,-0.141,0.033,539,0
32.64,59.47,0.067,0.035,540,0
32.64,59.3,-0.166,-0.003,541,0
32.68,59.19,-0.116,0.045,542,0
32.65,59.01,-0.173,-0.03,543,0
32.64,59.02,0.005,-0.012,544,0
32.63,58.9,-0.118,-0.006,545,0
32.63,58.95,0.052,-0.008,546,0
32.62,59.02,0.069,-0.008,547,0
32.62,58.87,-0.153,-0.003,548,0
32.57,58.88,0.008,-0.042,549,0
32.58,58.81,-0.065,0.003,550,0
32.53,58.62,-0.188,-0.043,551,0
32.54,58.62,-0.007,0.01,552,0
32.54,58.52,-0.097,-0.001,553,0
32.56,58.39,-0.126,0.015,554,0
32.54,58.49,0.097,-0.016,555,0
32.51,58.32,-0.172,-0.03,556,0
32.51,58.27,-0.052,0.004,557,0
32.51,58.26,-0.002,-0.005,558,0
32.53,58.27,0.009,0.019,559,0
32.55,58.12,-0.154,0.024,560,0
32.53,58.0,-0.122,-0.018,561,0
32.58,58.06,0.061,0.044,562,0
32.58,57.96,-0.101,-0.0,563,0
32.53,57.98,0.022,-0.048,564,0
32.49,57.84,-0.139,-0.038,565,0
32.51,57.87,0.027,0.02,566,0
32.52,57.71,-0.156,0.009,567,0
32.56,57.58,-0.132,0.041,568,0
32.55,57.51,-0.07,-0.007,569,0
32.57,57.55,0.046,0.019,570,0
32.56,57.4,-0.156,-0.011,571,0
32.59,57.49,0.09,0.031,572,0
32.62,57.48,-0.012,0.025,573,0
32.63,57.42,-0.053,0.014,574,0
32.59,57.52,0.099,-0.039,575,0
32.59,57.48,-0.039,0.001,576,0
32.64,57.31,-0.174,0.041,577,0
32.63,57.37,0.063,-0.004,578,0
32.67,57.34,-0.036,0.04,579,0
32.68,57.2,-0.135,0.006,580,0
32.64,57.23,0.031,-0.039,581,0
32.65,57.16,-0.072,0.008,582,0
32.64,57.24,0.077,-0.002,583,0
32.69,57.16,-0.073,0.046,584,0
32.71,57.25,0.087,0.024,585,0
32.76,57.15,-0.106,0.044,586,0
32.75,57.25,0.103,-0.007,587,0
32.74,57.1,-0.148,-0.011,588,0
32.76,57.12,0.022,0.023,589,0
32.78,57.02,-0.099,0.018,590,0
32.8,57.09,0.07,0.019,591,0
32.81,57.19,0.092,0.011,592,0
32.82,57.06,-0.128,0.01,593,0
32.8,56.96,-0.101,-0.018,594,0
32.85,56.97,0.013,0.046,595,0
32.89,56.98,0.007,0.044,596,0
32.91,56.94,-0.037,0.017,597,0
32.87,56.85,-0.092,-0.041,598,0
32.86,56.76,-0.083,-0.004,599,0
33.46,85.89,-0.119,0.04,0,0
33.47,85.92,0.037,0.007,1,0
33.44,85.73,-0.197,-0.031,2,0
33.42,85.72,-0.004,-0.025,3,0
33.39,85.74,0.02,-0.029,4,0
33.37,85.62,-0.119,-0.02,5,0
33.39,85.67,0.047,0.024,6,0
33.42,85.55,-0.117,0.03,7,0
33.46,85.36,-0.195,0.036,8,0
33.5,85.18,-0.174,0.042,9,0
33.54,85.2,0.017,0.041,10,0
33.55,85.22,0.018,0.011,11,0
33.58,85.08,-0.134,0.033,12,0
33.57,85.12,0.035,-0.016,13,0
33.62,85.11,-0.006,0.048,14,0
33.67,85.02,-0.089,0.051,15,0
33.65,85.11,0.088,-0.014,16,0
33.61,85.07,-0.039,-0.044,17,0
33.63,84.94,-0.13,0.017,18,0
33.67,84.97,0.029,0.042,19,0
33.71,85.02,0.044,0.046,20,0
33.73,85.02,0.006,0.02,21,0
33.74,85.04,0.021,0.01,22,0
33.78,85.02,-0.024,0.033,23,0
33.76,85.1,0.084,-0.016,24,0
33.78,84.95,-0.152,0.023,25,0
33.76,84.8,-0.149,-0.028,26,0
33.75,84.75,-0.051,-0.007,27,0
33.76,84.68,-0.076,0.011,28,0
33.77,84.51,-0.166,0.013,29,0
33.76,84.38,-0.129,-0.012,30,0
33.73,84.39,0.008,-0.03,31,0
33.72,84.23,-0.159,-0.013,32,0
33.77,84.04,-0.19,0.048,33,0
33.79,84.02,-0.02,0.021,34,0
33.8,83.96,-0.058,0.012,35,0
33.83,83.87,-0.098,0.033,36,0
33.81,83.76,-0.11,-0.023,37,0
33.77,83.61,-0.15,-0.038,38,0
33.77,83.55,-0.054,-0.003,39,0
33.73,83.51,-0.044,-0.036,40,0
33.71,83.37,-0.139,-0.024,41,0
33.7,83.26,-0.105,-0.009,42,0
33.73,83.12,-0.14,0.03,43,0
33.78,83.08,-0.046,0.055,44,0
33.84,83.12,0.042,0.053,45,0
33.86,82.92,-0.202,0.022,46,0
33.91,82.85,-0.071,0.045,47,0
33.92,82.83,-0.021,0.017,48,0
33.95,82.91,0.083,0.023,49,0
33.99,82.8,-0.109,0.047,50,0
33.99,82.88,0.078,-0.006,51,0
33.97,82.84,-0.043,-0.017,52,0
34.01,82.9,0.068,0.037,53,0
34.04,82.81,-0.093,0.035,54,0
34.0,82.74,-0.071,-0.041,55,0
33.97,82.8,0.064,-0.026,56,0
34.02,82.75,-0.051,0.05,57,0
34.08,82.6,-0.155,0.051,58,0
34.03,82.55,-0.044,-0.044,59,0
34.05,82.37,-0.185,0.022,60,0
34.09,82.4,0.027,0.041,61,0
34.06,82.32,-0.078,-0.035,62,0
34.08,82.28,-0.044,0.025,63,0
34.12,82.36,0.088,0.032,64,0
34.17,82.35,-0.011,0.049,65,0
34.14,82.37,0.019,-0.03,66,0
34.12,82.3,-0.067,-0.012,67,0
34.09,82.12,-0.179,-0.04,68,0
34.1,82.16,0.033,0.011,69,0
34.07,82.13,-0.033,-0.022,70,0
34.07,82.0,-0.127,-0.006,71,0
34.07,81.98,-0.016,-0.002,72,0
34.09,81.78,-0.2,0.022,73,0
34.11,81.74,-0.045,0.019,74,0
34.14,81.72,-0.02,0.031,75,0
34.16,81.69,-0.029,0.025,76,0
34.21,81.51,-0.183,0.048,77,0
34.24,81.33,-0.173,0.034,78,0
34.21,81.22,-0.115,-0.036,79,0
34.21,81.24,0.025,-0.001,80,0
34.23,81.16,-0.087,0.021,81,0
34.24,81.09,-0.063,0.008,82,0
34.23,80.93,-0.164,-0.006,83,0
34.24,80.96,0.034,0.01,84,0
34.21,81.05,0.083,-0.031,85,0
34.25,81.04,-0.002,0.046,86,0
34.28,81.08,0.033,0.028,87,0
34.33,80.98,-0.093,0.05,88,0
34.34,80.95,-0.039,0.01,89,0
34.3,80.78,-0.168,-0.045,90,0
34.31,80.75,-0.026,0.009,91,0
34.29,80.83,0.079,-0.015,92,0
34.34,80.85,0.019,0.045,93,0
34.33,80.75,-0.102,-0.004,94,0
34.34,80.74,-0.011,0.006,95,0
34.32,80.58,-0.157,-0.023,96,0
34.29,80.62,0.045,-0.026,97,0
34.33,80.47,-0.151,0.035,98,0
34.37,80.52,0.051,0.04,99,0
34.42,80.6,0.075,0.054,100,0
34.43,80.53,-0.067,0.01,101,0
34.39,80.41,-0.118,-0.038,102,0
34.42,80.24,-0.176,0.028,103,0
34.41,80.18,-0.059,-0.012,104,0
34.43,80.01,-0.167,0.021,105,0
34.45,79.84,-0.175,0.017,106,0
34.43,79.9,0.065,-0.013,107,0
34.45,79.83,-0.07,0.017,108,0
34.46,79.72,-0.113,0.013,109,0
34.45,79.69,-0.035,-0.009,110,0
34.45,79.58,-0.11,-0.002,111,0
34.43,79.37,-0.204,-0.02,112,0
34.46,79.23,-0.139,0.029,113,0
34.5,79.16,-0.074,0.039,114,0
34.53,78.99,-0.165,0.028,115,0
34.53,79.05,0.058,0.001,116,0
34.51,78.95,-0.097,-0.014,117,0
34.49,78.92,-0.04,-0.027,118,0
34.53,78.89,-0.023,0.039,119,0
34.49,78.94,0.053,-0.031,120,0
34.48,78.9,-0.043,-0.019,121,0
34.44,78.96,0.061,-0.037,122,0
34.4,78.78,-0.182,-0.043,123,0
34.35,78.73,-0.053,-0.042,124,0
34.35,78.7,-0.03,-0.005,125,0
34.39,78.67,-0.028,0.046,126,0
34.4,78.63,-0.04,0.009,127,0
34.41,78.72,0.095,0.002,128,0
34.4,78.75,0.028,-0.008,129,0
34.43,78.61,-0.138,0.032,130,0
34.41,78.63,0.015,-0.016,131,0
34.42,78.56,-0.066,0.006,132,0
34.43,78.48,-0.086,0.005,133,0
34.46,78.47,-0.006,0.04,134,0
34.48,78.51,0.037,0.016,135,0
34.49,78.35,-0.155,0.006,136,0
34.46,78.28,-0.071,-0.027,137,0
34.48,78.36,0.08,0.021,138,0
34.51,78.45,0.085,0.029,139,0
34.5,78.39,-0.06,-0.009,140,0
34.5,78.25,-0.139,0.004,141,0
34.5,78.06,-0.186,-0.008,142,0
34.47,77.87,-0.192,-0.024,143,0
34.46,77.93,0.067,-0.009,144,0
34.46,77.87,-0.064,0.0,145,0
34.52,77.68,-0.191,0.053,146,0
34.54,77.57,-0.108,0.025,147,0
34.58,77.52,-0.049,0.038,148,0
34.56,77.57,0.045,-0.019,149,0
34.53,77.53,-0.042,-0.028,150,0
34.53,77.52,-0.009,-0.009,151,0
34.56,77.51,-0.009,0.039,152,0
34.56,77.46,-0.05,-0.007,153,0
34.56,77.53,0.067,0.007,154,0
34.6,77.43,-0.099,0.042,155,0
34.61,77.37,-0.059,0.003,156,0
34.61,77.34,-0.024,0.005,157,0
34.58,77.18,-0.163,-0.028,158,0
34.6,77.0,-0.182,0.019,159,0
34.58,76.86,-0.142,-0.026,160,0
34.6,76.76,-0.096,0.027,161,0
34.58,76.59,-0.17,-0.022,162,0
34.61,76.63,0.038,0.027,163,0
34.61,76.57,-0.061,0.003,164,0
34.58,76.43,-0.142,-0.029,165,0
34.54,76.47,0.045,-0.043,166,0
34.55,76.28,-0.192,0.012,167,0
34.57,76.12,-0.157,0.018,168,0
34.58,75.93,-0.193,0.012,169,0
34.56,75.74,-0.188,-0.019,170,0
34.61,75.59,-0.151,0.051,171,0
34.63,75.56,-0.025,0.011,172,0
34.65,75.37,-0.199,0.027,173,0
34.64,75.36,-0.007,-0.017,174,0
34.64,75.18,-0.179,-0.0,175,0
34.68,75.27,0.093,0.042,176,0
34.72,75.12,-0.154,0.038,177,0
34.75,75.09,-0.025,0.034,178,0
34.72,75.13,0.041,-0.027,179,0
34.7,75.13,-0.007,-0.019,180,0
34.69,75.14,0.012,-0.011,181,0
34.71,75.07,-0.069,0.014,182,0
34.7,74.93,-0.136,-0.006,183,0
34.68,74.76,-0.172,-0.025,184,0
34.68,74.82,0.053,0.005,185,0
34.65,74.74,-0.079,-0.03,186,0
34.65,74.56,-0.176,0.003,187,0
34.61,74.54,-0.021,-0.041,188,0
34.62,74.57,0.03,0.005,189,0
34.62,74.4,-0.17,0.003,190,0
34.64,74.23,-0.166,0.015,191,0
34.68,74.28,0.043,0.045,192,0
34.7,74.3,0.027,0.02,193,0
34.69,74.26,-0.048,-0.008,194,0
34.7,74.06,-0.192,0.008,195,0
34.74,73.93,-0.136,0.035,196,0
34.73,73.96,0.032,-0.007,197,0
34.76,73.93,-0.028,0.029,198,0
34.78,73.95,0.023,0.025,199,0
34.75,73.78,-0.176,-0.032,200,0
34.73,73.72,-0.062,-0.022,201,0
34.71,73.77,0.053,-0.017,202,0
34.71,73.83,0.058,-0.004,203,0
34.73,73.68,-0.148,0.026,204,0
34.75,73.71,0.032,0.013,205,0
34.7,73.54,-0.17,-0.044,206,0
34.73,73.53,-0.009,0.024,207,0
34.72,73.42,-0.11,-0.009,208,0
34.74,73.26,-0.159,0.02,209,0
34.78,73.13,-0.129,0.04,210,0
34.77,73.06,-0.078,-0.008,211,0
34.79,72.93,-0.122,0.023,212,0
34.79,72.96,0.021,-0.004,213,0
34.79,72.99,0.03,0.003,214,0
34.8,72.89,-0.094,0.01,215,0
34.79,72.76,-0.129,-0.014,216,0
34.81,72.66,-0.102,0.026,217,0
34.85,72.68,0.016,0.04,218,0
34.88,72.67,-0.007,0.03,219,0
34.91,72.6,-0.071,0.025,220,0
34.89,72.44,-0.157,-0.024,221,0
34.87,72.36,-0.085,-0.011,222,0
34.9,72.32,-0.04,0.025,223,0
34.87,72.32,0.007,-0.029,224,0
34.83,72.41,0.084,-0.045,225,0
34.79,72.23,-0.178,-0.031,226,0
34.79,72.3,0.073,-0.002,227,0
34.77,72.12,-0.186,-0.023,228,0
34.73,71.94,-0.181,-0.041,229,0
34.78,71.85,-0.09,0.053,230,0
34.79,71.83,-0.021,0.007,231,0
34.8,71.83,0.008,0.015,232,0
34.84,71.91,0.079,0.037,233,0
34.84,71.9,-0.013,-0.001,234,0
34.86,71.76,-0.145,0.021,235,0
34.84,71.79,0.036,-0.016,236,0
34.86,71.6,-0.195,0.015,237,0
34.84,71.55,-0.05,-0.022,238,0
34.8,71.39,-0.154,-0.041,239,0
34.75,71.26,-0.133,-0.045,240,0
34.81,71.1,-0.158,0.055,241,0
34.8,71.13,0.029,-0.01,242,0
34.81,71.04,-0.087,0.014,243,0
34.84,70.99,-0.05,0.029,244,0
34.8,70.81,-0.184,-0.036,245,0
34.84,70.69,-0.12,0.038,246,0
34.83,70.76,0.069,-0.01,247,0
34.81,70.84,0.084,-0.017,248,0
34.79,70.82,-0.023,-0.026,249,0
34.8,70.89,0.074,0.012,250,0
34.8,70.77,-0.127,-0.004,251,0
34.76,70.59,-0.173,-0.038,252,0
34.81,70.48,-0.117,0.05,253,0
34.86,70.51,0.036,0.051,254,0
34.89,70.57,0.058,0.036,255,0
34.92,70.54,-0.033,0.024,256,0
34.93,70.62,0.085,0.011,257,0
34.96,70.65,0.026,0.031,258,0
34.96,70.73,0.083,0.001,259,0
34.97,70.67,-0.067,0.014,260,0
34.94,70.47,-0.197,-0.033,261,0
34.96,70.28,-0.185,0.018,262,0
34.98,70.38,0.093,0.023,263,0
34.97,70.24,-0.136,-0.013,264,0
34.98,70.32,0.082,0.007,265,0
35.01,70.12,-0.202,0.038,266,0
34.98,69.99,-0.131,-0.036,267,0
35.01,69.99,-0.003,0.037,268,0
35.06,69.8,-0.182,0.048,269,0
35.05,69.74,-0.062,-0.01,270,0
35.04,69.81,0.063,-0.018,271,0
35.06,69.88,0.079,0.023,272,0
35.06,69.95,0.068,0.005,273,0
35.09,69.81,-0.145,0.029,274,0
35.07,69.86,0.057,-0.024,275,0
35.05,69.72,-0.144,-0.02,276,0
35.02,69.7,-0.019,-0.029,277,0
35.06,69.53,-0.173,0.047,278,0
35.09,69.53,-0.002,0.021,279,0
35.12,69.5,-0.021,0.031,280,0
35.08,69.46,-0.043,-0.041,281,0
35.09,69.4,-0.06,0.017,282,0
35.15,69.34,-0.057,0.053,283,0
35.19,69.41,0.064,0.042,284,0
35.24,69.35,-0.058,0.053,285,0
35.23,69.42,0.07,-0.017,286,0
35.24,69.28,-0.138,0.013,287,0
35.27,69.09,-0.189,0.035,288,0
35.28,69.03,-0.062,0.009,289,0
35.28,68.98,-0.054,-0.006,290,0
35.25,68.98,0.001,-0.028,291,0
35.27,69.07,0.088,0.025,292,0
35.3,69.0,-0.067,0.024,293,0
35.27,68.8,-0.202,-0.024,294,0
35.26,68.77,-0.031,-0.012,295,0
35.24,68.75,-0.021,-0.019,296,0
35.22,68.7,-0.04,-0.021,297,0
35.24,68.64,-0.064,0.016,298,0
35.24,68.55,-0.095,0.005,299,0
35.27,68.4,-0.142,0.025,300,0
35.31,68.31,-0.093,0.04,301,0
35.28,68.19,-0.121,-0.027,302,0
35.29,68.02,-0.166,0.013,303,0
35.26,67.89,-0.136,-0.035,304,0
35.24,67.76,-0.124,-0.021,305,0
35.23,67.69,-0.075,-0.007,306,0
35.28,67.53,-0.161,0.051,307,0
35.32,67.37,-0.16,0.036,308,0
35.32,67.21,-0.152,0.005,309,0
35.36,67.31,0.094,0.04,310,0
35.39,67.26,-0.05,0.027,311,0
35.37,67.29,0.031,-0.015,312,0
35.38,67.25,-0.036,0.012,313,0
35.41,67.17,-0.086,0.024,314,0
35.44,66.98,-0.187,0.036,315,0
35.46,66.92,-0.062,0.018,316,0
35.45,66.85,-0.07,-0.012,317,0
35.46,66.75,-0.097,0.011,318,0
35.44,66.83,0.075,-0.019,319,0
35.41,66.63,-0.199,-0.033,320,0
35.46,66.68,0.055,0.051,321,0
35.47,66.54,-0.145,0.013,322,0
35.45,66.53,-0.01,-0.028,323,0
35.44,66.55,0.029,-0.01,324,0
35.44,66.55,-0.003,0.004,325,0
35.48,66.57,0.016,0.044,326,0
35.47,66.48,-0.091,-0.016,327,0
35.44,66.46,-0.016,-0.031,328,0
35.47,66.31,-0.155,0.036,329,0
35.49,66.2,-0.104,0.018,330,0
35.53,66.17,-0.034,0.04,331,0
35.5,65.99,-0.184,-0.029,332,0
35.49,65.85,-0.137,-0.013,333,0
35.47,65.73,-0.118,-0.018,334,0
35.45,65.72,-0.012,-0.018,335,0
35.49,65.65,-0.072,0.041,336,0
35.51,65.55,-0.096,0.014,337,0
35.5,65.64,0.085,-0.004,338,0
35.46,65.49,-0.15,-0.043,339,0
35.48,65.5,0.013,0.021,340,0
35.51,65.58,0.077,0.025,341,0
35.48,65.4,-0.181,-0.028,342,0
35.44,65.22,-0.174,-0.039,343,0
35.45,65.28,0.059,0.01,344,0
35.44,65.08,-0.197,-0.005,345,0
35.41,65.11,0.024,-0.037,346,0
35.38,64.98,-0.126,-0.03,347,0
35.42,64.97,-0.009,0.044,348,0
35.4,64.86,-0.112,-0.02,349,0
35.42,64.74,-0.12,0.018,350,0
35.46,64.58,-0.166,0.039,351,0
35.48,64.38,-0.196,0.021,352,0
35.47,64.43,0.053,-0.013,353,0
35.52,64.37,-0.062,0.052,354,0
35.5,64.33,-0.043,-0.018,355,0
35.55,64.26,-0.072,0.052,356,0
35.53,64.26,0.004,-0.027,357,0
35.54,64.23,-0.026,0.018,358,0
35.56,64.22,-0.014,0.011,359,0
35.57,64.17,-0.048,0.019,360,0
35.56,64.06,-0.112,-0.01,361,0
35.6,64.02,-0.043,0.035,362,0
35.59,63.94,-0.072,-0.008,363,0
35.58,63.82,-0.127,-0.015,364,0
35.61,63.61,-0.205,0.036,365,0
35.6,63.66,0.049,-0.011,366,0
35.56,63.6,-0.064,-0.044,367,0
35.61,63.67,0.072,0.05,368,0
35.56,63.61,-0.062,-0.044,369,0
35.55,63.53,-0.076,-0.016,370,0
35.5,63.39,-0.136,-0.044,371,0
35.5,63.3,-0.093,-0.004,372,0
35.49,63.26,-0.037,-0.006,373,0
35.52,63.11,-0.156,0.029,374,0
35.52,63.02,-0.088,-0.007,375,0
35.51,62.89,-0.126,-0.003,376,0
35.54,62.76,-0.133,0.031,377,0
35.58,62.83,0.068,0.036,378,0
35.56,62.83,0.0,-0.017,379,0
35.6,62.85,0.018,0.036,380,0
35.64,62.77,-0.081,0.04,381,0
35.62,62.62,-0.15,-0.016,382,0
35.64,62.6,-0.014,0.017,383,0
35.66,62.48,-0.123,0.017,384,0
35.61,62.33,-0.149,-0.043,385,0
35.62,62.14,-0.19,0.008,386,0
35.59,61.99,-0.149,-0.035,387,0
35.61,61.87,-0.124,0.026,388,0
35.59,61.88,0.013,-0.022,389,0
35.6,61.72,-0.16,0.004,390,0
35.58,61.62,-0.102,-0.014,391,0
35.64,61.65,0.035,0.055,392,0
35.67,61.59,-0.066,0.034,393,0
35.71,61.48,-0.106,0.039,394,0
35.67,61.56,0.08,-0.039,395,0
35.63,61.59,0.028,-0.038,396,0
35.61,61.52,-0.064,-0.026,397,0
35.64,61.57,0.047,0.037,398,0
35.61,61.61,0.043,-0.033,399,0
35.59,61.64,0.025,-0.02,400,0
35.59,61.67,0.026,-0.001,401,0
35.55,61.68,0.016,-0.042,402,0
35.58,61.62,-0.067,0.032,403,0
35.63,61.57,-0.049,0.053,404,0
35.66,61.5,-0.063,0.023,405,0
35.64,61.39,-0.111,-0.013,406,0
35.6,61.38,-0.016,-0.041,407,0
35.61,61.45,0.076,0.007,408,0
35.63,61.32,-0.129,0.019,409,0
35.67,61.18,-0.145,0.044,410,0
35.65,61.23,0.054,-0.023,411,0
35.67,61.06,-0.171,0.018,412,0
35.64,60.95,-0.108,-0.028,413,0
35.61,60.83,-0.122,-0.033,414,0
35.56,60.86,0.032,-0.044,415,0
35.6,60.67,-0.192,0.033,416,0
35.61,60.61,-0.062,0.015,417,0
35.57,60.51,-0.094,-0.036,418,0
35.54,60.36,-0.158,-0.036,419,0
35.59,60.34,-0.019,0.048,420,0
35.6,60.43,0.094,0.017,421,0
35.62,60.24,-0.187,0.019,422,0
35.66,60.25,0.005,0.034,423,0
35.64,60.08,-0.167,-0.022,424,0
35.67,60.17,0.089,0.034,425,0
35.7,60.19,0.022,0.036,426,0
35.68,60.12,-0.073,-0.026,427,0
35.67,60.12,0.002,-0.009,428,0
35.71,59.96,-0.165,0.045,429,0
35.71,59.9,-0.059,-0.001,430,0
35.74,59.78,-0.117,0.025,431,0
35.71,59.63,-0.148,-0.026,432,0
35.74,59.53,-0.101,0.028,433,0
35.78,59.41,-0.122,0.038,434,0
35.79,59.48,0.069,0.01,435,0
35.76,59.29,-0.184,-0.03,436,0
35.74,59.18,-0.116,-0.019,437,0
35.7,59.08,-0.095,-0.045,438,0
35.69,59.07,-0.014,-0.007,439,0
35.65,58.92,-0.149,-0.043,440,0
35.68,58.97,0.052,0.033,441,0
35.7,58.84,-0.133,0.027,442,0
35.71,58.83,-0.008,0.009,443,0
35.72,58.74,-0.089,0.007,444,0
35.73,58.69,-0.056,0.01,445,0
35.72,58.67,-0.021,-0.013,446,0
35.68,58.65,-0.013,-0.034,447,0
35.65,58.6,-0.048,-0.038,448,0
35.61,58.65,0.046,-0.032,449,0
35.59,58.71,0.057,-0.025,450,0
35.55,58.65,-0.059,-0.035,451,0
35.59,58.61,-0.034,0.039,452,0
35.6,58.61,-0.008,0.008,453,0
35.58,58.61,0.005,-0.019,454,0
35.6,58.52,-0.095,0.016,455,0
35.64,58.33,-0.184,0.048,456,0
35.65,58.19,-0.142,0.004,457,0
35.61,58.25,0.062,-0.037,458,0
35.57,58.29,0.035,-0.039,459,0
35.62,58.25,-0.038,0.049,460,0
35.61,58.17,-0.08,-0.008,461,0
35.65,58.18,0.007,0.037,462,0
35.61,58.05,-0.125,-0.041,463,0
35.59,57.87,-0.184,-0.015,464,0
35.65,57.95,0.078,0.051,465,0
35.67,57.77,-0.176,0.027,466,0
35.65,57.72,-0.046,-0.026,467,0
35.63,57.68,-0.047,-0.02,468,0
35.6,57.66,-0.017,-0.027,469,0
35.6,57.68,0.02,-0.004,470,0
35.61,57.51,-0.173,0.019,471,0
35.62,57.41,-0.098,0.001,472,0
35.66,57.4,-0.005,0.043,473,0
35.63,57.25,-0.155,-0.027,474,0
35.62,57.16,-0.085,-0.011,475,0
35.68,57.01,-0.158,0.055,476,0
35.67,56.93,-0.072,-0.01,477,0
35.72,56.82,-0.111,0.054,478,0
35.71,56.72,-0.108,-0.008,479,0
35.71,56.74,0.024,-0.002,480,0
35.73,56.75,0.013,0.016,481,0
35.7,56.72,-0.036,-0.024,482,0
35.75,56.74,0.025,0.048,483,0
35.8,56.61,-0.129,0.051,484,0
35.8,56.54,-0.071,-0.005,485,0
35.85,56.55,0.013,0.053,486,0
35.86,56.53,-0.026,0.007,487,0
35.84,56.62,0.093,-0.015,488,0
35.82,56.51,-0.115,-0.023,489,0
35.77,56.56,0.052,-0.043,490,0
35.8,56.6,0.042,0.024,491,0
35.81,56.48,-0.122,0.01,492,0
35.86,56.44,-0.038,0.048,493,0
35.82,56.28,-0.159,-0.041,494,0
35.78,56.18,-0.098,-0.031,495,0
35.8,56.09,-0.095,0.013,496,0
35.83,55.95,-0.135,0.036,497,0
35.83,55.77,-0.177,-0.005,498,0
35.86,55.84,0.07,0.028,499,0
35.89,55.86,0.012,0.034,500,0
35.93,55.7,-0.153,0.038,501,0
35.94,55.7,0.002,0.013,502,0
35.96,55.77,0.067,0.014,503,0
35.98,55.66,-0.115,0.028,504,0
35.95,55.63,-0.032,-0.037,505,0
35.98,55.44,-0.188,0.032,506,0
36.01,55.34,-0.101,0.037,507,0
36.06,55.26,-0.08,0.042,508,0
36.03,55.31,0.056,-0.022,509,0
36.05,55.3,-0.009,0.015,510,0
36.08,55.1,-0.202,0.033,511,0
36.07,55.01,-0.09,-0.015,512,0
36.08,54.82,-0.193,0.009,513,0
36.08,54.66,-0.16,0.005,514,0
36.04,54.52,-0.139,-0.04,515,0
36.04,54.53,0.014,-0.006,516,0
36.05,54.46,-0.071,0.014,517,0
36.03,54.41,-0.054,-0.023,518,0
36.02,54.29,-0.118,-0.006,519,0
35.99,54.12,-0.165,-0.037,520,0
35.95,54.09,-0.034,-0.04,521,0
35.91,54.01,-0.085,-0.037,522,0
35.94,53.95,-0.055,0.032,523,0
35.91,53.79,-0.166,-0.032,524,0
35.91,53.75,-0.037,0.004,525,0
35.89,53.74,-0.009,-0.025,526,0
35.92,53.72,-0.02,0.029,527,0
35.88,53.59,-0.131,-0.038,528,0
35.87,53.62,0.028,-0.013,529,0
35.83,53.69,0.072,-0.036,530,0
35.83,53.68,-0.004,-0.003,531,0
35.81,53.58,-0.101,-0.013,532,0
35.77,53.56,-0.027,-0.043,533,0
35.83,53.44,-0.114,0.054,534,0
35.88,53.42,-0.02,0.054,535,0
35.85,53.35,-0.072,-0.03,536,0
35.89,53.16,-0.192,0.037,537,0
35.88,53.01,-0.145,-0.008,538,0
35.92,53.04,0.022,0.04,539,0
35.88,52.86,-0.171,-0.04,540,0
35.93,52.94,0.08,0.048,541,0
35.96,53.0,0.056,0.037,542,0
35.99,52.8,-0.201,0.024,543,0
35.99,52.63,-0.172,-0.0,544,0
35.96,52.43,-0.198,-0.024,545,0
35.94,52.39,-0.044,-0.025,546,0
35.92,52.34,-0.048,-0.019,547,0
35.95,52.28,-0.06,0.028,548,0
35.97,52.11,-0.163,0.025,549,0
35.99,51.92,-0.2,0.013,550,0
35.94,51.91,-0.006,-0.041,551,0
35.93,51.76,-0.154,-0.017,552,0
35.94,51.79,0.032,0.017,553,0
35.97,51.6,-0.189,0.02,554,0
35.96,51.4,-0.203,-0.006,555,0
36.0,51.27,-0.124,0.04,556,0
36.04,51.26,-0.007,0.041,557,0
36.08,51.07,-0.199,0.042,558,0
36.06,51.06,-0.01,-0.022,559,0
36.11,50.96,-0.091,0.053,560,0
36.1,50.79,-0.175,-0.013,561,0
36.11,50.84,0.055,0.008,562,0
36.11,50.69,-0.149,0.005,563,0
36.16,50.63,-0.068,0.048,564,0
36.14,50.43,-0.199,-0.02,565,0
36.13,50.38,-0.046,-0.012,566,0
36.1,50.3,-0.087,-0.029,567,0
36.09,50.19,-0.101,-0.01,568,0
36.07,50.18,-0.017,-0.021,569,0
36.07,50.27,0.088,0.005,570,0
36.09,50.3,0.039,0.018,571,0
36.13,50.36,0.059,0.044,572,0
36.09,50.4,0.039,-0.042,573,0
36.07,50.36,-0.039,-0.017,574,0
36.12,50.2,-0.16,0.045,575,0
36.08,50.2,-0.008,-0.036,576,0
36.13,50.11,-0.09,0.051,577,0
36.15,50.08,-0.021,0.018,578,0
36.13,49.95,-0.137,-0.021,579,0
36.18,49.79,-0.159,0.052,580,0
36.17,49.86,0.068,-0.012,581,0
36.15,49.81,-0.042,-0.024,582,0
36.16,49.65,-0.163,0.009,583,0
36.2,49.69,0.035,0.041,584,0
36.22,49.57,-0.112,0.025,585,0
36.19,49.52,-0.048,-0.032,586,0
36.24,49.62,0.094,0.053,587,0
36.29,49.46,-0.162,0.048,588,0
36.28,49.53,0.07,-0.013,589,0
36.33,49.49,-0.038,0.05,590,0
36.31,49.32,-0.17,-0.013,591,0
36.34,49.38,0.059,0.028,592,0
36.39,49.4,0.025,0.043,593,0
36.38,49.32,-0.081,-0.004,594,0
36.43,49.25,-0.072,0.048,595,0
36.48,49.31,0.063,0.048,596,0
36.51,49.19,-0.123,0.033,597,0
36.48,49.02,-0.173,-0.027,598,0
36.5,49.04,0.024,0.016,599,0
31.61,84.72,-0.086,0.013,0,0
31.61,84.67,-0.051,-0.005,1,0
31.63,84.66,-0.012,0.016,2,0
31.66,84.57,-0.082,0.03,3,0
31.61,84.53,-0.046,-0.042,4,0
31.56,84.39,-0.136,-0.052,5,0
31.51,84.43,0.036,-0.054,6,0
31.49,84.31,-0.113,-0.014,7,0
31.54,84.34,0.029,0.043,8,0
31.49,84.38,0.033,-0.049,9,0
31.53,84.46,0.084,0.043,10,0
31.53,84.53,0.066,-0.006,11,0
31.52,84.43,-0.096,-0.01,12,0
31.5,84.31,-0.12,-0.015,13,0
31.52,84.13,-0.181,0.018,14,0
31.49,84.05,-0.08,-0.024,15,0
31.51,84.04,-0.01,0.019,16,0
31.51,84.02,-0.016,-0.003,17,0
31.53,84.09,0.069,0.023,18,0
31.52,84.05,-0.038,-0.01,19,0
31.47,84.11,0.054,-0.051,20,0
31.47,84.21,0.105,-0.003,21,0
31.49,84.14,-0.075,0.018,22,0
31.48,84.11,-0.027,-0.004,23,0
31.43,84.11,-0.005,-0.05,24,0
31.42,84.0,-0.107,-0.016,25,0
31.45,83.9,-0.102,0.027,26,0
31.43,83.84,-0.055,-0.013,27,0
31.38,83.83,-0.01,-0.05,28,0
31.34,83.79,-0.039,-0.041,29,0
31.33,83.85,0.055,-0.01,30,0
31.29,83.87,0.023,-0.044,31,0
31.33,83.91,0.04,0.038,32,0
31.28,83.93,0.015,-0.042,33,0
31.27,83.86,-0.07,-0.01,34,0
31.28,83.72,-0.14,0.004,35,0
31.24,83.74,0.02,-0.035,36,0
31.21,83.68,-0.057,-0.03,37,0
31.25,83.69,0.014,0.035,38,0
31.26,83.74,0.045,0.016,39,0
31.22,83.58,-0.157,-0.044,40,0
31.2,83.52,-0.059,-0.019,41,0
31.18,83.49,-0.037,-0.017,42,0
31.18,83.53,0.043,-0.004,43,0
31.16,83.62,0.091,-0.017,44,0
31.18,83.54,-0.08,0.021,45,0
31.18,83.62,0.08,0.001,46,0
31.14,83.62,0.004,-0.04,47,0
31.11,83.69,0.067,-0.037,48,0
31.09,83.71,0.02,-0.013,49,0
31.11,83.61,-0.101,0.022,50,0
31.12,83.55,-0.06,0.007,51,0
31.08,83.39,-0.159,-0.042,52,0
31.09,83.26,-0.133,0.007,53,0
31.08,83.14,-0.118,-0.009,54,0
31.08,83.2,0.063,-0.001,55,0
31.11,83.01,-0.192,0.033,56,0
31.11,82.89,-0.122,0.004,57,0
31.1,82.84,-0.051,-0.014,58,0
31.1,82.67,-0.17,0.005,59,0
31.1,82.55,-0.12,-0.001,60,0
31.1,82.54,-0.008,0.0,61,0
31.05,82.59,0.054,-0.05,62,0
31.06,82.44,-0.149,0.01,63,0
31.09,82.26,-0.183,0.03,64,0
31.12,82.27,0.006,0.028,65,0
31.16,82.16,-0.104,0.037,66,0
31.14,81.98,-0.179,-0.014,67,0
31.16,81.84,-0.14,0.012,68,0
31.17,81.83,-0.011,0.014,69,0
31.19,81.82,-0.015,0.023,70,0
31.18,81.68,-0.141,-0.01,71,0
31.22,81.66,-0.02,0.038,72,0
31.2,81.49,-0.166,-0.025,73,0
31.18,81.41,-0.083,-0.017,74,0
31.17,81.23,-0.174,-0.013,75,0
31.14,81.2,-0.029,-0.026,76,0
31.15,81.05,-0.153,0.014,77,0
31.15,80.94,-0.112,-0.003,78,0
31.16,80.9,-0.036,0.014,79,0
31.12,80.89,-0.01,-0.044,80,0
31.13,80.92,0.025,0.008,81,0
31.12,81.02,0.102,-0.007,82,0
31.16,81.03,0.013,0.038,83,0
31.13,81.14,0.102,-0.027,84,0
31.11,81.12,-0.011,-0.024,85,0
31.15,81.09,-0.036,0.044,86,0
31.11,81.0,-0.088,-0.042,87,0
31.11,80.98,-0.025,-0.003,88,0
31.1,80.97,-0.004,-0.006,89,0
31.11,80.83,-0.14,0.006,90,0
31.15,80.85,0.019,0.043,91,0
31.1,80.66,-0.193,-0.053,92,0
31.05,80.65,-0.006,-0.044,93,0
31.08,80.71,0.061,0.025,94,0
31.06,80.82,0.106,-0.014,95,0
31.06,80.72,-0.094,0.001,96,0
31.01,80.72,-0.003,-0.054,97,0
30.98,80.59,-0.133,-0.027,98,0
30.96,80.63,0.043,-0.025,99,0
30.93,80.59,-0.042,-0.023,100,0
30.95,80.4,-0.192,0.013,101,0
30.97,80.3,-0.091,0.017,102,0
30.91,80.3,-0.009,-0.052,103,0
30.89,80.15,-0.141,-0.022,104,0
30.9,80.06,-0.092,0.012,105,0
30.93,80.14,0.081,0.024,106,0
30.92,80.14,-0.0,-0.007,107,0
30.95,80.14,-0.006,0.034,108,0
30.93,80.1,-0.033,-0.022,109,0
30.92,80.15,0.041,-0.014,110,0
30.95,80.17,0.029,0.028,111,0
30.96,80.07,-0.104,0.017,112,0
30.96,79.97,-0.099,-0.002,113,0
30.97,79.84,-0.131,0.013,114,0
31.01,79.89,0.046,0.033,115,0
31.05,79.8,-0.088,0.042,116,0
31.0,79.69,-0.11,-0.052,117,0
31.0,79.79,0.101,0.007,118,0
31.01,79.85,0.059,0.002,119,0
31.01,79.77,-0.077,0.004,120,0
31.03,79.84,0.066,0.02,121,0
31.01,79.85,0.018,-0.024,122,0
30.99,79.67,-0.184,-0.014,123,0
30.96,79.63,-0.045,-0.032,124,0
31.0,79.57,-0.058,0.04,125,0
30.98,79.44,-0.129,-0.025,126,0
31.0,79.28,-0.16,0.023,127,0
31.03,79.32,0.039,0.036,128,0
30.98,79.26,-0.061,-0.053,129,0
30.98,79.21,-0.049,-0.005,130,0
31.01,79.07,-0.137,0.037,131,0
31.01,79.1,0.026,-0.003,132,0
30.97,79.14,0.039,-0.041,133,0
31.0,79.2,0.068,0.027,134,0
31.01,79.29,0.088,0.012,135,0
31.03,79.14,-0.154,0.017,136,0
31.04,79.08,-0.056,0.016,137,0
30.99,79.04,-0.037,-0.055,138,0
31.0,79.13,0.086,0.013,139,0
30.95,79.11,-0.016,-0.047,140,0
30.9,79.06,-0.054,-0.051,141,0
30.91,79.02,-0.038,0.011,142,0
30.92,78.92,-0.1,0.002,143,0
30.95,78.82,-0.1,0.034,144,0
30.91,78.72,-0.098,-0.036,145,0
30.89,78.61,-0.111,-0.023,146,0
30.85,78.55,-0.062,-0.044,147,0
30.82,78.4,-0.149,-0.028,148,0
30.82,78.21,-0.189,0.007,149,0
30.79,78.17,-0.04,-0.035,150,0
30.77,78.09,-0.089,-0.024,151,0
30.78,77.93,-0.151,0.015,152,0
30.75,77.83,-0.109,-0.031,153,0
30.76,77.65,-0.172,0.006,154,0
30.75,77.56,-0.092,-0.011,155,0
30.74,77.41,-0.155,-0.008,156,0
30.69,77.41,0.009,-0.045,157,0
30.68,77.24,-0.178,-0.013,158,0
30.68,77.1,-0.14,0.004,159,0
30.71,77.08,-0.016,0.028,160,0
30.72,77.1,0.016,0.006,161,0
30.75,77.0,-0.1,0.026,162,0
30.76,77.02,0.02,0.012,163,0
30.8,76.98,-0.034,0.042,164,0
30.79,77.02,0.033,-0.009,165,0
30.82,76.86,-0.154,0.026,166,0
30.81,76.94,0.082,-0.009,167,0
30.82,76.89,-0.057,0.013,168,0
30.81,76.91,0.019,-0.009,169,0
30.78,76.78,-0.124,-0.033,170,0
30.79,76.85,0.064,0.006,171,0
30.77,76.93,0.08,-0.016,172,0
30.78,76.94,0.016,0.011,173,0
30.81,76.98,0.043,0.033,174,0
30.76,76.93,-0.058,-0.052,175,0
30.74,76.87,-0.051,-0.02,176,0
30.7,76.82,-0.055,-0.038,177,0
30.71,76.86,0.037,0.005,178,0
30.66,76.7,-0.156,-0.045,179,0
30.69,76.75,0.051,0.024,180,0
30.7,76.66,-0.096,0.01,181,0
30.69,76.7,0.044,-0.002,182,0
30.68,76.63,-0.074,-0.014,183,0
30.68,76.62,-0.008,-0.001,184,0
30.66,76.72,0.098,-0.017,185,0
30.69,76.63,-0.092,0.026,186,0
30.71,76.61,-0.017,0.023,187,0
30.74,76.55,-0.063,0.023,188,0
30.7,76.51,-0.03,-0.032,189,0
30.66,76.52,0.005,-0.048,190,0
30.66,76.61,0.085,0.002,191,0
30.66,76.56,-0.048,0.004,192,0
30.66,76.5,-0.055,0.0,193,0
30.62,76.55,0.053,-0.038,194,0
30.58,76.65,0.093,-0.048,195,0
30.6,76.49,-0.161,0.026,196,0
30.58,76.52,0.038,-0.017,197,0
30.59,76.48,-0.046,0.011,198,0
30.62,76.31,-0.167,0.026,199,0
30.66,76.38,0.072,0.035,200,0
30.6,76.38,-0.003,-0.055,201,0
30.56,76.23,-0.15,-0.04,202,0
30.54,76.2,-0.034,-0.016,203,0
30.51,76.18,-0.02,-0.036,204,0
30.48,76.19,0.011,-0.024,205,0
30.52,76.16,-0.023,0.036,206,0
30.56,76.06,-0.102,0.039,207,0
30.6,76.0,-0.063,0.043,208,0
30.56,75.91,-0.091,-0.046,209,0
30.6,75.72,-0.191,0.043,210,0
30.56,75.64,-0.073,-0.043,211,0
30.54,75.54,-0.106,-0.018,212,0
30.49,75.51,-0.029,-0.05,213,0
30.51,75.53,0.017,0.027,214,0
30.55,75.44,-0.086,0.031,215,0
30.51,75.51,0.066,-0.032,216,0
30.5,75.52,0.017,-0.016,217,0
30.48,75.42,-0.098,-0.017,218,0
30.48,75.34,-0.079,-0.001,219,0
30.47,75.35,0.005,-0.008,220,0
30.46,75.21,-0.137,-0.017,221,0
30.48,75.3,0.083,0.029,222,0
30.53,75.15,-0.148,0.044,223,0
30.49,75.16,0.007,-0.042,224,0
30.43,74.98,-0.172,-0.054,225,0
30.43,75.01,0.023,-0.007,226,0
30.47,74.94,-0.063,0.044,227,0
30.48,74.77,-0.168,0.009,228,0
30.47,74.71,-0.069,-0.01,229,0
30.47,74.75,0.043,0.005,230,0
30.44,74.68,-0.066,-0.037,231,0
30.44,74.64,-0.041,-0.0,232,0
30.42,74.58,-0.059,-0.02,233,0
30.42,74.44,-0.138,0.005,234,0
30.45,74.42,-0.02,0.029,235,0
30.45,74.3,-0.123,-0.005,236,0
30.44,74.23,-0.071,-0.001,237,0
30.49,74.15,-0.084,0.042,238,0
30.5,74.12,-0.023,0.015,239,0
30.5,73.96,-0.16,-0.007,240,0
30.45,73.98,0.013,-0.041,241,0
30.5,74.0,0.026,0.043,242,0
30.52,74.1,0.101,0.023,243,0
30.47,74.05,-0.054,-0.048,244,0
30.43,74.12,0.073,-0.047,245,0
30.44,74.07,-0.052,0.019,246,0
30.4,74.16,0.094,-0.048,247,0
30.42,74.16,-0.004,0.024,248,0
30.37,74.06,-0.1,-0.05,249,0
30.39,73.97,-0.091,0.022,250,0
30.39,73.92,-0.053,-0.004,251,0
30.41,73.86,-0.053,0.018,252,0
30.45,73.8,-0.068,0.041,253,0
30.42,73.84,0.046,-0.026,254,0
30.46,73.66,-0.183,0.037,255,0
30.48,73.69,0.031,0.017,256,0
30.43,73.66,-0.025,-0.049,257,0
30.39,73.61,-0.052,-0.038,258,0
30.43,73.43,-0.178,0.044,259,0
30.44,73.48,0.049,0.007,260,0
30.39,73.37,-0.108,-0.047,261,0
30.42,73.33,-0.042,0.03,262,0
30.38,73.22,-0.111,-0.042,263,0
30.41,73.11,-0.11,0.03,264,0
30.37,72.92,-0.19,-0.044,265,0
30.37,72.78,-0.141,0.004,266,0
30.36,72.63,-0.149,-0.011,267,0
30.33,72.68,0.048,-0.029,268,0
30.32,72.7,0.016,-0.007,269,0
30.35,72.74,0.046,0.031,270,0
30.31,72.65,-0.091,-0.047,271,0
30.35,72.5,-0.15,0.038,272,0
30.34,72.35,-0.148,-0.006,273,0
30.36,72.46,0.104,0.022,274,0
30.35,72.34,-0.122,-0.011,275,0
30.32,72.33,-0.003,-0.034,276,0
30.29,72.36,0.026,-0.021,277,0
30.31,72.36,-0.001,0.02,278,0
30.28,72.2,-0.159,-0.039,279,0
30.25,72.13,-0.074,-0.025,280,0
30.27,72.16,0.03,0.02,281,0
30.25,72.12,-0.034,-0.017,282,0
30.25,72.14,0.018,-0.008,283,0
30.28,71.99,-0.15,0.032,284,0
30.31,71.8,-0.19,0.037,285,0
30.33,71.74,-0.059,0.012,286,0
30.34,71.83,0.095,0.013,287,0
30.38,71.65,-0.182,0.036,288,0
30.42,71.65,-0.003,0.04,289,0
30.45,71.59,-0.064,0.036,290,0
30.43,71.65,0.064,-0.022,291,0
30.39,71.54,-0.114,-0.046,292,0
30.37,71.54,0.002,-0.016,293,0
30.39,71.58,0.038,0.02,294,0
30.39,71.6,0.026,0.004,295,0
30.37,71.47,-0.135,-0.022,296,0
30.33,71.48,0.013,-0.037,297,0
30.35,71.45,-0.03,0.012,298,0
30.29,71.51,0.056,-0.054,299,0
30.25,71.34,-0.165,-0.045,300,0
30.21,71.28,-0.06,-0.033,301,0
30.18,71.17,-0.109,-0.036,302,0
30.13,70.99,-0.187,-0.046,303,0
30.14,71.07,0.088,0.01,304,0
30.18,71.13,0.057,0.04,305,0
30.2,71.13,-0.002,0.015,306,0
30.23,70.97,-0.158,0.03,307,0
30.24,70.82,-0.155,0.01,308,0
30.24,70.89,0.076,0.001,309,0
30.27,70.99,0.096,0.034,310,0
30.24,71.0,0.015,-0.03,311,0
30.28,70.95,-0.054,0.038,312,0
30.32,70.95,-0.002,0.037,313,0
30.3,70.84,-0.111,-0.013,314,0
30.33,70.91,0.077,0.022,315,0
30.29,70.82,-0.097,-0.039,316,0
30.31,70.65,-0.172,0.022,317,0
30.29,70.57,-0.079,-0.022,318,0
30.33,70.39,-0.176,0.04,319,0
30.32,70.28,-0.114,-0.011,320,0
30.35,70.23,-0.046,0.038,321,0
30.32,70.22,-0.011,-0.038,322,0
30.28,70.17,-0.046,-0.041,323,0
30.24,70.21,0.037,-0.034,324,0
30.28,70.21,-0.001,0.036,325,0
30.23,70.23,0.021,-0.045,326,0
30.23,70.06,-0.172,0.002,327,0
30.22,69.94,-0.119,-0.011,328,0
30.18,70.01,0.075,-0.04,329,0
30.22,70.01,-0.002,0.038,330,0
30.19,70.02,0.006,-0.029,331,0
30.23,70.03,0.016,0.035,332,0
30.22,70.01,-0.021,-0.004,333,0
30.22,70.1,0.088,-0.006,334,0
30.25,70.04,-0.063,0.029,335,0
30.27,70.08,0.04,0.023,336,0
30.21,70.05,-0.032,-0.055,337,0
30.24,70.14,0.092,0.026,338,0
30.24,70.09,-0.049,0.001,339,0
30.22,70.18,0.087,-0.019,340,0
30.21,70.19,0.011,-0.015,341,0
30.25,70.18,-0.004,0.041,342,0
30.25,70.02,-0.167,-0.002,343,0
30.2,70.11,0.094,-0.047,344,0
30.22,70.05,-0.056,0.021,345,0
30.18,70.05,0.0,-0.038,346,0
30.17,69.87,-0.182,-0.017,347,0
30.18,69.74,-0.137,0.014,348,0
30.19,69.81,0.075,0.008,349,0
30.14,69.72,-0.086,-0.047,350,0
30.16,69.72,-0.004,0.018,351,0
30.12,69.57,-0.152,-0.036,352,0
30.13,69.59,0.022,0.004,353,0
30.08,69.54,-0.047,-0.049,354,0
30.05,69.51,-0.032,-0.025,355,0
30.08,69.48,-0.034,0.028,356,0
30.13,69.42,-0.059,0.044,357,0
30.08,69.24,-0.183,-0.05,358,0
30.02,69.28,0.042,-0.051,359,0
30.05,69.12,-0.158,0.025,360,0
30.04,69.13,0.006,-0.01,361,0
30.07,69.14,0.01,0.032,362,0
30.08,68.99,-0.149,0.003,363,0
30.02,69.07,0.084,-0.052,364,0
30.03,68.92,-0.151,0.01,365,0
30.07,68.87,-0.052,0.036,366,0
30.08,68.69,-0.18,0.015,367,0
30.05,68.53,-0.155,-0.038,368,0
30.02,68.35,-0.179,-0.025,369,0
30.01,68.4,0.044,-0.01,370,0
30.02,68.26,-0.143,0.004,371,0
29.97,68.31,0.051,-0.045,372,0
30.0,68.26,-0.045,0.025,373,0
30.02,68.13,-0.128,0.025,374,0
30.05,68.07,-0.066,0.026,375,0
30.06,68.17,0.101,0.012,376,0
30.1,68.07,-0.097,0.042,377,0
30.06,68.05,-0.021,-0.042,378,0
30.08,68.11,0.057,0.024,379,0
30.09,68.14,0.035,0.004,380,0
30.04,68.05,-0.093,-0.043,381,0
30.03,67.9,-0.151,-0.014,382,0
30.03,67.91,0.015,-0.0,383,0
30.07,67.85,-0.062,0.037,384,0
30.02,67.67,-0.182,-0.045,385,0
30.03,67.73,0.06,0.006,386,0
29.97,67.77,0.039,-0.054,387,0
29.92,67.72,-0.048,-0.055,388,0
29.87,67.58,-0.14,-0.046,389,0
29.91,67.58,0.002,0.033,390,0
29.93,67.52,-0.069,0.025,391,0
29.95,67.55,0.038,0.014,392,0
29.95,67.42,-0.132,0.009,393,0
29.94,67.38,-0.037,-0.014,394,0
29.95,67.47,0.088,0.006,395,0
29.91,67.29,-0.183,-0.037,396,0
29.95,67.25,-0.044,0.04,397,0
29.97,67.24,-0.006,0.023,398,0
29.92,67.15,-0.089,-0.055,399,0
29.87,67.03,-0.123,-0.044,400,0
29.83,66.99,-0.035,-0.046,401,0
29.85,66.91,-0.085,0.021,402,0
29.81,66.87,-0.032,-0.033,403,0
29.83,66.91,0.037,0.011,404,0
29.79,66.8,-0.111,-0.036,405,0
29.8,66.85,0.045,0.013,406,0
29.79,66.94,0.097,-0.008,407,0
29.81,66.8,-0.141,0.012,408,0
29.82,66.62,-0.181,0.009,409,0
29.8,66.51,-0.108,-0.012,410,0
29.83,66.42,-0.094,0.025,411,0
29.78,66.45,0.034,-0.051,412,0
29.81,66.48,0.028,0.037,413,0
29.84,66.34,-0.141,0.023,414,0
29.79,66.29,-0.048,-0.044,415,0
29.81,66.37,0.075,0.017,416,0
29.79,66.35,-0.016,-0.023,417,0
29.8,66.22,-0.134,0.012,418,0
29.82,66.12,-0.096,0.023,419,0
29.78,66.02,-0.096,-0.046,420,0
29.81,66.05,0.027,0.032,421,0
29.78,65.97,-0.081,-0.033,422,0
29.77,65.92,-0.053,-0.007,423,0
29.73,65.99,0.073,-0.041,424,0
29.72,66.08,0.085,-0.01,425,0
29.68,66.0,-0.078,-0.042,426,0
29.68,66.02,0.022,0.008,427,0
29.65,66.12,0.099,-0.035,428,0
29.66,65.96,-0.156,0.014,429,0
29.62,65.79,-0.176,-0.042,430,0
29.61,65.85,0.062,-0.009,431,0
29.59,65.71,-0.142,-0.021,432,0
29.6,65.78,0.072,0.005,433,0
29.6,65.82,0.043,0.008,434,0
29.57,65.81,-0.01,-0.038,435,0
29.6,65.91,0.097,0.03,436,0
29.63,65.74,-0.168,0.03,437,0
29.67,65.69,-0.047,0.044,438,0
29.7,65.68,-0.016,0.028,439,0
29.72,65.57,-0.11,0.018,440,0
29.69,65.59,0.027,-0.031,441,0
29.69,65.5,-0.096,0.003,442,0
29.69,65.57,0.074,0.004,443,0
29.69,65.42,-0.149,0.002,444,0
29.74,65.23,-0.192,0.043,445,0
29.73,65.05,-0.182,-0.008,446,0
29.68,65.08,0.037,-0.052,447,0
29.67,65.05,-0.035,-0.007,448,0
29.7,65.1,0.046,0.027,449,0
29.66,65.04,-0.058,-0.031,450,0
29.61,65.01,-0.026,-0.054,451,0
29.65,65.04,0.026,0.04,452,0
29.62,64.88,-0.154,-0.026,453,0
29.58,64.88,0.0,-0.046,454,0
29.55,64.83,-0.05,-0.025,455,0
29.58,64.85,0.017,0.03,456,0
29.53,64.88,0.03,-0.053,457,0
29.55,64.82,-0.057,0.022,458,0
29.54,64.89,0.068,-0.015,459,0
29.52,64.94,0.043,-0.018,460,0
29.53,64.88,-0.055,0.008,461,0
29.48,64.94,0.064,-0.048,462,0
29.46,65.02,0.074,-0.022,463,0
29.44,64.84,-0.184,-0.013,464,0
29.48,64.72,-0.113,0.039,465,0
29.51,64.69,-0.031,0.024,466,0
29.46,64.73,0.042,-0.047,467,0
29.48,64.8,0.07,0.018,468,0
29.52,64.63,-0.177,0.039,469,0
29.55,64.64,0.009,0.033,470,0
29.53,64.47,-0.161,-0.019,471,0
29.51,64.47,-0.008,-0.019,472,0
29.51,64.33,-0.141,0.001,473,0
29.53,64.15,-0.174,0.016,474,0
29.57,64.02,-0.132,0.043,475,0
29.53,63.9,-0.122,-0.044,476,0
29.57,63.85,-0.05,0.039,477,0
29.61,63.83,-0.02,0.041,478,0
29.63,63.7,-0.131,0.019,479,0
29.61,63.57,-0.126,-0.02,480,0
29.62,63.46,-0.114,0.013,481,0
29.57,63.35,-0.111,-0.049,482,0
29.56,63.25,-0.09,-0.007,483,0
29.52,63.22,-0.036,-0.043,484,0
29.53,63.24,0.019,0.012,485,0
29.51,63.2,-0.034,-0.026,486,0
29.53,63.2,-0.008,0.025,487,0
29.56,63.29,0.09,0.026,488,0
29.51,63.37,0.088,-0.049,489,0
29.5,63.45,0.074,-0.01,490,0
29.53,63.28,-0.17,0.034,491,0
29.57,63.17,-0.107,0.04,492,0
29.55,63.01,-0.161,-0.028,493,0
29.54,63.03,0.015,-0.006,494,0
29.54,63.09,0.069,-0.003,495,0
29.51,63.09,-0.006,-0.026,496,0
29.51,63.19,0.097,-0.001,497,0
29.49,63.03,-0.154,-0.021,498,0
29.5,62.97,-0.061,0.009,499,0
29.45,62.86,-0.106,-0.049,500,0
29.42,62.93,0.068,-0.032,501,0
29.43,63.02,0.09,0.009,502,0
29.4,62.95,-0.07,-0.021,503,0
29.38,62.95,-0.0,-0.023,504,0
29.4,62.94,-0.016,0.014,505,0
29.39,62.99,0.059,-0.011,506,0
29.34,62.89,-0.103,-0.042,507,0
29.31,62.93,0.043,-0.038,508,0
29.3,62.82,-0.116,-0.007,509,0
29.32,62.92,0.097,0.022,510,0
29.3,62.74,-0.18,-0.02,511,0
29.26,62.68,-0.057,-0.039,512,0
29.28,62.76,0.083,0.016,513,0
29.32,62.65,-0.108,0.042,514,0
29.33,62.71,0.058,0.014,515,0
29.29,62.72,0.006,-0.04,516,0
29.24,62.6,-0.122,-0.051,517,0
29.2,62.5,-0.099,-0.043,518,0
29.16,62.38,-0.116,-0.037,519,0
29.11,62.36,-0.025,-0.052,520,0
29.09,62.26,-0.099,-0.021,521,0
29.09,62.18,-0.082,-0.001,522,0
29.06,62.03,-0.145,-0.025,523,0
29.05,62.11,0.082,-0.015,524,0
29.01,62.07,-0.044,-0.041,525,0
28.98,62.01,-0.056,-0.023,526,0
29.0,61.82,-0.193,0.018,527,0
28.98,61.92,0.099,-0.022,528,0
28.97,61.94,0.018,-0.008,529,0
29.01,61.83,-0.107,0.039,530,0
29.01,61.93,0.1,0.002,531,0
29.01,61.78,-0.15,0.001,532,0
29.0,61.86,0.078,-0.011,533,0
29.02,61.87,0.013,0.018,534,0
28.98,61.95,0.076,-0.041,535,0
28.95,61.92,-0.029,-0.025,536,0
28.98,61.85,-0.073,0.029,537,0
28.94,61.79,-0.06,-0.046,538,0
28.95,61.61,-0.177,0.009,539,0
28.91,61.59,-0.019,-0.033,540,0
28.89,61.68,0.087,-0.028,541,0
28.88,61.49,-0.187,-0.002,542,0
28.9,61.43,-0.06,0.012,543,0
28.89,61.26,-0.168,-0.004,544,0
28.87,61.13,-0.136,-0.024,545,0
28.91,61.11,-0.012,0.039,546,0
28.89,61.19,0.079,-0.019,547,0
28.92,61.04,-0.149,0.03,548,0
28.9,60.96,-0.083,-0.018,549,0
28.88,60.85,-0.108,-0.02,550,0
28.91,60.95,0.099,0.032,551,0
28.93,60.78,-0.168,0.017,552,0
28.97,60.72,-0.061,0.044,553,0
28.95,60.77,0.047,-0.026,554,0
28.99,60.82,0.048,0.042,555,0
29.02,60.75,-0.067,0.034,556,0
29.03,60.6,-0.152,0.003,557,0
28.99,60.43,-0.168,-0.035,558,0
29.02,60.38,-0.051,0.031,559,0
28.97,60.48,0.102,-0.049,560,0
28.99,60.58,0.094,0.02,561,0
28.98,60.41,-0.167,-0.014,562,0
28.97,60.49,0.08,-0.014,563,0
28.98,60.46,-0.027,0.016,564,0
28.94,60.49,0.033,-0.042,565,0
28.92,60.36,-0.138,-0.017,566,0
28.87,60.33,-0.028,-0.051,567,0
28.9,60.38,0.054,0.028,568,0
28.9,60.28,-0.103,0.001,569,0
28.85,60.23,-0.055,-0.053,570,0
28.82,60.03,-0.193,-0.029,571,0
28.85,60.13,0.093,0.028,572,0
28.86,60.07,-0.052,0.01,573,0
28.84,60.15,0.074,-0.014,574,0
28.86,60.1,-0.046,0.013,575,0
28.81,59.98,-0.12,-0.043,576,0
28.86,59.87,-0.111,0.044,577,0
28.88,59.7,-0.174,0.019,578,0
28.88,59.68,-0.02,0.001,579,0
28.88,59.74,0.067,0.007,580,0
28.9,59.69,-0.051,0.014,581,0
28.89,59.53,-0.158,-0.004,582,0
28.92,59.51,-0.021,0.029,583,0
28.87,59.37,-0.145,-0.05,584,0
28.91,59.27,-0.098,0.032,585,0
28.87,59.12,-0.153,-0.039,586,0
28.85,59.0,-0.112,-0.013,587,0
28.83,59.08,0.08,-0.02,588,0
28.83,58.98,-0.107,-0.002,589,0
28.83,59.06,0.087,-0.004,590,0
28.79,59.1,0.036,-0.037,591,0
28.81,58.93,-0.166,0.02,592,0
28.84,58.9,-0.031,0.032,593,0
28.86,58.96,0.054,0.013,594,0
28.87,58.85,-0.104,0.013,595,0
28.82,58.87,0.013,-0.046,596,0
28.85,58.85,-0.02,0.027,597,0
28.85,58.66,-0.19,-0.004,598,0
28.84,58.58,-0.082,-0.007,599,0
32.07,88.8,-0.13,0.033,0,0
32.1,88.8,-0.002,0.026,1,0
32.1,88.77,-0.028,-0.004,2,0
32.12,88.75,-0.021,0.019,3,0
32.11,88.6,-0.152,-0.011,4,0
32.13,88.43,-0.163,0.025,5,0
32.12,88.52,0.091,-0.009,6,0
32.1,88.43,-0.093,-0.021,7,0
32.13,88.49,0.059,0.032,8,0
32.15,88.48,-0.007,0.019,9,0
32.17,88.4,-0.084,0.014,10,0
32.19,88.22,-0.178,0.025,11,0
32.22,88.1,-0.119,0.029,12,0
32.19,87.96,-0.143,-0.034,13,0
32.14,87.81,-0.149,-0.044,14,0
32.15,87.65,-0.163,0.012,15,0
32.1,87.7,0.049,-0.049,16,0
32.12,87.74,0.046,0.019,17,0
32.08,87.57,-0.173,-0.046,18,0
32.07,87.62,0.052,-0.006,19,0
32.03,87.45,-0.168,-0.045,20,0
31.98,87.34,-0.11,-0.05,21,0
31.99,87.36,0.014,0.019,22,0
32.03,87.41,0.049,0.035,23,0
32.06,87.28,-0.125,0.033,24,0
32.04,87.15,-0.131,-0.022,25,0
32.07,86.99,-0.159,0.028,26,0
32.11,87.09,0.096,0.038,27,0
32.07,87.01,-0.082,-0.041,28,0
32.08,86.97,-0.036,0.016,29,0
32.08,86.86,-0.114,0.0,30,0
32.08,86.7,-0.156,0.001,31,0
32.05,86.52,-0.182,-0.035,32,0
32.02,86.39,-0.129,-0.029,33,0
32.02,86.47,0.084,-0.003,34,0
31.97,86.58,0.106,-0.047,35,0
31.96,86.46,-0.122,-0.006,36,0
31.94,86.48,0.026,-0.02,37,0
31.93,86.48,-0.009,-0.013,38,0
31.89,86.58,0.101,-0.039,39,0
31.87,86.5,-0.08,-0.019,40,0
31.84,86.38,-0.122,-0.034,41,0
31.88,86.22,-0.152,0.042,42,0
31.83,86.07,-0.149,-0.046,43,0
31.85,85.93,-0.145,0.019,44,0
31.85,85.95,0.025,-0.001,45,0
31.83,85.78,-0.174,-0.024,46,0
31.8,85.63,-0.151,-0.029,47,0
31.77,85.62,-0.006,-0.026,48,0
31.76,85.73,0.107,-0.013,49,0
31.73,85.71,-0.02,-0.028,50,0
31.69,85.78,0.07,-0.038,51,0
31.72,85.61,-0.165,0.027,52,0
31.73,85.57,-0.043,0.011,53,0
31.78,85.44,-0.132,0.043,54,0
31.73,85.4,-0.039,-0.046,55,0
31.74,85.34,-0.055,0.009,56,0
31.7,85.18,-0.161,-0.043,57,0
31.7,85.12,-0.066,0.002,58,0
31.73,84.96,-0.156,0.036,59,0
31.68,85.07,0.107,-0.05,60,0
31.66,85.18,0.106,-0.023,61,0
31.7,85.17,-0.008,0.042,62,0
31.73,85.02,-0.149,0.027,63,0
31.7,85.05,0.031,-0.029,64,0
31.7,85.08,0.028,0.001,65,0
31.72,84.97,-0.104,0.022,66,0
31.71,84.98,0.007,-0.017,67,0
31.71,84.94,-0.043,0.003,68,0
31.7,84.87,-0.065,-0.008,69,0
31.72,84.77,-0.102,0.02,70,0
31.69,84.62,-0.154,-0.032,71,0
31.7,84.58,-0.037,0.006,72,0
31.65,84.43,-0.146,-0.047,73,0
31.6,84.26,-0.17,-0.05,74,0
31.64,84.28,0.017,0.04,75,0
31.65,84.21,-0.071,0.011,76,0
31.65,84.07,-0.14,0.005,77,0
31.61,83.91,-0.157,-0.049,78,0
31.63,83.95,0.039,0.02,79,0
31.59,84.0,0.052,-0.037,80,0
31.58,84.02,0.012,-0.008,81,0
31.56,83.91,-0.108,-0.023,82,0
31.56,83.98,0.072,-0.002,83,0
31.5,84.08,0.1,-0.054,84,0
31.54,84.02,-0.057,0.035,85,0
31.51,83.95,-0.071,-0.025,86,0
31.5,83.88,-0.073,-0.011,87,0
31.5,83.7,-0.176,-0.001,88,0
31.47,83.77,0.072,-0.027,89,0
31.46,83.8,0.026,-0.008,90,0
31.48,83.65,-0.146,0.015,91,0
31.43,83.61,-0.04,-0.046,92,0
31.44,83.63,0.016,0.009,93,0
31.44,83.65,0.019,0.0,94,0
31.47,83.61,-0.043,0.029,95,0
31.45,83.57,-0.034,-0.018,96,0
31.49,83.53,-0.038,0.04,97,0
31.47,83.53,-0.001,-0.022,98,0
31.45,83.64,0.107,-0.025,99,0
31.39,83.46,-0.178,-0.052,100,0
31.37,83.53,0.065,-0.022,101,0
31.32,83.56,0.036,-0.054,102,0
31.3,83.65,0.081,-0.023,103,0
31.27,83.49,-0.157,-0.022,104,0
31.25,83.41,-0.079,-0.022,105,0
31.22,83.42,0.012,-0.032,106,0
31.22,83.43,0.008,0.002,107,0
31.17,83.52,0.087,-0.05,108,0
31.15,83.42,-0.095,-0.023,109,0
31.12,83.24,-0.18,-0.024,110,0
31.15,83.19,-0.048,0.029,111,0
31.19,83.18,-0.016,0.033,112,0
31.2,83.07,-0.106,0.013,113,0
31.24,83.06,-0.01,0.042,114,0
31.22,82.99,-0.073,-0.018,115,0
31.25,82.98,-0.014,0.024,116,0
31.26,82.82,-0.156,0.011,117,0
31.25,82.73,-0.085,-0.007,118,0
31.23,82.78,0.043,-0.023,119,0
31.21,82.78,-0.002,-0.021,120,0
31.2,82.72,-0.055,-0.007,121,0
31.22,82.79,0.068,0.022,122,0
31.22,82.85,0.066,-0.003,123,0
31.17,82.75,-0.1,-0.052,124,0
31.15,82.87,0.113,-0.017,125,0
31.17,82.75,-0.118,0.017,126,0
31.19,82.59,-0.159,0.028,127,0
31.17,82.43,-0.158,-0.023,128,0
31.19,82.27,-0.166,0.023,129,0
31.16,82.22,-0.044,-0.036,130,0
31.17,82.28,0.053,0.008,131,0
31.19,82.18,-0.096,0.024,132,0
31.19,82.12,-0.056,-0.003,133,0
31.17,82.0,-0.126,-0.017,134,0
31.16,82.0,0.001,-0.012,135,0
31.12,82.04,0.043,-0.039,136,0
31.13,81.86,-0.181,0.013,137,0
31.13,81.93,0.073,0.001,138,0
31.17,81.81,-0.122,0.039,139,0
31.16,81.85,0.037,-0.01,140,0
31.16,81.94,0.095,-0.004,141,0
31.18,81.94,-0.002,0.02,142,0
31.18,81.89,-0.056,-0.0,143,0
31.18,81.89,0.002,-0.005,144,0
31.13,81.81,-0.077,-0.042,145,0
31.14,81.67,-0.141,0.012,146,0
31.13,81.57,-0.096,-0.013,147,0
31.16,81.48,-0.091,0.026,148,0
31.12,81.32,-0.167,-0.037,149,0
31.15,81.25,-0.062,0.025,150,0
31.12,81.26,0.008,-0.031,151,0
31.1,81.26,-0.006,-0.016,152,0
31.06,81.1,-0.152,-0.038,153,0
31.09,80.99,-0.112,0.026,154,0
31.09,80.94,-0.047,-0.001,155,0
31.09,80.89,-0.055,0.008,156,0
31.05,80.71,-0.175,-0.041,157,0
31.02,80.57,-0.145,-0.031,158,0
31.03,80.62,0.055,0.009,159,0
31.06,80.49,-0.133,0.028,160,0
31.05,80.59,0.103,-0.008,161,0
31.08,80.41,-0.18,0.029,162,0
31.08,80.25,-0.161,0.003,163,0
31.12,80.33,0.074,0.033,164,0
31.1,80.26,-0.064,-0.021,165,0
31.05,80.27,0.011,-0.048,166,0
31.06,80.37,0.097,0.016,167,0
31.02,80.23,-0.144,-0.046,168,0
31.05,80.26,0.034,0.036,169,0
31.08,80.23,-0.03,0.026,170,0
31.12,80.33,0.099,0.036,171,0
31.15,80.22,-0.111,0.032,172,0
31.1,80.1,-0.115,-0.045,173,0
31.08,80.16,0.056,-0.024,174,0
31.06,80.15,-0.011,-0.018,175,0
31.03,80.19,0.038,-0.033,176,0
30.99,80.13,-0.059,-0.042,177,0
31.03,79.99,-0.134,0.04,178,0
30.99,79.94,-0.054,-0.031,179,0
30.99,79.93,-0.009,-0.008,180,0
31.02,79.86,-0.074,0.038,181,0
31.01,79.77,-0.091,-0.015,182,0
31.05,79.78,0.019,0.039,183,0
31.09,79.86,0.078,0.037,184,0
31.1,79.78,-0.077,0.015,185,0
31.05,79.85,0.06,-0.055,186,0
31.05,79.95,0.104,0.004,187,0
31.06,80.02,0.066,0.009,188,0
31.07,80.11,0.096,0.012,189,0
31.04,80.16,0.05,-0.033,190,0
31.01,80.14,-0.02,-0.026,191,0
30.99,80.24,0.101,-0.021,192,0
30.95,80.3,0.058,-0.045,193,0
30.98,80.37,0.074,0.029,194,0
31.01,80.3,-0.07,0.034,195,0
31.05,80.24,-0.068,0.041,196,0
31.0,80.13,-0.109,-0.048,197,0
30.97,80.19,0.061,-0.033,198,0
31.0,80.06,-0.123,0.032,199,0
31.01,80.15,0.089,0.006,200,0
31.03,80.23,0.078,0.02,201,0
30.97,80.17,-0.064,-0.054,202,0
31.0,80.24,0.074,0.025,203,0
30.99,80.34,0.096,-0.01,204,0
31.02,80.27,-0.062,0.027,205,0
31.05,80.3,0.029,0.031,206,0
31.07,80.36,0.06,0.026,207,0
31.07,80.39,0.023,-0.006,208,0
31.07,80.31,-0.081,0.003,209,0
31.09,80.36,0.058,0.017,210,0
31.03,80.31,-0.05,-0.054,211,0
31.04,80.14,-0.171,0.007,212,0
31.06,80.15,0.003,0.022,213,0
31.04,80.0,-0.145,-0.017,214,0
31.02,80.0,0.002,-0.026,215,0
30.98,79.84,-0.161,-0.041,216,0
31.02,79.81,-0.031,0.04,217,0
31.04,79.87,0.063,0.019,218,0
31.05,79.94,0.068,0.012,219,0
31.02,79.99,0.052,-0.025,220,0
31.04,79.95,-0.043,0.017,221,0
31.05,79.84,-0.108,0.012,222,0
31.08,79.9,0.062,0.023,223,0
31.06,79.78,-0.127,-0.015,224,0
31.09,79.65,-0.132,0.031,225,0
31.12,79.74,0.097,0.032,226,0
31.16,79.62,-0.119,0.038,227,0
31.17,79.72,0.091,0.008,228,0
31.2,79.72,0.002,0.034,229,0
31.17,79.82,0.106,-0.037,230,0
31.13,79.85,0.024,-0.04,231,0
31.11,79.78,-0.066,-0.014,232,0
31.06,79.67,-0.108,-0.048,233,0
31.1,79.6,-0.076,0.038,234,0
31.12,79.45,-0.151,0.015,235,0
31.15,79.39,-0.056,0.035,236,0
31.16,79.34,-0.05,0.01,237,0
31.18,79.19,-0.151,0.014,238,0
31.21,79.06,-0.129,0.029,239,0
31.18,79.11,0.048,-0.028,240,0
31.13,79.07,-0.038,-0.044,241,0
31.14,79.14,0.071,0.003,242,0
31.11,79.26,0.112,-0.029,243,0
31.09,79.27,0.017,-0.015,244,0
31.05,79.21,-0.064,-0.042,245,0
31.02,79.11,-0.099,-0.031,246,0
31.05,79.11,-0.001,0.034,247,0
31.06,79.03,-0.075,0.012,248,0
31.01,78.99,-0.049,-0.056,249,0
30.98,78.84,-0.146,-0.025,250,0
31.0,78.86,0.022,0.012,251,0
31.01,78.89,0.028,0.014,252,0
30.98,78.92,0.035,-0.031,253,0
30.93,78.77,-0.158,-0.051,254,0
30.89,78.68,-0.086,-0.033,255,0
30.94,78.77,0.086,0.043,256,0
30.98,78.86,0.096,0.04,257,0
30.99,78.85,-0.007,0.018,258,0
30.96,78.68,-0.172,-0.032,259,0
30.94,78.68,-0.0,-0.027,260,0
30.92,78.61,-0.068,-0.02,261,0
30.92,78.72,0.104,-0.001,262,0
30.89,78.71,-0.012,-0.031,263,0
30.92,78.67,-0.035,0.036,264,0
30.88,78.75,0.077,-0.044,265,0
30.87,78.66,-0.091,-0.004,266,0
30.83,78.51,-0.144,-0.045,267,0
30.78,78.34,-0.173,-0.044,268,0
30.81,78.42,0.075,0.027,269,0
30.85,78.45,0.038,0.036,270,0
30.88,78.35,-0.101,0.031,271,0
30.9,78.35,-0.002,0.019,272,0
30.87,78.24,-0.107,-0.026,273,0
30.85,78.33,0.082,-0.025,274,0
30.87,78.44,0.112,0.019,275,0
30.89,78.3,-0.141,0.028,276,0
30.92,78.31,0.011,0.023,277,0
30.87,78.14,-0.17,-0.042,278,0
30.82,78.02,-0.117,-0.053,279,0
30.83,77.91,-0.108,0.014,280,0
30.88,77.86,-0.055,0.043,281,0
30.82,77.95,0.092,-0.053,282,0
30.84,77.87,-0.079,0.014,283,0
30.83,77.83,-0.041,-0.008,284,0
30.86,77.9,0.068,0.03,285,0
30.81,77.75,-0.149,-0.048,286,0
30.77,77.82,0.074,-0.039,287,0
30.77,77.69,-0.136,-0.006,288,0
30.8,77.58,-0.104,0.032,289,0
30.8,77.57,-0.01,0.001,290,0
30.8,77.68,0.105,-0.004,291,0
30.78,77.66,-0.015,-0.015,292,0
30.8,77.5,-0.163,0.02,293,0
30.83,77.52,0.017,0.032,294,0
30.85,77.34,-0.178,0.011,295,0
30.83,77.36,0.018,-0.017,296,0
30.87,77.35,-0.009,0.038,297,0
30.82,77.41,0.065,-0.042,298,0
30.85,77.25,-0.162,0.026,299,0
30.84,77.26,0.012,-0.012,300,0
30.84,77.36,0.1,0.003,301,0
30.88,77.18,-0.184,0.04,302,0
30.92,77.19,0.011,0.038,303,0
30.94,77.1,-0.089,0.016,304,0
30.97,77.13,0.034,0.039,305,0
30.94,77.12,-0.015,-0.036,306,0
30.95,76.95,-0.172,0.007,307,0
30.9,76.86,-0.089,-0.051,308,0
30.93,76.69,-0.165,0.038,309,0
30.92,76.62,-0.072,-0.017,310,0
30.96,76.49,-0.133,0.04,311,0
30.91,76.56,0.074,-0.048,312,0
30.87,76.63,0.07,-0.041,313,0
30.84,76.68,0.048,-0.028,314,0
30.85,76.72,0.04,0.008,315,0
30.84,76.57,-0.15,-0.008,316,0
30.86,76.51,-0.056,0.024,317,0
30.88,76.42,-0.093,0.012,318,0
30.88,76.27,-0.147,0.01,319,0
30.88,76.34,0.063,-0.006,320,0
30.91,76.3,-0.039,0.032,321,0
30.91,76.25,-0.043,-0.001,322,0
30.93,76.19,-0.059,0.019,323,0
30.93,76.25,0.057,0.004,324,0
30.92,76.2,-0.056,-0.014,325,0
30.9,76.02,-0.174,-0.023,326,0
30.86,75.98,-0.047,-0.034,327,0
30.82,75.99,0.02,-0.041,328,0
30.83,75.96,-0.038,0.006,329,0
30.8,75.93,-0.029,-0.028,330,0
30.83,75.87,-0.055,0.034,331,0
30.79,75.83,-0.043,-0.042,332,0
30.82,75.68,-0.148,0.033,333,0
30.82,75.75,0.066,-0.005,334,0
30.77,75.65,-0.098,-0.052,335,0
30.71,75.49,-0.163,-0.052,336,0
30.7,75.33,-0.154,-0.014,337,0
30.71,75.18,-0.158,0.009,338,0
30.68,75.16,-0.016,-0.032,339,0
30.63,75.05,-0.11,-0.049,340,0
30.58,75.02,-0.035,-0.046,341,0
30.54,75.03,0.012,-0.039,342,0
30.53,74.9,-0.131,-0.018,343,0
30.56,74.74,-0.161,0.031,344,0
30.56,74.64,-0.097,0.002,345,0
30.57,74.59,-0.05,0.01,346,0
30.54,74.59,0.001,-0.03,347,0
30.57,74.69,0.104,0.03,348,0
30.53,74.56,-0.13,-0.038,349,0
30.53,74.6,0.038,0.003,350,0
30.49,74.68,0.075,-0.046,351,0
30.43,74.65,-0.026,-0.056,352,0
30.39,74.5,-0.151,-0.04,353,0
30.4,74.46,-0.043,0.012,354,0
30.44,74.53,0.074,0.04,355,0
30.44,74.53,-0.006,-0.008,356,0
30.48,74.53,-0.001,0.04,357,0
30.49,74.45,-0.078,0.01,358,0
30.47,74.47,0.021,-0.017,359,0
30.43,74.37,-0.095,-0.044,360,0
30.38,74.19,-0.182,-0.046,361,0
30.42,74.01,-0.181,0.04,362,0
30.38,74.08,0.072,-0.036,363,0
30.39,74.09,0.008,0.008,364,0
30.4,74.04,-0.055,0.006,365,0
30.36,74.09,0.051,-0.038,366,0
30.35,73.99,-0.096,-0.011,367,0
30.29,73.95,-0.044,-0.055,368,0
30.25,73.81,-0.136,-0.042,369,0
30.29,73.83,0.025,0.039,370,0
30.32,73.79,-0.045,0.029,371,0
30.28,73.78,-0.011,-0.037,372,0
30.31,73.76,-0.015,0.026,373,0
30.25,73.59,-0.171,-0.056,374,0
30.27,73.6,0.003,0.014,375,0
30.3,73.7,0.108,0.028,376,0
30.3,73.74,0.035,0.003,377,0
30.27,73.72,-0.02,-0.028,378,0
30.26,73.68,-0.04,-0.008,379,0
30.27,73.67,-0.009,0.004,380,0
30.29,73.69,0.017,0.025,381,0
30.31,73.65,-0.04,0.015,382,0
30.29,73.62,-0.028,-0.015,383,0
30.24,73.53,-0.091,-0.051,384,0
30.23,73.61,0.082,-0.015,385,0
30.22,73.57,-0.044,-0.007,386,0
30.2,73.66,0.096,-0.022,387,0
30.14,73.68,0.023,-0.055,388,0
30.1,73.59,-0.1,-0.038,389,0
30.07,73.5,-0.083,-0.034,390,0
30.1,73.38,-0.12,0.034,391,0
30.11,73.3,-0.084,0.003,392,0
30.12,73.36,0.067,0.009,393,0
30.09,73.22,-0.147,-0.028,394,0
30.13,73.24,0.027,0.039,395,0
30.14,73.31,0.064,0.01,396,0
30.16,73.34,0.034,0.023,397,0
30.19,73.4,0.054,0.028,398,0
30.16,73.4,0.0,-0.029,399,0
30.17,73.44,0.039,0.01,400,0
30.13,73.29,-0.147,-0.037,401,0
30.09,73.28,-0.004,-0.047,402,0
30.13,73.22,-0.061,0.042,403,0
30.09,73.13,-0.095,-0.036,404,0
30.04,72.96,-0.172,-0.055,405,0
30.02,73.03,0.078,-0.021,406,0
30.04,72.89,-0.139,0.026,407,0
29.99,72.98,0.082,-0.054,408,0
29.97,72.81,-0.167,-0.014,409,0
29.93,72.81,-0.001,-0.045,410,0
29.9,72.69,-0.119,-0.031,411,0
29.88,72.61,-0.084,-0.021,412,0
29.91,72.43,-0.172,0.031,413,0
29.87,72.33,-0.106,-0.042,414,0
29.86,72.35,0.021,-0.005,415,0
29.87,72.36,0.015,0.014,416,0
29.86,72.46,0.092,-0.013,417,0
29.89,72.41,-0.049,0.027,418,0
29.84,72.25,-0.153,-0.046,419,0
29.86,72.25,-0.003,0.021,420,0
29.89,72.35,0.098,0.025,421,0
29.84,72.18,-0.174,-0.046,422,0
29.87,72.18,0.003,0.03,423,0
29.83,72.27,0.087,-0.041,424,0
29.82,72.17,-0.099,-0.013,425,0
29.84,72.13,-0.034,0.016,426,0
29.84,71.98,-0.156,0.008,427,0
29.8,71.89,-0.086,-0.043,428,0
29.79,71.96,0.068,-0.013,429,0
29.81,71.9,-0.061,0.02,430,0
29.83,71.78,-0.113,0.024,431,0
29.82,71.7,-0.084,-0.006,432,0
29.81,71.54,-0.161,-0.02,433,0
29.78,71.58,0.04,-0.021,434,0
29.74,71.59,0.013,-0.042,435,0
29.73,71.63,0.04,-0.015,436,0
29.75,71.52,-0.118,0.023,437,0
29.74,71.45,-0.062,-0.016,438,0
29.76,71.41,-0.049,0.028,439,0
29.74,71.46,0.052,-0.021,440,0
29.7,71.28,-0.177,-0.042,441,0
29.72,71.1,-0.183,0.024,442,0
29.68,71.19,0.097,-0.048,443,0
29.72,71.1,-0.092,0.041,444,0
29.67,70.97,-0.137,-0.051,445,0
29.68,71.01,0.042,0.009,446,0
29.71,71.01,0.006,0.033,447,0
29.71,70.84,-0.169,0.006,448,0
29.72,70.87,0.028,0.009,449,0
29.7,70.84,-0.03,-0.027,450,0
29.71,70.78,-0.066,0.011,451,0
29.68,70.76,-0.02,-0.026,452,0
29.72,70.79,0.037,0.034,453,0
29.69,70.61,-0.184,-0.029,454,0
29.72,70.58,-0.028,0.035,455,0
29.71,70.61,0.024,-0.012,456,0
29.71,70.48,-0.125,-0.002,457,0
29.72,70.53,0.05,0.008,458,0
29.75,70.55,0.023,0.032,459,0
29.73,70.6,0.048,-0.016,460,0
29.7,70.48,-0.127,-0.027,461,0
29.68,70.3,-0.175,-0.023,462,0
29.7,70.33,0.031,0.017,463,0
29.74,70.18,-0.148,0.042,464,0
29.69,70.08,-0.101,-0.048,465,0
29.69,70.06,-0.021,-0.005,466,0
29.65,70.1,0.041,-0.041,467,0
29.67,69.93,-0.178,0.023,468,0
29.64,69.92,-0.008,-0.033,469,0
29.65,69.96,0.046,0.016,470,0
29.61,70.07,0.11,-0.046,471,0
29.59,69.91,-0.168,-0.02,472,0
29.57,69.91,0.002,-0.021,473,0
29.57,69.74,-0.172,0.008,474,0
29.55,69.59,-0.149,-0.027,475,0
29.53,69.62,0.035,-0.012,476,0
29.56,69.73,0.109,0.024,477,0
29.56,69.84,0.111,-0.0,478,0
29.56,69.92,0.082,0.006,479,0
29.57,69.9,-0.026,0.003,480,0
29.54,69.82,-0.081,-0.028,481,0
29.55,69.87,0.049,0.015,482,0
29.57,69.88,0.016,0.015,483,0
29.54,69.85,-0.03,-0.032,484,0
29.54,69.76,-0.088,0.001,485,0
29.52,69.82,0.061,-0.021,486,0
29.53,69.67,-0.157,0.014,487,0
29.48,69.73,0.062,-0.049,488,0
29.51,69.56,-0.167,0.032,489,0
29.5,69.52,-0.043,-0.012,490,0
29.5,69.44,-0.075,-0.004,491,0
29.49,69.43,-0.01,-0.005,492,0
29.46,69.37,-0.068,-0.031,493,0
29.45,69.33,-0.036,-0.015,494,0
29.48,69.27,-0.054,0.036,495,0
29.52,69.24,-0.039,0.04,496,0
29.48,69.3,0.061,-0.042,497,0
29.49,69.15,-0.148,0.014,498,0
29.51,69.0,-0.147,0.014,499,0
29.46,69.07,0.073,-0.045,500,0
29.45,68.95,-0.122,-0.01,501,0
29.49,68.99,0.038,0.037,502,0
29.53,68.91,-0.075,0.038,503,0
29.51,68.91,-0.006,-0.016,504,0
29.51,68.76,-0.15,0.0,505,0
29.47,68.58,-0.174,-0.042,506,0
29.51,68.51,-0.075,0.042,507,0
29.51,68.41,-0.095,-0.008,508,0
29.46,68.47,0.051,-0.043,509,0
29.41,68.46,-0.009,-0.052,510,0
29.44,68.54,0.082,0.032,511,0
29.47,68.42,-0.121,0.025,512,0
29.42,68.38,-0.04,-0.045,513,0
29.45,68.3,-0.082,0.03,514,0
29.45,68.24,-0.061,0.0,515,0
29.49,68.22,-0.016,0.033,516,0
29.48,68.27,0.048,-0.009,517,0
29.48,68.3,0.03,0.004,518,0
29.47,68.34,0.042,-0.006,519,0
29.46,68.29,-0.048,-0.012,520,0
29.49,68.24,-0.051,0.03,521,0
29.52,68.15,-0.089,0.023,522,0
29.5,68.16,0.013,-0.016,523,0
29.48,68.05,-0.116,-0.017,524,0
29.52,68.02,-0.024,0.039,525,0
29.54,68.11,0.081,0.017,526,0
29.57,68.11,0.008,0.03,527,0
29.57,68.14,0.026,0.0,528,0
29.58,68.19,0.053,0.014,529,0
29.54,68.17,-0.018,-0.045,530,0
29.5,68.16,-0.018,-0.038,531,0
29.5,68.16,-0.001,0.001,532,0
29.5,67.98,-0.17,0.0,533,0
29.49,67.86,-0.129,-0.009,534,0
29.45,67.94,0.083,-0.045,535,0
29.41,68.03,0.095,-0.039,536,0
29.43,67.85,-0.18,0.022,537,0
29.44,67.74,-0.113,0.014,538,0
29.43,67.82,0.08,-0.012,539,0
29.43,67.88,0.056,0.004,540,0
29.38,67.81,-0.066,-0.052,541,0
29.33,67.88,0.072,-0.055,542,0
29.31,67.83,-0.055,-0.015,543,0
29.29,67.9,0.072,-0.025,544,0
29.24,67.79,-0.109,-0.045,545,0
29.2,67.63,-0.156,-0.04,546,0
29.17,67.49,-0.143,-0.031,547,0
29.14,67.33,-0.159,-0.026,548,0
29.1,67.27,-0.064,-0.04,549,0
29.08,67.27,-0.002,-0.024,550,0
29.03,67.09,-0.178,-0.051,551,0
29.0,67.02,-0.069,-0.025,552,0
28.98,66.96,-0.062,-0.024,553,0
29.0,66.88,-0.073,0.026,554,0
28.97,66.73,-0.15,-0.037,555,0
28.97,66.77,0.039,0.002,556,0
28.99,66.74,-0.038,0.018,557,0
28.94,66.66,-0.071,-0.045,558,0
28.93,66.5,-0.168,-0.01,559,0
28.92,66.43,-0.064,-0.008,560,0
28.89,66.37,-0.064,-0.034,561,0
28.86,66.45,0.08,-0.03,562,0
28.87,66.55,0.103,0.011,563,0
28.87,66.44,-0.112,-0.001,564,0
28.84,66.49,0.049,-0.026,565,0
28.79,66.42,-0.064,-0.049,566,0
28.76,66.43,0.005,-0.037,567,0
28.74,66.53,0.104,-0.02,568,0
28.76,66.64,0.109,0.021,569,0
28.74,66.62,-0.025,-0.015,570,0
28.73,66.7,0.087,-0.012,571,0
28.72,66.52,-0.186,-0.01,572,0
28.69,66.58,0.063,-0.028,573,0
28.64,66.69,0.105,-0.057,574,0
28.63,66.78,0.094,-0.009,575,0
28.66,66.77,-0.007,0.027,576,0
28.63,66.7,-0.072,-0.022,577,0
28.64,66.71,0.004,0.002,578,0
28.58,66.67,-0.033,-0.052,579,0
28.58,66.71,0.036,-0.001,580,0
28.57,66.61,-0.096,-0.017,581,0
28.52,66.46,-0.149,-0.043,582,0
28.49,66.44,-0.019,-0.029,583,0
28.5,66.39,-0.057,0.004,584,0
28.47,66.49,0.101,-0.025,585,0
28.45,66.51,0.018,-0.023,586,0
28.47,66.4,-0.108,0.018,587,0
28.44,66.35,-0.05,-0.032,588,0
28.41,66.46,0.109,-0.023,589,0
28.42,66.41,-0.048,0.003,590,0
28.43,66.23,-0.181,0.012,591,0
28.37,66.24,0.008,-0.057,592,0
28.41,66.19,-0.043,0.033,593,0
28.39,66.21,0.016,-0.016,594,0
28.4,66.29,0.082,0.013,595,0
28.4,66.33,0.043,-0.003,596,0
28.41,66.38,0.05,0.008,597,0
28.35,66.22,-0.163,-0.054,598,0
28.36,66.28,0.063,0.01,599,0
34.07,82.06,-0.176,0.033,0,0
34.02,82.04,-0.02,-0.043,1,0
34.07,81.95,-0.09,0.05,2,0
34.05,81.86,-0.095,-0.021,3,0
34.04,81.63,-0.223,-0.015,4,0
34.03,81.68,0.048,-0.008,5,0
34.05,81.48,-0.202,0.018,6,0
34.08,81.34,-0.138,0.028,7,0
34.08,81.18,-0.158,0.006,8,0
34.07,81.06,-0.12,-0.015,9,0
34.09,81.1,0.043,0.027,10,0
34.07,80.94,-0.166,-0.024,11,0
34.07,80.96,0.018,-0.004,12,0
34.08,80.99,0.032,0.013,13,0
34.09,80.91,-0.081,0.012,14,0
34.1,80.88,-0.031,0.013,15,0
34.12,80.85,-0.024,0.013,16,0
34.09,80.64,-0.209,-0.031,17,0
34.07,80.43,-0.209,-0.017,18,0
34.05,80.38,-0.058,-0.021,19,0
34.08,80.31,-0.072,0.035,20,0
34.11,80.13,-0.171,0.024,21,0
34.13,80.2,0.069,0.026,22,0
34.12,80.13,-0.069,-0.018,23,0
34.12,80.07,-0.061,0.002,24,0
34.14,80.13,0.053,0.021,25,0
34.1,80.18,0.054,-0.038,26,0
34.1,80.23,0.053,-0.0,27,0
34.08,80.3,0.07,-0.016,28,0
34.09,80.28,-0.025,0.003,29,0
34.12,80.16,-0.12,0.032,30,0
34.1,80.19,0.036,-0.021,31,0
34.1,80.05,-0.145,-0.001,32,0
34.05,79.95,-0.094,-0.043,33,0
34.02,79.78,-0.17,-0.035,34,0
33.98,79.73,-0.057,-0.041,35,0
34.03,79.72,-0.008,0.054,36,0
34.0,79.62,-0.102,-0.036,37,0
33.97,79.46,-0.154,-0.027,38,0
33.99,79.33,-0.136,0.019,39,0
33.99,79.13,-0.2,0.005,40,0
34.01,79.14,0.014,0.016,41,0
34.0,79.1,-0.041,-0.01,42,0
33.97,78.95,-0.154,-0.033,43,0
33.96,78.79,-0.157,-0.009,44,0
33.95,78.58,-0.212,-0.01,45,0
34.0,78.59,0.009,0.051,46,0
34.02,78.59,0.004,0.019,47,0
34.04,78.59,0.0,0.019,48,0
34.0,78.54,-0.055,-0.035,49,0
33.96,78.33,-0.211,-0.04,50,0
34.0,78.19,-0.135,0.041,51,0
33.97,77.98,-0.209,-0.031,52,0
33.97,78.03,0.047,0.001,53,0
33.99,77.89,-0.138,0.019,54,0
34.02,77.68,-0.209,0.024,55,0
34.0,77.62,-0.061,-0.014,56,0
33.97,77.51,-0.114,-0.034,57,0
33.95,77.5,-0.003,-0.02,58,0
33.97,77.45,-0.049,0.023,59,0
33.96,77.23,-0.226,-0.005,60,0
34.01,77.24,0.01,0.045,61,0
34.0,77.2,-0.043,-0.009,62,0
34.03,77.25,0.053,0.035,63,0
34.02,77.16,-0.093,-0.011,64,0
33.99,76.98,-0.171,-0.033,65,0
33.95,76.93,-0.05,-0.037,66,0
33.93,76.94,0.008,-0.024,67,0
33.95,76.89,-0.057,0.02,68,0
33.95,76.73,-0.152,-0.001,69,0
33.95,76.72,-0.011,0.001,70,0
33.99,76.57,-0.156,0.036,71,0
33.97,76.36,-0.211,-0.012,72,0
34.03,76.26,-0.098,0.053,73,0
34.01,76.26,-0.002,-0.012,74,0
34.05,76.29,0.037,0.034,75,0
34.04,76.11,-0.185,-0.013,76,0
34.03,75.98,-0.126,-0.007,77,0
34.04,75.76,-0.226,0.015,78,0
34.01,75.73,-0.025,-0.038,79,0
34.05,75.65,-0.077,0.04,80,0
34.05,75.68,0.029,-0.001,81,0
34.02,75.51,-0.17,-0.023,82,0
34.06,75.56,0.044,0.035,83,0
34.08,75.43,-0.126,0.023,84,0
34.13,75.41,-0.02,0.055,85,0
34.12,75.36,-0.049,-0.01,86,0
34.18,75.31,-0.055,0.053,87,0
34.18,75.26,-0.044,-0.002,88,0
34.18,75.08,-0.18,0.002,89,0
34.14,75.09,0.008,-0.039,90,0
34.1,74.93,-0.163,-0.043,91,0
34.08,74.76,-0.162,-0.02,92,0
34.06,74.72,-0.042,-0.02,93,0
34.11,74.71,-0.008,0.052,94,0
34.14,74.59,-0.129,0.031,95,0
34.11,74.42,-0.167,-0.025,96,0
34.11,74.49,0.068,-0.007,97,0
34.07,74.28,-0.207,-0.04,98,0
34.05,74.09,-0.194,-0.014,99,0
34.07,73.91,-0.17,0.015,100,0
34.03,73.92,0.001,-0.039,101,0
34.0,73.7,-0.22,-0.024,102,0
34.05,73.52,-0.177,0.045,103,0
34.04,73.51,-0.013,-0.009,104,0
34.01,73.44,-0.062,-0.026,105,0
34.05,73.22,-0.222,0.041,106,0
34.01,73.27,0.044,-0.041,107,0
34.01,73.24,-0.026,-0.006,108,0
33.97,73.25,0.007,-0.032,109,0
33.96,73.3,0.052,-0.013,110,0
34.0,73.14,-0.157,0.037,111,0
34.05,73.11,-0.03,0.051,112,0
34.11,73.18,0.064,0.056,113,0
34.15,73.21,0.036,0.044,114,0
34.12,73.0,-0.209,-0.029,115,0
34.16,73.05,0.048,0.036,116,0
34.15,72.88,-0.171,-0.006,117,0
34.17,72.76,-0.116,0.017,118,0
34.15,72.83,0.064,-0.019,119,0
34.17,72.61,-0.215,0.018,120,0
34.18,72.44,-0.172,0.01,121,0
34.17,72.45,0.008,-0.011,122,0
34.2,72.24,-0.213,0.036,123,0
34.25,72.27,0.033,0.042,124,0
34.29,72.33,0.062,0.045,125,0
34.25,72.17,-0.166,-0.035,126,0
34.28,72.08,-0.088,0.023,127,0
34.29,71.87,-0.209,0.007,128,0
34.31,71.87,-0.003,0.021,129,0
34.31,71.79,-0.076,0.006,130,0
34.3,71.7,-0.089,-0.011,131,0
34.33,71.58,-0.117,0.026,132,0
34.33,71.57,-0.014,0.006,133,0
34.33,71.42,-0.148,-0.003,134,0
34.35,71.47,0.048,0.015,135,0
34.32,71.25,-0.218,-0.021,136,0
34.37,71.08,-0.168,0.043,137,0
34.35,70.97,-0.11,-0.013,138,0
34.37,71.01,0.038,0.014,139,0
34.36,71.06,0.052,-0.006,140,0
34.33,71.0,-0.064,-0.03,141,0
34.33,70.8,-0.204,0.001,142,0
34.35,70.67,-0.123,0.015,143,0
34.37,70.58,-0.089,0.019,144,0
34.37,70.48,-0.101,0.003,145,0
34.41,70.38,-0.106,0.037,146,0
34.4,70.24,-0.134,-0.005,147,0
34.38,70.07,-0.175,-0.02,148,0
34.37,70.03,-0.035,-0.008,149,0
34.41,69.83,-0.204,0.041,150,0
34.43,69.75,-0.075,0.021,151,0
34.48,69.76,0.007,0.049,152,0
34.45,69.56,-0.199,-0.036,153,0
34.42,69.34,-0.217,-0.023,154,0
34.41,69.17,-0.17,-0.011,155,0
34.45,69.04,-0.138,0.038,156,0
34.44,69.01,-0.024,-0.016,157,0
34.49,69.0,-0.017,0.056,158,0
34.52,69.07,0.071,0.032,159,0
34.57,69.06,-0.007,0.048,160,0
34.56,68.83,-0.226,-0.014,161,0
34.59,68.85,0.018,0.035,162,0
34.59,68.74,-0.108,-0.003,163,0
34.61,68.69,-0.055,0.022,164,0
34.62,68.6,-0.087,0.008,165,0
34.59,68.6,-0.0,-0.029,166,0
34.57,68.49,-0.11,-0.021,167,0
34.58,68.49,-0.004,0.004,168,0
34.61,68.41,-0.074,0.035,169,0
34.64,68.41,-0.001,0.029,170,0
34.67,68.32,-0.09,0.036,171,0
34.65,68.19,-0.135,-0.025,172,0
34.68,68.19,0.002,0.026,173,0
34.68,68.02,-0.166,0.002,174,0
34.67,67.96,-0.061,-0.006,175,0
34.64,67.91,-0.056,-0.031,176,0
34.6,67.96,0.054,-0.042,177,0
34.64,67.98,0.014,0.04,178,0
34.64,67.85,-0.127,-0.002,179,0
34.63,67.83,-0.023,-0.003,180,0
34.64,67.83,0.005,0.01,181,0
34.6,67.7,-0.131,-0.041,182,0
34.65,67.71,0.007,0.049,183,0
34.7,67.52,-0.183,0.052,184,0
34.72,67.39,-0.13,0.02,185,0
34.74,67.35,-0.048,0.017,186,0
34.8,67.38,0.031,0.055,187,0
34.79,67.21,-0.168,-0.004,188,0
34.77,67.14,-0.068,-0.025,189,0
34.78,66.94,-0.196,0.014,190,0
34.83,66.85,-0.093,0.046,191,0
34.79,66.65,-0.201,-0.033,192,0
34.75,66.59,-0.063,-0.04,193,0
34.76,66.57,-0.022,0.005,194,0
34.72,66.39,-0.173,-0.037,195,0
34.71,66.45,0.06,-0.015,196,0
34.73,66.29,-0.159,0.023,197,0
34.69,66.09,-0.208,-0.038,198,0
34.67,66.01,-0.073,-0.026,199,0
34.66,66.04,0.029,-0.002,200,0
34.63,65.86,-0.182,-0.032,201,0
34.63,65.79,-0.068,0.004,202,0
34.69,65.58,-0.208,0.052,203,0
34.66,65.62,0.031,-0.03,204,0
34.66,65.45,-0.167,-0.0,205,0
34.66,65.43,-0.016,0.004,206,0
34.71,65.39,-0.048,0.05,207,0
34.72,65.33,-0.053,0.007,208,0
34.7,65.31,-0.023,-0.016,209,0
34.67,65.08,-0.227,-0.029,210,0
34.67,64.87,-0.21,-0.004,211,0
34.68,64.89,0.014,0.009,212,0
34.72,64.93,0.044,0.044,213,0
34.74,64.84,-0.091,0.014,214,0
34.72,64.83,-0.008,-0.015,215,0
34.72,64.87,0.036,0.002,216,0
34.75,64.85,-0.019,0.028,217,0
34.77,64.71,-0.14,0.018,218,0
34.74,64.72,0.014,-0.026,219,0
34.79,64.57,-0.154,0.047,220,0
34.79,64.56,-0.009,0.002,221,0
34.77,64.61,0.044,-0.025,222,0
34.76,64.55,-0.058,-0.004,223,0
34.74,64.6,0.055,-0.019,224,0
34.73,64.64,0.032,-0.016,225,0
34.71,64.59,-0.04,-0.014,226,0
34.74,64.64,0.046,0.026,227,0
34.72,64.63,-0.012,-0.022,228,0
34.77,64.55,-0.081,0.056,229,0
34.83,64.49,-0.063,0.056,230,0
34.8,64.28,-0.206,-0.033,231,0
34.79,64.28,0.001,-0.011,232,0
34.77,64.19,-0.093,-0.018,233,0
34.77,64.11,-0.077,0.003,234,0
34.8,63.9,-0.207,0.026,235,0
34.79,63.9,-0.004,-0.005,236,0
34.83,63.89,-0.005,0.042,237,0
34.79,63.78,-0.11,-0.042,238,0
34.84,63.59,-0.194,0.048,239,0
34.87,63.46,-0.131,0.031,240,0
34.83,63.38,-0.083,-0.037,241,0
34.82,63.31,-0.064,-0.019,242,0
34.79,63.37,0.056,-0.029,243,0
34.83,63.39,0.017,0.041,244,0
34.78,63.21,-0.178,-0.042,245,0
34.77,63.01,-0.199,-0.014,246,0
34.77,62.94,-0.068,-0.004,247,0
34.8,62.74,-0.205,0.033,248,0
34.77,62.71,-0.026,-0.028,249,0
34.75,62.59,-0.121,-0.022,250,0
34.77,62.37,-0.218,0.024,251,0
34.8,62.21,-0.164,0.026,252,0
34.84,62.23,0.022,0.038,253,0
34.87,62.19,-0.036,0.028,254,0
34.86,62.23,0.04,-0.004,255,0
34.82,62.1,-0.136,-0.038,256,0
34.86,61.87,-0.227,0.034,257,0
34.91,61.87,0.001,0.049,258,0
34.89,61.75,-0.116,-0.02,259,0
34.89,61.55,-0.201,-0.001,260,0
34.88,61.62,0.068,-0.01,261,0
34.9,61.45,-0.171,0.023,262,0
34.94,61.29,-0.163,0.045,263,0
34.98,61.3,0.01,0.04,264,0
34.96,61.12,-0.178,-0.027,265,0
34.92,61.01,-0.104,-0.033,266,0
34.94,60.88,-0.131,0.013,267,0
34.91,60.71,-0.172,-0.023,268,0
34.96,60.65,-0.066,0.05,269,0
34.94,60.45,-0.193,-0.022,270,0
34.92,60.33,-0.122,-0.026,271,0
34.9,60.22,-0.108,-0.012,272,0
34.91,60.11,-0.112,0.002,273,0
34.94,59.9,-0.209,0.038,274,0
34.94,59.87,-0.034,-0.007,275,0
34.92,59.66,-0.209,-0.022,276,0
34.93,59.52,-0.138,0.016,277,0
34.9,59.59,0.066,-0.033,278,0
34.96,59.52,-0.068,0.056,279,0
34.93,59.55,0.026,-0.026,280,0
34.95,59.61,0.059,0.017,281,0
34.97,59.67,0.066,0.026,282,0
35.03,59.65,-0.025,0.054,283,0
35.02,59.63,-0.021,-0.01,284,0
35.06,59.59,-0.038,0.045,285,0
35.1,59.45,-0.133,0.042,286,0
35.09,59.37,-0.084,-0.01,287,0
35.11,59.32,-0.046,0.015,288,0
35.13,59.21,-0.114,0.021,289,0
35.14,59.05,-0.159,0.015,290,0
35.12,59.12,0.068,-0.02,291,0
35.17,59.07,-0.044,0.046,292,0
35.2,58.94,-0.136,0.03,293,0
35.22,58.94,-0.002,0.019,294,0
35.21,58.73,-0.211,-0.006,295,0
35.18,58.59,-0.14,-0.028,296,0
35.14,58.42,-0.167,-0.04,297,0
35.16,58.47,0.048,0.016,298,0
35.19,58.52,0.055,0.03,299,0
35.18,58.39,-0.13,-0.016,300,0
35.21,58.36,-0.036,0.033,301,0
35.26,58.28,-0.073,0.054,302,0
35.25,58.25,-0.034,-0.015,303,0
35.29,58.03,-0.222,0.041,304,0
35.27,57.9,-0.129,-0.019,305,0
35.32,57.83,-0.067,0.047,306,0
35.3,57.8,-0.029,-0.019,307,0
35.33,57.78,-0.023,0.028,308,0
35.32,57.73,-0.046,-0.005,309,0
35.32,57.6,-0.132,0.001,310,0
35.37,57.37,-0.227,0.044,311,0
35.34,57.17,-0.208,-0.024,312,0
35.31,57.13,-0.038,-0.029,313,0
35.28,56.96,-0.168,-0.034,314,0
35.32,56.91,-0.051,0.04,315,0
35.3,56.96,0.051,-0.02,316,0
35.33,56.75,-0.205,0.029,317,0
35.36,56.62,-0.135,0.029,318,0
35.33,56.46,-0.155,-0.026,319,0
35.31,56.31,-0.154,-0.015,320,0
35.33,56.22,-0.094,0.02,321,0
35.37,56.07,-0.147,0.035,322,0
35.42,55.86,-0.205,0.054,323,0
35.4,55.75,-0.109,-0.027,324,0
35.4,55.66,-0.096,0.007,325,0
35.44,55.65,-0.008,0.033,326,0
35.47,55.67,0.017,0.036,327,0
35.47,55.44,-0.223,-0.005,328,0
35.5,55.47,0.027,0.032,329,0
35.52,55.52,0.048,0.016,330,0
35.54,55.34,-0.183,0.029,331,0
35.55,55.18,-0.152,0.003,332,0
35.54,55.09,-0.093,-0.006,333,0
35.51,55.04,-0.047,-0.036,334,0
35.51,54.86,-0.188,0.003,335,0
35.48,54.67,-0.182,-0.024,336,0
35.49,54.45,-0.225,0.007,337,0
35.5,54.44,-0.011,0.006,338,0
35.55,54.49,0.049,0.051,339,0
35.54,54.55,0.062,-0.006,340,0
35.56,54.47,-0.082,0.021,341,0
35.56,54.42,-0.052,-0.003,342,0
35.61,54.2,-0.217,0.049,343,0
35.62,54.09,-0.113,0.013,344,0
35.62,53.91,-0.17,0.0,345,0
35.67,53.76,-0.152,0.048,346,0
35.68,53.75,-0.012,0.008,347,0
35.7,53.67,-0.082,0.025,348,0
35.72,53.65,-0.02,0.022,349,0
35.75,53.7,0.049,0.03,350,0
35.71,53.54,-0.156,-0.04,351,0
35.73,53.56,0.015,0.02,352,0
35.76,53.53,-0.026,0.026,353,0
35.74,53.5,-0.035,-0.017,354,0
35.77,53.4,-0.092,0.025,355,0
35.78,53.25,-0.152,0.017,356,0
35.82,53.31,0.057,0.041,357,0
35.86,53.08,-0.225,0.034,358,0
35.91,53.05,-0.035,0.048,359,0
35.92,52.94,-0.109,0.015,360,0
35.93,52.98,0.042,0.008,361,0
35.93,52.81,-0.172,-0.001,362,0
35.91,52.83,0.02,-0.018,363,0
35.96,52.69,-0.138,0.053,364,0
35.96,52.66,-0.031,-0.005,365,0
35.96,52.52,-0.136,-0.002,366,0
35.99,52.56,0.034,0.029,367,0
36.01,52.35,-0.202,0.02,368,0
36.0,52.36,0.004,-0.009,369,0
36.03,52.17,-0.186,0.031,370,0
36.02,52.22,0.05,-0.004,371,0
36.08,52.09,-0.136,0.055,372,0
36.04,52.1,0.016,-0.043,373,0
36.06,51.89,-0.208,0.026,374,0
36.08,51.82,-0.071,0.022,375,0
36.06,51.81,-0.009,-0.026,376,0
36.09,51.7,-0.116,0.027,377,0
36.06,51.53,-0.169,-0.025,378,0
36.06,51.58,0.056,0.002,379,0
36.04,51.6,0.016,-0.025,380,0
36.01,51.39,-0.211,-0.025,381,0
35.99,51.39,-0.001,-0.018,382,0
35.99,51.43,0.042,-0.003,383,0
36.01,51.39,-0.041,0.019,384,0
35.98,51.42,0.032,-0.027,385,0
35.98,51.28,-0.141,-0.006,386,0
35.97,51.13,-0.146,-0.009,387,0
35.97,51.08,-0.053,0.004,388,0
35.94,51.05,-0.027,-0.033,389,0
35.97,50.84,-0.21,0.032,390,0
35.99,50.62,-0.227,0.015,391,0
35.95,50.68,0.068,-0.034,392,0
35.91,50.61,-0.072,-0.043,393,0
35.97,50.56,-0.048,0.055,394,0
36.01,50.56,-0.0,0.05,395,0
36.01,50.48,-0.087,-0.01,396,0
36.0,50.38,-0.1,-0.006,397,0
36.06,50.42,0.038,0.056,398,0
36.11,50.43,0.016,0.051,399,0
36.1,50.4,-0.029,-0.006,400,0
36.09,50.19,-0.212,-0.008,401,0
36.06,50.06,-0.13,-0.033,402,0
36.09,49.97,-0.092,0.026,403,0
36.13,49.96,-0.011,0.045,404,0
36.15,49.77,-0.187,0.017,405,0
36.13,49.8,0.032,-0.016,406,0
36.17,49.78,-0.019,0.038,407,0
36.19,49.67,-0.118,0.018,408,0
36.19,49.64,-0.031,0.004,409,0
36.17,49.53,-0.105,-0.025,410,0
36.22,49.6,0.067,0.052,411,0
36.18,49.61,0.015,-0.042,412,0
36.14,49.49,-0.121,-0.039,413,0
36.13,49.51,0.014,-0.011,414,0
36.15,49.41,-0.095,0.017,415,0
36.16,49.3,-0.109,0.018,416,0
36.16,49.1,-0.204,-0.001,417,0
36.21,49.15,0.051,0.05,418,0
36.25,49.21,0.067,0.042,419,0
36.28,49.26,0.043,0.03,420,0
36.26,49.12,-0.141,-0.024,421,0
36.27,48.93,-0.186,0.009,422,0
36.31,48.87,-0.057,0.042,423,0
36.28,48.8,-0.077,-0.031,424,0
36.27,48.81,0.01,-0.013,425,0
36.28,48.78,-0.027,0.011,426,0
36.25,48.81,0.034,-0.027,427,0
36.22,48.72,-0.095,-0.032,428,0
36.2,48.69,-0.03,-0.019,429,0
36.23,48.52,-0.165,0.032,430,0
36.2,48.49,-0.031,-0.035,431,0
36.23,48.39,-0.098,0.028,432,0
36.28,48.21,-0.181,0.049,433,0
36.31,48.26,0.042,0.033,434,0
36.29,48.09,-0.163,-0.018,435,0
36.34,48.01,-0.086,0.046,436,0
36.31,47.82,-0.192,-0.03,437,0
36.34,47.75,-0.068,0.029,438,0
36.36,47.55,-0.202,0.026,439,0
36.41,47.58,0.033,0.05,440,0
36.43,47.58,0.001,0.017,441,0
36.42,47.54,-0.036,-0.006,442,0
36.45,47.53,-0.014,0.03,443,0
36.47,47.42,-0.114,0.021,444,0
36.52,47.36,-0.06,0.042,445,0
36.5,47.37,0.014,-0.021,446,0
36.46,47.18,-0.194,-0.035,447,0
36.49,46.97,-0.202,0.031,448,0
36.52,47.03,0.052,0.031,449,0
36.52,46.83,-0.194,-0.007,450,0
36.57,46.86,0.027,0.052,451,0
36.52,46.8,-0.056,-0.043,452,0
36.53,46.59,-0.21,0.01,453,0
36.59,46.62,0.025,0.055,454,0
36.58,46.49,-0.133,-0.007,455,0
36.62,46.46,-0.025,0.036,456,0
36.63,46.39,-0.073,0.017,457,0
36.63,46.23,-0.162,-0.004,458,0
36.63,46.16,-0.067,0.003,459,0
36.68,45.97,-0.185,0.051,460,0
36.69,46.0,0.022,0.007,461,0
36.71,45.9,-0.092,0.017,462,0
36.73,45.72,-0.185,0.023,463,0
36.76,45.73,0.012,0.027,464,0
36.75,45.68,-0.049,-0.013,465,0
36.71,45.75,0.068,-0.031,466,0
36.74,45.82,0.07,0.027,467,0
36.78,45.73,-0.085,0.039,468,0
36.81,45.65,-0.08,0.027,469,0
36.86,45.54,-0.116,0.055,470,0
36.9,45.41,-0.129,0.039,471,0
36.93,45.24,-0.166,0.03,472,0
36.96,45.26,0.014,0.027,473,0
37.0,45.05,-0.213,0.043,474,0
37.01,44.87,-0.175,0.005,475,0
37.06,44.76,-0.111,0.055,476,0
37.1,44.73,-0.031,0.041,477,0
37.11,44.8,0.069,0.011,478,0
37.14,44.67,-0.128,0.024,479,0
37.17,44.74,0.068,0.032,480,0
37.18,44.63,-0.111,0.009,481,0
37.21,44.48,-0.144,0.026,482,0
37.25,44.31,-0.17,0.042,483,0
37.22,44.2,-0.111,-0.03,484,0
37.23,44.2,-0.003,0.015,485,0
37.27,44.21,0.013,0.042,486,0
37.28,44.19,-0.016,0.002,487,0
37.25,44.02,-0.18,-0.03,488,0
37.23,44.0,-0.02,-0.014,489,0
37.21,43.81,-0.185,-0.022,490,0
37.24,43.81,-0.004,0.03,491,0
37.27,43.58,-0.226,0.029,492,0
37.29,43.52,-0.056,0.024,493,0
37.27,43.59,0.068,-0.029,494,0
37.27,43.65,0.056,-0.001,495,0
37.31,43.67,0.024,0.049,496,0
37.37,43.47,-0.2,0.054,497,0
37.33,43.3,-0.175,-0.038,498,0
37.35,43.36,0.065,0.022,499,0
37.41,43.31,-0.051,0.054,500,0
37.4,43.27,-0.041,-0.003,501,0
37.38,43.05,-0.219,-0.019,502,0
37.41,42.97,-0.082,0.025,503,0
37.43,43.03,0.058,0.022,504,0
37.46,42.91,-0.116,0.026,505,0
37.48,42.92,0.01,0.022,506,0
37.52,42.93,0.005,0.043,507,0
37.51,42.89,-0.034,-0.016,508,0
37.5,42.86,-0.033,-0.007,509,0
37.46,42.67,-0.193,-0.035,510,0
37.49,42.58,-0.082,0.023,511,0
37.45,42.51,-0.076,-0.041,512,0
37.46,42.45,-0.057,0.014,513,0
37.49,42.3,-0.147,0.031,514,0
37.46,42.31,0.01,-0.025,515,0
37.49,42.23,-0.084,0.021,516,0
37.5,42.13,-0.099,0.014,517,0
37.46,41.93,-0.199,-0.037,518,0
37.5,41.98,0.044,0.036,519,0
37.54,41.8,-0.173,0.038,520,0
37.55,41.58,-0.223,0.012,521,0
37.59,41.51,-0.068,0.038,522,0
37.59,41.43,-0.082,0.008,523,0
37.62,41.38,-0.053,0.028,524,0
37.59,41.39,0.008,-0.031,525,0
37.64,41.38,-0.003,0.053,526,0
37.62,41.42,0.041,-0.025,527,0
37.59,41.37,-0.049,-0.025,528,0
37.63,41.31,-0.062,0.037,529,0
37.6,41.12,-0.192,-0.031,530,0
37.57,40.95,-0.167,-0.027,531,0
37.61,40.89,-0.06,0.042,532,0
37.67,40.68,-0.218,0.055,533,0
37.66,40.6,-0.077,-0.007,534,0
37.66,40.53,-0.065,-0.001,535,0
37.62,40.59,0.055,-0.043,536,0
37.67,40.45,-0.139,0.051,537,0
37.7,40.38,-0.073,0.035,538,0
37.7,40.35,-0.031,0.001,539,0
37.73,40.29,-0.056,0.026,540,0
37.79,40.22,-0.072,0.055,541,0
37.8,40.09,-0.123,0.01,542,0
37.76,39.93,-0.166,-0.034,543,0
37.74,39.95,0.017,-0.02,544,0
37.73,39.77,-0.172,-0.013,545,0
37.78,39.79,0.021,0.052,546,0
37.76,39.75,-0.048,-0.022,547,0
37.73,39.63,-0.121,-0.031,548,0
37.69,39.58,-0.042,-0.036,549,0
37.69,39.43,-0.152,-0.005,550,0
37.68,39.47,0.042,-0.003,551,0
37.67,39.27,-0.204,-0.018,552,0
37.69,39.17,-0.101,0.026,553,0
37.66,39.1,-0.068,-0.036,554,0
37.71,39.09,-0.009,0.056,555,0
37.69,39.07,-0.02,-0.024,556,0
37.71,38.95,-0.117,0.022,557,0
37.73,38.97,0.017,0.017,558,0
37.7,38.87,-0.103,-0.028,559,0
37.7,38.94,0.069,-0.0,560,0
37.72,38.72,-0.221,0.017,561,0
37.68,38.51,-0.206,-0.031,562,0
37.7,38.32,-0.196,0.011,563,0
37.72,38.11,-0.209,0.021,564,0
37.71,37.99,-0.12,-0.01,565,0
37.75,37.84,-0.147,0.043,566,0
37.71,37.68,-0.161,-0.042,567,0
37.76,37.56,-0.116,0.053,568,0
37.73,37.45,-0.115,-0.033,569,0
37.7,37.5,0.049,-0.026,570,0
37.69,37.49,-0.01,-0.013,571,0
37.69,37.5,0.018,0.006,572,0
37.72,37.43,-0.07,0.027,573,0
37.73,37.47,0.031,0.012,574,0
37.78,37.42,-0.047,0.046,575,0
37.83,37.24,-0.178,0.051,576,0
37.82,37.13,-0.112,-0.009,577,0
37.88,37.12,-0.006,0.053,578,0
37.89,37.05,-0.069,0.016,579,0
37.9,37.08,0.026,0.004,580,0
37.85,36.89,-0.19,-0.043,581,0
37.82,36.81,-0.075,-0.028,582,0
37.82,36.62,-0.191,-0.006,583,0
37.78,36.62,-0.008,-0.038,584,0
37.84,36.6,-0.011,0.054,585,0
37.82,36.59,-0.017,-0.019,586,0
37.84,36.54,-0.046,0.027,587,0
37.9,36.37,-0.174,0.055,588,0
37.91,36.38,0.011,0.007,589,0
37.91,36.23,-0.146,-0.001,590,0
37.95,36.29,0.054,0.045,591,0
37.94,36.3,0.015,-0.013,592,0
37.99,36.33,0.029,0.051,593,0
37.98,36.22,-0.107,-0.012,594,0
37.94,36.02,-0.202,-0.036,595,0
37.99,36.01,-0.01,0.051,596,0
37.95,35.83,-0.179,-0.038,597,0
37.97,35.83,-0.006,0.012,598,0
38.01,35.75,-0.081,0.044,599,0
35.83,83.03,-0.056,0.054,0,0
35.85,83.09,0.056,0.024,1,0
35.87,83.0,-0.089,0.016,2,0
35.9,83.06,0.063,0.029,3,0
35.92,83.07,0.004,0.025,4,0
35.9,83.08,0.014,-0.021,5,0
35.95,83.09,0.011,0.05,6,0
35.99,83.13,0.036,0.043,7,0
36.01,83.08,-0.052,0.016,8,0
36.06,83.05,-0.028,0.051,9,0
36.1,83.04,-0.008,0.043,10,0
36.08,82.99,-0.053,-0.023,11,0
36.12,82.8,-0.188,0.039,12,0
36.17,82.74,-0.056,0.05,13,0
36.16,82.66,-0.084,-0.007,14,0
36.13,82.56,-0.099,-0.034,15,0
36.11,82.62,0.064,-0.02,16,0
36.14,82.57,-0.049,0.031,17,0
36.12,82.4,-0.175,-0.015,18,0
36.1,82.28,-0.122,-0.024,19,0
36.11,82.29,0.011,0.012,20,0
36.09,82.14,-0.145,-0.015,21,0
36.11,82.21,0.069,0.019,22,0
36.07,82.25,0.037,-0.042,23,0
36.09,82.18,-0.072,0.016,24,0
36.08,82.11,-0.064,-0.01,25,0
36.07,82.09,-0.026,-0.013,26,0
36.02,81.98,-0.104,-0.045,27,0
35.99,82.04,0.057,-0.027,28,0
35.96,81.93,-0.104,-0.035,29,0
35.92,81.87,-0.063,-0.037,30,0
35.89,81.82,-0.056,-0.03,31,0
35.9,81.64,-0.173,0.003,32,0
35.92,81.48,-0.164,0.02,33,0
35.91,81.34,-0.143,-0.006,34,0
35.91,81.21,-0.121,-0.003,35,0
35.94,81.06,-0.156,0.036,36,0
35.94,80.88,-0.178,-0.002,37,0
35.91,80.92,0.041,-0.029,38,0
35.91,80.82,-0.104,-0.002,39,0
35.95,80.72,-0.103,0.042,40,0
35.93,80.56,-0.151,-0.026,41,0
35.92,80.37,-0.198,-0.006,42,0
35.96,80.38,0.013,0.045,43,0
35.94,80.22,-0.162,-0.025,44,0
35.96,80.15,-0.067,0.021,45,0
35.96,80.02,-0.131,-0.003,46,0
35.99,79.97,-0.045,0.035,47,0
35.98,79.98,0.004,-0.013,48,0
36.02,80.0,0.019,0.043,49,0
36.07,79.94,-0.06,0.047,50,0
36.06,79.98,0.042,-0.006,51,0
36.03,79.8,-0.178,-0.035,52,0
36.0,79.6,-0.204,-0.03,53,0
36.03,79.54,-0.061,0.031,54,0
36.05,79.4,-0.14,0.022,55,0
36.1,79.29,-0.108,0.052,56,0
36.1,79.3,0.011,-0.002,57,0
36.1,79.18,-0.124,0.003,58,0
36.08,79.19,0.018,-0.021,59,0
36.09,79.03,-0.165,0.006,60,0
36.12,78.89,-0.136,0.031,61,0
36.18,78.94,0.049,0.054,62,0
36.21,78.81,-0.136,0.037,63,0
36.24,78.65,-0.151,0.025,64,0
36.26,78.69,0.032,0.025,65,0
36.23,78.63,-0.06,-0.027,66,0
36.25,78.71,0.087,0.014,67,0
36.23,78.69,-0.02,-0.022,68,0
36.18,78.52,-0.171,-0.042,69,0
36.23,78.61,0.087,0.048,70,0
36.25,78.53,-0.083,0.016,71,0
36.21,78.34,-0.183,-0.04,72,0
36.19,78.26,-0.088,-0.015,73,0
36.17,78.23,-0.021,-0.022,74,0
36.17,78.13,-0.11,0.003,75,0
36.19,78.07,-0.058,0.019,76,0
36.17,77.95,-0.119,-0.018,77,0
36.16,77.82,-0.126,-0.01,78,0
36.15,77.74,-0.085,-0.013,79,0
36.11,77.54,-0.196,-0.041,80,0
36.14,77.35,-0.195,0.029,81,0
36.14,77.2,-0.147,0.002,82,0
36.1,77.26,0.062,-0.035,83,0
36.15,77.11,-0.155,0.049,84,0
36.14,77.0,-0.101,-0.015,85,0
36.1,76.82,-0.181,-0.044,86,0
36.14,76.78,-0.045,0.041,87,0
36.16,76.67,-0.111,0.029,88,0
36.2,76.56,-0.102,0.032,89,0
36.19,76.51,-0.052,-0.008,90,0
36.16,76.5,-0.015,-0.024,91,0
36.21,76.4,-0.095,0.043,92,0
36.24,76.23,-0.171,0.029,93,0
36.25,76.06,-0.174,0.013,94,0
36.27,76.12,0.063,0.02,95,0
36.3,75.97,-0.153,0.025,96,0
36.26,76.03,0.067,-0.038,97,0
36.25,75.99,-0.047,-0.011,98,0
36.3,75.99,0.007,0.054,99,0
36.33,75.84,-0.15,0.027,100,0
36.3,75.65,-0.197,-0.026,101,0
36.28,75.6,-0.045,-0.02,102,0
36.32,75.65,0.053,0.04,103,0
36.37,75.72,0.062,0.052,104,0
36.37,75.77,0.058,-0.001,105,0
36.42,75.78,0.005,0.046,106,0
36.41,75.59,-0.19,-0.003,107,0
36.42,75.66,0.069,0.005,108,0
36.43,75.45,-0.204,0.015,109,0
36.4,75.45,-0.002,-0.032,110,0
36.41,75.25,-0.197,0.011,111,0
36.44,75.28,0.028,0.024,112,0
36.43,75.29,0.012,-0.006,113,0
36.47,75.29,-0.005,0.042,114,0
36.44,75.37,0.081,-0.029,115,0
36.44,75.38,0.015,-0.007,116,0
36.43,75.41,0.023,-0.005,117,0
36.4,75.28,-0.129,-0.027,118,0
36.38,75.12,-0.163,-0.024,119,0
36.42,75.11,-0.002,0.043,120,0
36.42,75.14,0.027,0.0,121,0
36.43,75.14,0.002,0.007,122,0
36.41,75.02,-0.119,-0.023,123,0
36.42,75.03,0.002,0.01,124,0
36.38,74.87,-0.159,-0.041,125,0
36.33,74.73,-0.139,-0.041,126,0
36.38,74.56,-0.166,0.043,127,0
36.36,74.63,0.068,-0.018,128,0
36.38,74.66,0.027,0.019,129,0
36.41,74.52,-0.136,0.037,130,0
36.37,74.47,-0.05,-0.045,131,0
36.38,74.36,-0.106,0.015,132,0
36.35,74.26,-0.1,-0.037,133,0
36.36,74.26,0.001,0.01,134,0
36.35,74.27,0.006,-0.005,135,0
36.34,74.24,-0.027,-0.013,136,0
36.38,74.05,-0.193,0.036,137,0
36.35,74.09,0.037,-0.023,138,0
36.32,74.17,0.079,-0.028,139,0
36.33,74.25,0.081,0.008,140,0
36.37,74.33,0.083,0.032,141,0
36.33,74.35,0.024,-0.035,142,0
36.32,74.37,0.013,-0.007,143,0
36.37,74.35,-0.014,0.042,144,0
36.38,74.33,-0.02,0.01,145,0
36.35,74.37,0.035,-0.023,146,0
36.36,74.24,-0.13,0.013,147,0
36.39,74.27,0.032,0.03,148,0
36.37,74.1,-0.164,-0.022,149,0
36.36,74.11,0.007,-0.009,150,0
36.33,74.17,0.06,-0.036,151,0
36.3,74.02,-0.156,-0.027,152,0
36.27,74.06,0.048,-0.026,153,0
36.3,74.0,-0.063,0.028,154,0
36.26,73.98,-0.016,-0.043,155,0
36.23,73.82,-0.162,-0.028,156,0
36.25,73.73,-0.092,0.015,157,0
36.21,73.54,-0.19,-0.038,158,0
36.25,73.4,-0.137,0.046,159,0
36.22,73.48,0.081,-0.035,160,0
36.25,73.43,-0.052,0.027,161,0
36.26,73.46,0.032,0.015,162,0
36.22,73.37,-0.097,-0.043,163,0
36.25,73.4,0.037,0.031,164,0
36.21,73.39,-0.017,-0.041,165,0
36.17,73.25,-0.136,-0.037,166,0
36.19,73.08,-0.168,0.017,167,0
36.24,72.88,-0.206,0.051,168,0
36.2,72.95,0.077,-0.035,169,0
36.19,72.96,0.01,-0.012,170,0
36.17,72.97,0.002,-0.025,171,0
36.18,72.9,-0.066,0.011,172,0
36.15,72.82,-0.077,-0.029,173,0
36.12,72.71,-0.111,-0.03,174,0
36.14,72.52,-0.194,0.024,175,0
36.11,72.5,-0.022,-0.033,176,0
36.07,72.53,0.037,-0.035,177,0
36.08,72.41,-0.121,0.006,178,0
36.05,72.45,0.04,-0.031,179,0
36.01,72.51,0.063,-0.043,180,0
35.98,72.43,-0.082,-0.031,181,0
35.95,72.42,-0.014,-0.023,182,0
35.95,72.47,0.053,-0.007,183,0
35.98,72.53,0.055,0.037,184,0
35.95,72.35,-0.177,-0.028,185,0
35.92,72.17,-0.177,-0.035,186,0
35.91,72.25,0.076,-0.01,187,0
35.88,72.22,-0.026,-0.034,188,0
35.92,72.29,0.066,0.047,189,0
35.94,72.35,0.058,0.015,190,0
35.95,72.19,-0.157,0.008,191,0
35.97,72.16,-0.031,0.023,192,0
35.99,71.99,-0.165,0.021,193,0
36.03,71.87,-0.12,0.036,194,0
35.99,71.77,-0.106,-0.035,195,0
36.01,71.83,0.064,0.021,196,0
36.05,71.9,0.069,0.036,197,0
36.01,71.9,0.003,-0.038,198,0
36.06,71.69,-0.21,0.048,199,0
36.08,71.53,-0.166,0.02,200,0
36.07,71.41,-0.114,-0.006,201,0
36.1,71.42,0.006,0.033,202,0
36.07,71.35,-0.067,-0.039,203,0
36.12,71.32,-0.037,0.051,204,0
36.08,71.19,-0.127,-0.036,205,0
36.05,71.28,0.088,-0.027,206,0
36.04,71.18,-0.095,-0.013,207,0
36.06,71.1,-0.083,0.024,208,0
36.1,71.01,-0.086,0.034,209,0
36.13,70.9,-0.11,0.035,210,0
36.11,70.89,-0.014,-0.021,211,0
36.12,70.8,-0.085,0.004,212,0
36.12,70.75,-0.05,0.008,213,0
36.12,70.79,0.036,-0.007,214,0
36.11,70.75,-0.036,-0.003,215,0
36.14,70.71,-0.037,0.024,216,0
36.16,70.73,0.014,0.025,217,0
36.12,70.59,-0.14,-0.045,218,0
36.07,70.68,0.088,-0.044,219,0
36.12,70.63,-0.043,0.05,220,0
36.08,70.7,0.066,-0.039,221,0
36.12,70.59,-0.106,0.039,222,0
36.16,70.64,0.05,0.037,223,0
36.13,70.52,-0.122,-0.031,224,0
36.18,70.57,0.045,0.052,225,0
36.16,70.63,0.063,-0.021,226,0
36.12,70.67,0.038,-0.04,227,0
36.17,70.5,-0.169,0.051,228,0
36.16,70.5,0.001,-0.008,229,0
36.21,70.3,-0.203,0.051,230,0
36.24,70.2,-0.099,0.025,231,0
36.2,70.18,-0.012,-0.038,232,0
36.24,70.23,0.041,0.042,233,0
36.23,70.02,-0.201,-0.009,234,0
36.2,69.84,-0.187,-0.038,235,0
36.23,69.8,-0.04,0.036,236,0
36.21,69.63,-0.166,-0.027,237,0
36.23,69.64,0.013,0.029,238,0
36.22,69.64,-0.001,-0.015,239,0
36.21,69.56,-0.087,-0.012,240,0
36.23,69.58,0.024,0.024,241,0
36.2,69.46,-0.124,-0.03,242,0
36.16,69.51,0.054,-0.042,243,0
36.16,69.52,0.015,0.005,244,0
36.2,69.32,-0.207,0.038,245,0
36.24,69.31,-0.007,0.042,246,0
36.28,69.27,-0.044,0.038,247,0
36.29,69.33,0.065,0.005,248,0
36.28,69.33,0.002,-0.003,249,0
36.34,69.17,-0.163,0.052,250,0
36.39,69.12,-0.054,0.052,251,0
36.36,68.94,-0.173,-0.024,252,0
36.34,68.92,-0.025,-0.023,253,0
36.37,68.76,-0.155,0.029,254,0
36.41,68.72,-0.043,0.039,255,0
36.41,68.75,0.034,0.001,256,0
36.43,68.64,-0.117,0.019,257,0
36.4,68.68,0.038,-0.029,258,0
36.42,68.71,0.03,0.019,259,0
36.39,68.55,-0.152,-0.035,260,0
36.4,68.37,-0.187,0.015,261,0
36.36,68.41,0.043,-0.043,262,0
36.37,68.28,-0.126,0.009,263,0
36.38,68.09,-0.191,0.014,264,0
36.37,68.11,0.016,-0.014,265,0
36.38,68.07,-0.045,0.018,266,0
36.37,67.86,-0.201,-0.018,267,0
36.38,67.95,0.082,0.011,268,0
36.41,67.91,-0.041,0.034,269,0
36.4,67.71,-0.197,-0.014,270,0
36.35,67.78,0.073,-0.045,271,0
36.34,67.68,-0.104,-0.017,272,0
36.31,67.59,-0.091,-0.026,273,0
36.34,67.6,0.015,0.027,274,0
36.36,67.68,0.082,0.025,275,0
36.36,67.5,-0.181,-0.005,276,0
36.32,67.51,0.012,-0.035,277,0
36.29,67.55,0.032,-0.03,278,0
36.28,67.51,-0.034,-0.007,279,0
36.32,67.48,-0.035,0.04,280,0
36.29,67.35,-0.123,-0.03,281,0
36.34,67.28,-0.072,0.043,282,0
36.36,67.1,-0.183,0.026,283,0
36.4,67.15,0.055,0.035,284,0
36.43,67.14,-0.014,0.031,285,0
36.48,66.98,-0.162,0.051,286,0
36.51,66.92,-0.056,0.027,287,0
36.56,66.91,-0.015,0.048,288,0
36.59,66.8,-0.108,0.033,289,0
36.58,66.69,-0.109,-0.009,290,0
36.58,66.74,0.046,-0.002,291,0
36.61,66.79,0.057,0.032,292,0
36.59,66.7,-0.094,-0.025,293,0
36.55,66.67,-0.027,-0.038,294,0
36.56,66.51,-0.165,0.017,295,0
36.6,66.44,-0.061,0.035,296,0
36.64,66.28,-0.168,0.042,297,0
36.69,66.23,-0.046,0.052,298,0
36.66,66.25,0.024,-0.037,299,0
36.64,66.07,-0.182,-0.014,300,0
36.61,66.14,0.07,-0.029,301,0
36.6,66.02,-0.126,-0.009,302,0
36.58,65.83,-0.184,-0.027,303,0
36.56,65.85,0.021,-0.02,304,0
36.54,65.78,-0.069,-0.02,305,0
36.56,65.84,0.052,0.02,306,0
36.52,65.67,-0.168,-0.033,307,0
36.48,65.63,-0.04,-0.041,308,0
36.48,65.68,0.047,-0.005,309,0
36.52,65.72,0.047,0.046,310,0
36.51,65.55,-0.172,-0.009,311,0
36.56,65.59,0.043,0.05,312,0
36.59,65.5,-0.098,0.023,313,0
36.57,65.44,-0.059,-0.019,314,0
36.59,65.49,0.052,0.023,315,0
36.61,65.46,-0.024,0.019,316,0
36.59,65.48,0.012,-0.021,317,0
36.54,65.51,0.036,-0.045,318,0
36.53,65.56,0.045,-0.016,319,0
36.52,65.39,-0.163,-0.005,320,0
36.52,65.21,-0.189,-0.007,321,0
36.48,65.13,-0.072,-0.036,322,0
36.5,65.06,-0.071,0.019,323,0
36.5,65.12,0.06,0.001,324,0
36.53,64.94,-0.185,0.028,325,0
36.57,65.0,0.065,0.047,326,0
36.55,65.02,0.02,-0.025,327,0
36.54,64.91,-0.112,-0.014,328,0
36.54,65.0,0.088,0.003,329,0
36.54,65.0,0.0,0.002,330,0
36.5,64.87,-0.127,-0.042,331,0
36.5,64.71,-0.164,0.002,332,0
36.49,64.69,-0.018,-0.013,333,0
36.5,64.49,-0.201,0.015,334,0
36.55,64.39,-0.096,0.048,335,0
36.55,64.29,-0.102,-0.002,336,0
36.51,64.22,-0.068,-0.04,337,0
36.56,64.27,0.05,0.05,338,0
36.54,64.27,-0.005,-0.018,339,0
36.5,64.25,-0.02,-0.037,340,0
36.5,64.06,-0.19,-0.005,341,0
36.52,63.94,-0.121,0.026,342,0
36.53,63.99,0.051,0.007,343,0
36.51,63.98,-0.01,-0.019,344,0
36.48,64.02,0.039,-0.036,345,0
36.46,64.08,0.06,-0.011,346,0
36.44,64.09,0.015,-0.029,347,0
36.43,63.98,-0.106,-0.003,348,0
36.46,63.92,-0.068,0.023,349,0
36.48,63.75,-0.162,0.024,350,0
36.5,63.65,-0.104,0.024,351,0
36.46,63.56,-0.094,-0.044,352,0
36.47,63.58,0.024,0.014,353,0
36.49,63.39,-0.187,0.021,354,0
36.48,63.37,-0.026,-0.013,355,0
36.53,63.45,0.085,0.049,356,0
36.56,63.47,0.012,0.028,357,0
36.53,63.35,-0.116,-0.03,358,0
36.5,63.28,-0.073,-0.031,359,0
36.46,63.33,0.049,-0.034,360,0
36.46,63.41,0.08,-0.005,361,0
36.41,63.35,-0.054,-0.045,362,0
36.45,63.28,-0.075,0.038,363,0
36.45,63.1,-0.173,-0.0,364,0
36.42,63.18,0.08,-0.036,365,0
36.47,63.04,-0.145,0.053,366,0
36.48,62.96,-0.084,0.009,367,0
36.47,62.79,-0.161,-0.008,368,0
36.52,62.69,-0.106,0.05,369,0
36.53,62.77,0.081,0.012,370,0
36.57,62.56,-0.206,0.036,371,0
36.61,62.36,-0.206,0.044,372,0
36.65,62.3,-0.06,0.041,373,0
36.67,62.3,-0.001,0.02,374,0
36.67,62.22,-0.074,-0.004,375,0
36.68,62.12,-0.105,0.009,376,0
36.71,62.07,-0.054,0.031,377,0
36.68,61.89,-0.177,-0.028,378,0
36.65,61.81,-0.082,-0.028,379,0
36.66,61.77,-0.032,0.009,380,0
36.7,61.68,-0.096,0.039,381,0
36.7,61.67,-0.004,-0.002,382,0
36.72,61.55,-0.126,0.017,383,0
36.76,61.62,0.067,0.04,384,0
36.79,61.7,0.088,0.035,385,0
36.81,61.52,-0.179,0.02,386,0
36.81,61.5,-0.026,-0.004,387,0
36.84,61.44,-0.062,0.03,388,0
36.8,61.51,0.068,-0.035,389,0
36.81,61.43,-0.077,0.013,390,0
36.8,61.23,-0.201,-0.016,391,0
36.77,61.14,-0.084,-0.023,392,0
36.77,61.07,-0.074,-0.007,393,0
36.77,60.92,-0.152,0.002,394,0
36.82,60.74,-0.173,0.051,395,0
36.82,60.81,0.064,-0.004,396,0
36.84,60.84,0.036,0.025,397,0
36.8,60.85,0.012,-0.045,398,0
36.77,60.76,-0.098,-0.023,399,0
36.82,60.63,-0.125,0.043,400,0
36.85,60.5,-0.131,0.038,401,0
36.85,60.53,0.028,-0.004,402,0
36.9,60.39,-0.138,0.045,403,0
36.85,60.3,-0.086,-0.044,404,0
36.84,60.14,-0.165,-0.008,405,0
36.88,60.17,0.034,0.037,406,0
36.87,60.14,-0.031,-0.012,407,0
36.92,60.22,0.077,0.054,408,0
36.97,60.08,-0.138,0.052,409,0
36.99,59.93,-0.153,0.019,410,0
37.03,59.97,0.038,0.035,411,0
37.0,59.93,-0.037,-0.032,412,0
37.05,59.91,-0.02,0.052,413,0
37.09,59.75,-0.158,0.045,414,0
37.09,59.7,-0.055,-0.002,415,0
37.13,59.52,-0.181,0.035,416,0
37.14,59.46,-0.059,0.018,417,0
37.18,59.48,0.025,0.039,418,0
37.16,59.46,-0.022,-0.019,419,0
37.21,59.42,-0.045,0.049,420,0
37.18,59.27,-0.149,-0.036,421,0
37.19,59.19,-0.079,0.018,422,0
37.15,59.15,-0.033,-0.043,423,0
37.2,59.16,0.002,0.047,424,0
37.19,58.97,-0.187,-0.007,425,0
37.16,58.98,0.012,-0.032,426,0
37.18,58.91,-0.074,0.018,427,0
37.16,58.8,-0.103,-0.021,428,0
37.14,58.86,0.059,-0.016,429,0
37.12,58.81,-0.05,-0.021,430,0
37.15,58.84,0.023,0.033,431,0
37.17,58.86,0.021,0.021,432,0
37.22,58.73,-0.128,0.048,433,0
37.24,58.71,-0.022,0.018,434,0
37.2,58.67,-0.037,-0.035,435,0
37.22,58.6,-0.073,0.014,436,0
37.2,58.42,-0.178,-0.017,437,0
37.17,58.48,0.058,-0.036,438,0
37.16,58.41,-0.062,-0.009,439,0
37.15,58.45,0.041,-0.006,440,0
37.11,58.39,-0.063,-0.043,441,0
37.16,58.2,-0.188,0.051,442,0
37.18,58.02,-0.188,0.023,443,0
37.17,57.92,-0.098,-0.014,444,0
37.2,57.98,0.062,0.035,445,0
37.16,57.82,-0.157,-0.044,446,0
37.17,57.67,-0.157,0.011,447,0
37.13,57.64,-0.029,-0.042,448,0
37.18,57.72,0.082,0.054,449,0
37.2,57.65,-0.065,0.016,450,0
37.17,57.61,-0.047,-0.03,451,0
37.21,57.62,0.012,0.047,452,0
37.17,57.47,-0.153,-0.042,453,0
37.18,57.26,-0.204,0.006,454,0
37.22,57.1,-0.165,0.041,455,0
37.2,56.92,-0.176,-0.024,456,0
37.17,56.81,-0.112,-0.023,457,0
37.22,56.82,0.008,0.049,458,0
37.22,56.69,-0.13,0.003,459,0
37.21,56.76,0.075,-0.011,460,0
37.2,56.72,-0.045,-0.016,461,0
37.2,56.73,0.013,0.004,462,0
37.2,56.67,-0.057,-0.005,463,0
37.17,56.52,-0.153,-0.028,464,0
37.21,56.52,-0.004,0.043,465,0
37.2,56.39,-0.126,-0.006,466,0
37.24,56.36,-0.035,0.031,467,0
37.27,56.24,-0.117,0.034,468,0
37.27,56.31,0.076,0.003,469,0
37.27,56.37,0.054,-0.003,470,0
37.31,56.38,0.014,0.036,471,0
37.32,56.36,-0.024,0.015,472,0
37.33,56.28,-0.082,0.011,473,0
37.35,56.18,-0.098,0.018,474,0
37.32,55.99,-0.191,-0.029,475,0
37.33,55.79,-0.2,0.006,476,0
37.31,55.75,-0.034,-0.016,477,0
37.33,55.79,0.037,0.019,478,0
37.32,55.87,0.079,-0.01,479,0
37.29,55.67,-0.202,-0.027,480,0
37.33,55.55,-0.114,0.034,481,0
37.29,55.45,-0.103,-0.038,482,0
37.28,55.44,-0.013,-0.008,483,0
37.25,55.46,0.023,-0.033,484,0
37.2,55.35,-0.115,-0.044,485,0
37.2,55.23,-0.112,0.001,486,0
37.25,55.26,0.028,0.044,487,0
37.24,55.22,-0.042,-0.007,488,0
37.25,55.19,-0.03,0.007,489,0
37.23,55.01,-0.18,-0.018,490,0
37.28,54.98,-0.028,0.043,491,0
37.24,55.03,0.047,-0.038,492,0
37.23,55.09,0.057,-0.003,493,0
37.22,55.1,0.016,-0.014,494,0
37.19,54.99,-0.114,-0.026,495,0
37.2,55.02,0.03,0.004,496,0
37.2,55.11,0.087,-0.003,497,0
37.17,54.93,-0.173,-0.028,498,0
37.16,54.82,-0.112,-0.007,499,0
37.14,54.78,-0.038,-0.017,500,0
37.18,54.76,-0.017,0.04,501,0
37.23,54.85,0.086,0.046,502,0
37.27,54.73,-0.125,0.039,503,0
37.31,54.64,-0.09,0.044,504,0
37.27,54.7,0.065,-0.041,505,0
37.23,54.68,-0.017,-0.038,506,0
37.27,54.5,-0.182,0.035,507,0
37.25,54.51,0.006,-0.018,508,0
37.24,54.52,0.016,-0.005,509,0
37.23,54.48,-0.044,-0.014,510,0
37.22,54.45,-0.027,-0.006,511,0
37.22,54.45,-0.002,0.0,512,0
37.28,54.5,0.044,0.051,513,0
37.27,54.32,-0.174,-0.008,514,0
37.23,54.3,-0.025,-0.042,515,0
37.18,54.1,-0.196,-0.044,516,0
37.17,53.92,-0.179,-0.013,517,0
37.17,53.92,-0.004,-0.002,518,0
37.14,53.76,-0.159,-0.026,519,0
37.13,53.82,0.06,-0.008,520,0
37.18,53.88,0.06,0.054,521,0
37.23,53.95,0.07,0.041,522,0
37.26,53.82,-0.133,0.033,523,0
37.31,53.64,-0.177,0.049,524,0
37.3,53.45,-0.188,-0.012,525,0
37.33,53.42,-0.027,0.036,526,0
37.3,53.29,-0.13,-0.028,527,0
37.3,53.12,-0.169,0.001,528,0
37.35,52.95,-0.173,0.041,529,0
37.39,52.97,0.015,0.043,530,0
37.38,53.05,0.079,-0.004,531,0
37.35,52.97,-0.076,-0.033,532,0
37.36,52.92,-0.052,0.012,533,0
37.42,52.91,-0.012,0.052,534,0
37.44,52.79,-0.114,0.028,535,0
37.42,52.65,-0.143,-0.019,536,0
37.39,52.53,-0.122,-0.037,537,0
37.43,52.48,-0.043,0.042,538,0
37.46,52.47,-0.013,0.028,539,0
37.42,52.32,-0.149,-0.038,540,0
37.38,52.4,0.081,-0.039,541,0
37.36,52.2,-0.207,-0.024,542,0
37.33,52.23,0.035,-0.027,543,0
37.31,52.05,-0.179,-0.025,544,0
37.31,52.02,-0.033,0.007,545,0
37.34,52.07,0.047,0.031,546,0
37.34,51.95,-0.117,0.0,547,0
37.35,51.79,-0.164,0.005,548,0
37.33,51.85,0.064,-0.024,549,0
37.38,51.75,-0.101,0.052,550,0
37.38,51.8,0.05,0.006,551,0
37.36,51.82,0.023,-0.027,552,0
37.33,51.69,-0.127,-0.029,553,0
37.37,51.58,-0.118,0.042,554,0
37.34,51.56,-0.016,-0.031,555,0
37.37,51.61,0.052,0.029,556,0
37.41,51.47,-0.138,0.044,557,0
37.37,51.32,-0.154,-0.043,558,0
37.37,51.31,-0.012,-0.0,559,0
37.42,51.18,-0.131,0.047,560,0
37.41,50.99,-0.185,-0.002,561,0
37.42,50.83,-0.165,0.005,562,0
37.38,50.77,-0.058,-0.04,563,0
37.34,50.64,-0.129,-0.036,564,0
37.37,50.62,-0.016,0.028,565,0
37.36,50.54,-0.084,-0.016,566,0
37.37,50.45,-0.09,0.014,567,0
37.37,50.4,-0.052,0.004,568,0
37.4,50.32,-0.08,0.023,569,0
37.45,50.3,-0.017,0.051,570,0
37.41,50.16,-0.145,-0.04,571,0
37.39,49.96,-0.2,-0.019,572,0
37.35,49.77,-0.191,-0.035,573,0
37.37,49.62,-0.143,0.017,574,0
37.36,49.63,0.004,-0.006,575,0
37.39,49.45,-0.18,0.028,576,0
37.37,49.5,0.053,-0.019,577,0
37.41,49.35,-0.149,0.033,578,0
37.39,49.25,-0.106,-0.017,579,0
37.42,49.21,-0.032,0.028,580,0
37.42,49.03,-0.182,0.005,581,0
37.42,49.03,-0.0,0.002,582,0
37.47,48.91,-0.119,0.045,583,0
37.46,48.77,-0.139,-0.014,584,0
37.43,48.58,-0.19,-0.027,585,0
37.4,48.64,0.059,-0.031,586,0
37.4,48.44,-0.207,0.002,587,0
37.37,48.33,-0.11,-0.028,588,0
37.33,48.19,-0.131,-0.038,589,0
37.37,48.19,-0.007,0.04,590,0
37.43,48.16,-0.032,0.052,591,0
37.43,48.12,-0.036,0.003,592,0
37.4,47.98,-0.136,-0.034,593,0
37.41,48.02,0.035,0.011,594,0
37.44,48.11,0.087,0.038,595,0
37.42,48.05,-0.053,-0.029,596,0
37.38,47.89,-0.167,-0.036,597,0
37.41,47.77,-0.119,0.028,598,0
37.44,47.69,-0.075,0.028,599,0
35.96,80.98,-0.103,0.018,0,0
35.98,81.04,0.058,0.025,1,0
36.02,81.09,0.048,0.038,2,0
35.98,81.06,-0.03,-0.041,3,0
36.0,81.06,-0.003,0.02,4,0
36.04,80.85,-0.203,0.045,5,0
36.06,80.9,0.048,0.013,6,0
36.05,80.73,-0.167,-0.003,7,0
36.07,80.6,-0.136,0.021,8,0
36.06,80.68,0.083,-0.017,9,0
36.02,80.7,0.014,-0.033,10,0
36.04,80.77,0.077,0.011,11,0
36.07,80.85,0.08,0.035,12,0
36.11,80.85,-0.006,0.037,13,0
36.15,80.77,-0.074,0.043,14,0
36.12,80.72,-0.051,-0.026,15,0
36.16,80.72,-0.005,0.036,16,0
36.15,80.63,-0.092,-0.011,17,0
36.13,80.71,0.089,-0.022,18,0
36.13,80.52,-0.197,-0.001,19,0
36.14,80.41,-0.106,0.009,20,0
36.13,80.33,-0.079,-0.007,21,0
36.16,80.41,0.081,0.027,22,0
36.2,80.29,-0.123,0.044,23,0
36.22,80.23,-0.06,0.016,24,0
36.18,80.16,-0.069,-0.038,25,0
36.19,80.24,0.081,0.01,26,0
36.17,80.23,-0.01,-0.022,27,0
36.19,80.11,-0.123,0.027,28,0
36.14,79.91,-0.205,-0.049,29,0
36.15,79.78,-0.124,0.007,30,0
36.13,79.59,-0.193,-0.022,31,0
36.14,79.51,-0.08,0.013,32,0
36.11,79.3,-0.209,-0.028,33,0
36.09,79.19,-0.104,-0.024,34,0
36.1,79.24,0.049,0.014,35,0
36.07,79.26,0.021,-0.037,36,0
36.04,79.08,-0.183,-0.026,37,0
36.01,79.17,0.09,-0.033,38,0
35.96,79.14,-0.034,-0.045,39,0
35.96,78.99,-0.144,-0.005,40,0
35.99,78.89,-0.103,0.028,41,0
35.98,78.87,-0.018,-0.01,42,0
35.93,78.95,0.081,-0.043,43,0
35.91,78.82,-0.131,-0.023,44,0
35.91,78.71,-0.116,0.004,45,0
35.89,78.7,-0.006,-0.02,46,0
35.91,78.67,-0.036,0.016,47,0
35.87,78.52,-0.149,-0.039,48,0
35.85,78.47,-0.043,-0.023,49,0
35.85,78.29,-0.184,0.004,50,0
35.85,78.27,-0.021,0.002,51,0
35.89,78.17,-0.096,0.035,52,0
35.85,78.09,-0.078,-0.039,53,0
35.83,78.02,-0.077,-0.021,54,0
35.85,78.09,0.071,0.019,55,0
35.84,78.02,-0.069,-0.01,56,0
35.82,77.94,-0.083,-0.012,57,0
35.83,77.74,-0.201,0.003,58,0
35.82,77.81,0.078,-0.011,59,0
35.83,77.83,0.018,0.009,60,0
35.8,77.71,-0.118,-0.028,61,0
35.76,77.66,-0.056,-0.04,62,0
35.76,77.61,-0.046,0.004,63,0
35.78,77.49,-0.121,0.023,64,0
35.77,77.4,-0.091,-0.012,65,0
35.8,77.19,-0.207,0.028,66,0
35.79,77.25,0.053,-0.007,67,0
35.75,77.05,-0.193,-0.047,68,0
35.76,77.09,0.04,0.012,69,0
35.72,76.98,-0.109,-0.043,70,0
35.71,76.86,-0.122,-0.005,71,0
35.66,76.75,-0.11,-0.047,72,0
35.68,76.76,0.013,0.015,73,0
35.63,76.78,0.013,-0.047,74,0
35.59,76.63,-0.148,-0.038,75,0
35.59,76.64,0.013,-0.003,76,0
35.6,76.5,-0.142,0.015,77,0
35.58,76.55,0.046,-0.023,78,0
35.63,76.43,-0.116,0.046,79,0
35.62,76.22,-0.207,-0.004,80,0
35.58,76.22,-0.003,-0.041,81,0
35.59,76.01,-0.209,0.008,82,0
35.55,75.84,-0.173,-0.043,83,0
35.54,75.69,-0.148,-0.005,84,0
35.53,75.73,0.041,-0.008,85,0
35.49,75.54,-0.192,-0.041,86,0
35.54,75.45,-0.088,0.046,87,0
35.57,75.49,0.037,0.031,88,0
35.6,75.44,-0.045,0.029,89,0
35.63,75.44,-0.005,0.033,90,0
35.62,75.41,-0.024,-0.009,91,0
35.59,75.4,-0.018,-0.034,92,0
35.6,75.43,0.036,0.013,93,0
35.62,75.27,-0.158,0.021,94,0
35.62,75.23,-0.045,-0.005,95,0
35.63,75.11,-0.122,0.014,96,0
35.63,75.19,0.079,-0.003,97,0
35.62,75.18,-0.009,-0.014,98,0
35.57,75.18,0.0,-0.042,99,0
35.56,75.09,-0.084,-0.01,100,0
35.56,74.89,-0.201,-0.007,101,0
35.5,74.85,-0.04,-0.052,102,0
35.52,74.73,-0.118,0.012,103,0
35.53,74.79,0.059,0.009,104,0
35.56,74.6,-0.196,0.038,105,0
35.56,74.68,0.08,-0.006,106,0
35.53,74.68,0.008,-0.025,107,0
35.52,74.77,0.085,-0.017,108,0
35.51,74.82,0.048,-0.002,109,0
35.53,74.71,-0.105,0.018,110,0
35.48,74.62,-0.092,-0.046,111,0
35.47,74.61,-0.012,-0.018,112,0
35.45,74.61,0.007,-0.019,113,0
35.47,74.62,0.005,0.026,114,0
35.5,74.49,-0.126,0.024,115,0
35.48,74.37,-0.118,-0.013,116,0
35.5,74.44,0.066,0.012,117,0
35.49,74.34,-0.096,-0.006,118,0
35.5,74.33,-0.011,0.005,119,0
35.52,74.4,0.069,0.025,120,0
35.48,74.35,-0.052,-0.04,121,0
35.52,74.24,-0.112,0.043,122,0
35.53,74.13,-0.105,0.009,123,0
35.48,74.05,-0.088,-0.048,124,0
35.45,74.09,0.046,-0.037,125,0
35.41,73.91,-0.18,-0.042,126,0
35.4,73.98,0.071,-0.005,127,0
35.45,74.0,0.019,0.045,128,0
35.47,74.03,0.033,0.021,129,0
35.5,73.9,-0.138,0.037,130,0
35.54,73.74,-0.157,0.037,131,0
35.53,73.76,0.018,-0.011,132,0
35.54,73.57,-0.19,0.008,133,0
35.57,73.39,-0.175,0.032,134,0
35.59,73.21,-0.187,0.024,135,0
35.63,73.18,-0.027,0.031,136,0
35.6,73.25,0.068,-0.021,137,0
35.59,73.25,0.0,-0.015,138,0
35.59,73.33,0.087,0.005,139,0
35.57,73.18,-0.149,-0.027,140,0
35.54,73.11,-0.078,-0.024,141,0
35.51,72.96,-0.149,-0.037,142,0
35.53,72.99,0.035,0.028,143,0
35.54,72.84,-0.152,0.005,144,0
35.55,72.82,-0.02,0.014,145,0
35.58,72.67,-0.148,0.028,146,0
35.57,72.73,0.059,-0.017,147,0
35.57,72.64,-0.087,0.002,148,0
35.53,72.46,-0.188,-0.034,149,0
35.57,72.47,0.01,0.038,150,0
35.57,72.45,-0.017,-0.003,151,0
35.57,72.49,0.041,0.004,152,0
35.56,72.42,-0.067,-0.018,153,0
35.56,72.4,-0.024,0.003,154,0
35.51,72.23,-0.168,-0.046,155,0
35.5,72.15,-0.081,-0.015,156,0
35.45,71.96,-0.188,-0.045,157,0
35.43,71.99,0.026,-0.023,158,0
35.4,71.82,-0.174,-0.03,159,0
35.38,71.79,-0.029,-0.02,160,0
35.42,71.64,-0.142,0.041,161,0
35.39,71.71,0.067,-0.028,162,0
35.35,71.71,0.002,-0.046,163,0
35.39,71.77,0.052,0.044,164,0
35.4,71.58,-0.187,0.005,165,0
35.44,71.63,0.047,0.04,166,0
35.42,71.57,-0.059,-0.013,167,0
35.44,71.37,-0.192,0.017,168,0
35.44,71.2,-0.176,-0.006,169,0
35.41,71.26,0.066,-0.026,170,0
35.39,71.06,-0.2,-0.019,171,0
35.37,70.93,-0.131,-0.019,172,0
35.33,70.95,0.02,-0.039,173,0
35.35,70.91,-0.045,0.021,174,0
35.37,70.98,0.068,0.014,175,0
35.34,71.03,0.054,-0.029,176,0
35.38,70.84,-0.187,0.042,177,0
35.4,70.91,0.062,0.018,178,0
35.35,70.93,0.02,-0.049,179,0
35.39,71.01,0.085,0.042,180,0
35.4,70.98,-0.03,0.009,181,0
35.4,70.8,-0.185,0.002,182,0
35.38,70.87,0.075,-0.026,183,0
35.33,70.67,-0.197,-0.049,184,0
35.34,70.62,-0.057,0.012,185,0
35.32,70.54,-0.08,-0.022,186,0
35.36,70.58,0.046,0.044,187,0
35.31,70.38,-0.203,-0.047,188,0
35.34,70.4,0.023,0.028,189,0
35.38,70.36,-0.049,0.033,190,0
35.4,70.35,-0.005,0.021,191,0
35.35,70.31,-0.043,-0.048,192,0
35.37,70.33,0.021,0.017,193,0
35.36,70.25,-0.08,-0.01,194,0
35.35,70.08,-0.168,-0.009,195,0
35.39,70.14,0.06,0.046,196,0
35.36,70.04,-0.099,-0.033,197,0
35.31,69.96,-0.078,-0.047,198,0
35.32,69.82,-0.14,0.006,199,0
35.34,69.68,-0.141,0.022,200,0
35.37,69.74,0.057,0.027,201,0
35.41,69.7,-0.039,0.046,202,0
35.43,69.5,-0.205,0.019,203,0
35.39,69.53,0.035,-0.045,204,0
35.35,69.36,-0.171,-0.035,205,0
35.34,69.16,-0.196,-0.018,206,0
35.31,69.15,-0.013,-0.028,207,0
35.32,69.03,-0.121,0.008,208,0
35.27,68.96,-0.066,-0.04,209,0
35.25,68.78,-0.186,-0.028,210,0
35.24,68.73,-0.046,-0.003,211,0
35.23,68.74,0.011,-0.017,212,0
35.2,68.81,0.065,-0.031,213,0
35.24,68.81,0.005,0.041,214,0
35.21,68.84,0.025,-0.023,215,0
35.21,68.82,-0.013,-0.0,216,0
35.23,68.7,-0.129,0.017,217,0
35.18,68.64,-0.058,-0.047,218,0
35.2,68.7,0.061,0.018,219,0
35.18,68.68,-0.023,-0.025,220,0
35.14,68.53,-0.148,-0.039,221,0
35.11,68.61,0.084,-0.03,222,0
35.08,68.62,0.013,-0.032,223,0
35.11,68.53,-0.097,0.029,224,0
35.15,68.36,-0.167,0.045,225,0
35.16,68.36,0.0,0.012,226,0
35.12,68.29,-0.073,-0.041,227,0
35.07,68.23,-0.06,-0.049,228,0
35.06,68.1,-0.126,-0.014,229,0
35.01,68.14,0.039,-0.044,230,0
35.02,68.02,-0.125,0.008,231,0
35.06,67.96,-0.061,0.034,232,0
35.01,67.86,-0.094,-0.048,233,0
34.97,67.71,-0.147,-0.034,234,0
34.93,67.63,-0.08,-0.047,235,0
34.93,67.52,-0.118,0.001,236,0
34.88,67.41,-0.105,-0.05,237,0
34.91,67.38,-0.027,0.037,238,0
34.95,67.45,0.068,0.038,239,0
34.96,67.49,0.034,0.006,240,0
34.94,67.5,0.018,-0.019,241,0
34.93,67.54,0.04,-0.009,242,0
34.95,67.46,-0.081,0.02,243,0
34.9,67.47,0.011,-0.047,244,0
34.89,67.3,-0.176,-0.014,245,0
34.9,67.31,0.007,0.015,246,0
34.95,67.35,0.048,0.041,247,0
34.95,67.28,-0.07,0.005,248,0
34.95,67.24,-0.039,-0.001,249,0
34.93,67.08,-0.16,-0.015,250,0
34.97,67.1,0.015,0.04,251,0
34.92,66.93,-0.17,-0.051,252,0
34.97,66.96,0.031,0.042,253,0
34.94,66.78,-0.184,-0.028,254,0
34.92,66.73,-0.046,-0.019,255,0
34.93,66.64,-0.091,0.009,256,0
34.94,66.54,-0.101,0.013,257,0
34.97,66.56,0.026,0.028,258,0
34.93,66.54,-0.027,-0.04,259,0
34.91,66.5,-0.039,-0.021,260,0
34.87,66.37,-0.13,-0.035,261,0
34.86,66.3,-0.07,-0.009,262,0
34.91,66.23,-0.069,0.044,263,0
34.94,66.16,-0.065,0.032,264,0
34.89,66.02,-0.144,-0.047,265,0
34.87,66.09,0.072,-0.025,266,0
34.85,66.07,-0.026,-0.021,267,0
34.81,65.88,-0.19,-0.035,268,0
34.79,65.9,0.021,-0.025,269,0
34.75,65.95,0.052,-0.04,270,0
34.71,65.93,-0.02,-0.038,271,0
34.66,65.9,-0.024,-0.048,272,0
34.61,65.73,-0.175,-0.049,273,0
34.65,65.73,-0.004,0.033,274,0
34.6,65.69,-0.035,-0.049,275,0
34.55,65.7,0.006,-0.047,276,0
34.52,65.7,0.005,-0.027,277,0
34.54,65.57,-0.132,0.015,278,0
34.52,65.62,0.048,-0.017,279,0
34.53,65.62,0.006,0.007,280,0
34.48,65.52,-0.104,-0.045,281,0
34.48,65.44,-0.076,-0.002,282,0
34.46,65.31,-0.138,-0.02,283,0
34.49,65.21,-0.098,0.03,284,0
34.5,65.12,-0.084,0.011,285,0
34.46,65.18,0.054,-0.038,286,0
34.49,65.07,-0.111,0.026,287,0
34.48,64.96,-0.109,-0.012,288,0
34.47,64.94,-0.014,-0.006,289,0
34.48,65.03,0.083,0.009,290,0
34.43,64.87,-0.161,-0.048,291,0
34.47,64.94,0.07,0.038,292,0
34.48,64.73,-0.202,0.008,293,0
34.48,64.77,0.033,-0.002,294,0
34.48,64.79,0.025,-0.002,295,0
34.46,64.76,-0.035,-0.018,296,0
34.49,64.61,-0.145,0.03,297,0
34.51,64.41,-0.199,0.02,298,0
34.56,64.32,-0.095,0.047,299,0
34.51,64.13,-0.186,-0.045,300,0
34.48,64.2,0.071,-0.03,301,0
34.49,64.15,-0.058,0.005,302,0
34.48,64.1,-0.045,-0.011,303,0
34.51,64.11,0.011,0.032,304,0
34.46,64.06,-0.051,-0.048,305,0
34.46,63.99,-0.067,-0.0,306,0
34.43,63.92,-0.077,-0.026,307,0
34.41,63.96,0.042,-0.023,308,0
34.38,63.82,-0.136,-0.028,309,0
34.37,63.84,0.021,-0.017,310,0
34.39,63.77,-0.072,0.022,311,0
34.36,63.6,-0.175,-0.029,312,0
34.39,63.61,0.011,0.035,313,0
34.38,63.51,-0.101,-0.018,314,0
34.42,63.45,-0.057,0.039,315,0
34.42,63.44,-0.013,0.008,316,0
34.41,63.36,-0.074,-0.011,317,0
34.44,63.32,-0.038,0.03,318,0
34.44,63.15,-0.172,0.001,319,0
34.43,63.18,0.024,-0.012,320,0
34.39,63.14,-0.034,-0.039,321,0
34.37,63.01,-0.131,-0.024,322,0
34.32,62.9,-0.115,-0.045,323,0
34.37,62.81,-0.083,0.046,324,0
34.38,62.78,-0.036,0.011,325,0
34.42,62.8,0.023,0.037,326,0
34.37,62.85,0.054,-0.051,327,0
34.34,62.68,-0.173,-0.026,328,0
34.38,62.64,-0.043,0.04,329,0
34.34,62.65,0.014,-0.04,330,0
34.33,62.45,-0.199,-0.01,331,0
34.38,62.45,-0.002,0.046,332,0
34.41,62.28,-0.169,0.034,333,0
34.45,62.35,0.066,0.038,334,0
34.44,62.24,-0.103,-0.012,335,0
34.45,62.2,-0.042,0.018,336,0
34.49,62.03,-0.173,0.037,337,0
34.5,62.09,0.06,0.006,338,0
34.54,62.06,-0.024,0.047,339,0
34.57,61.87,-0.196,0.021,340,0
34.56,61.77,-0.103,-0.008,341,0
34.55,61.68,-0.087,-0.008,342,0
34.53,61.72,0.041,-0.024,343,0
34.49,61.65,-0.066,-0.039,344,0
34.51,61.5,-0.154,0.024,345,0
34.55,61.57,0.066,0.041,346,0
34.59,61.38,-0.184,0.037,347,0
34.57,61.35,-0.031,-0.016,348,0
34.56,61.34,-0.014,-0.015,349,0
34.56,61.26,-0.078,-0.002,350,0
34.6,61.23,-0.033,0.042,351,0
34.58,61.05,-0.18,-0.023,352,0
34.58,60.94,-0.107,0.004,353,0
34.58,61.0,0.06,0.005,354,0
34.57,61.04,0.044,-0.01,355,0
34.55,60.93,-0.112,-0.021,356,0
34.52,60.77,-0.156,-0.038,357,0
34.54,60.81,0.035,0.021,358,0
34.5,60.9,0.088,-0.032,359,0
34.51,60.84,-0.053,0.005,360,0
34.47,60.82,-0.025,-0.043,361,0
34.43,60.7,-0.124,-0.041,362,0
34.42,60.57,-0.127,-0.009,363,0
34.39,60.63,0.056,-0.024,364,0
34.44,60.69,0.066,0.046,365,0
34.48,60.71,0.017,0.04,366,0
34.44,60.7,-0.009,-0.039,367,0
34.47,60.55,-0.147,0.031,368,0
34.42,60.57,0.017,-0.05,369,0
34.46,60.63,0.062,0.043,370,0
34.49,60.58,-0.047,0.027,371,0
34.52,60.38,-0.207,0.031,372,0
34.49,60.17,-0.201,-0.032,373,0
34.49,60.25,0.073,0.004,374,0
34.49,60.26,0.01,-0.001,375,0
34.47,60.3,0.04,-0.023,376,0
34.49,60.12,-0.176,0.018,377,0
34.48,60.17,0.044,-0.008,378,0
34.45,60.09,-0.08,-0.026,379,0
34.5,60.14,0.05,0.047,380,0
34.46,60.15,0.01,-0.041,381,0
34.41,60.04,-0.103,-0.045,382,0
34.43,60.07,0.029,0.02,383,0
34.43,59.96,-0.111,-0.002,384,0
34.44,59.84,-0.126,0.01,385,0
34.47,59.78,-0.055,0.025,386,0
34.45,59.78,0.003,-0.021,387,0
34.44,59.85,0.068,-0.009,388,0
34.46,59.92,0.071,0.027,389,0
34.5,59.81,-0.114,0.031,390,0
34.53,59.8,-0.011,0.035,391,0
34.54,59.6,-0.198,0.011,392,0
34.5,59.39,-0.207,-0.039,393,0
34.54,59.3,-0.096,0.042,394,0
34.52,59.29,-0.007,-0.026,395,0
34.55,59.12,-0.164,0.029,396,0
34.52,59.14,0.011,-0.024,397,0
34.56,58.99,-0.15,0.035,398,0
34.59,59.06,0.076,0.033,399,0
34.54,59.08,0.016,-0.052,400,0
34.54,58.89,-0.189,0.003,401,0
34.51,58.74,-0.147,-0.035,402,0
34.48,58.66,-0.084,-0.026,403,0
34.48,58.56,-0.095,0.006,404,0
34.48,58.55,-0.018,-0.004,405,0
34.45,58.53,-0.012,-0.035,406,0
34.42,58.41,-0.119,-0.03,407,0
34.41,58.29,-0.122,-0.004,408,0
34.4,58.32,0.03,-0.013,409,0
34.39,58.22,-0.102,-0.005,410,0
34.35,58.04,-0.18,-0.041,411,0
34.37,58.1,0.055,0.023,412,0
34.42,57.97,-0.123,0.044,413,0
34.43,57.86,-0.112,0.014,414,0
34.43,57.69,-0.174,-0.006,415,0
34.39,57.57,-0.114,-0.041,416,0
34.4,57.57,-0.0,0.018,417,0
34.4,57.6,0.023,-0.004,418,0
34.39,57.63,0.032,-0.004,419,0
34.37,57.54,-0.086,-0.029,420,0
34.36,57.42,-0.122,-0.002,421,0
34.39,57.48,0.058,0.026,422,0
34.41,57.29,-0.191,0.024,423,0
34.39,57.16,-0.131,-0.021,424,0
34.38,57.06,-0.092,-0.009,425,0
34.42,56.97,-0.09,0.039,426,0
34.44,56.85,-0.129,0.02,427,0
34.47,56.74,-0.107,0.029,428,0
34.46,56.62,-0.117,-0.012,429,0
34.42,56.58,-0.037,-0.036,430,0
34.43,56.44,-0.147,0.01,431,0
34.44,56.51,0.075,0.009,432,0
34.45,56.4,-0.11,0.008,433,0
34.47,56.2,-0.203,0.02,434,0
34.43,56.23,0.032,-0.044,435,0
34.46,56.23,0.002,0.039,436,0
34.47,56.25,0.021,0.003,437,0
34.47,56.24,-0.013,-0.001,438,0
34.43,56.14,-0.101,-0.033,439,0
34.43,55.98,-0.162,0.001,440,0
34.4,56.03,0.049,-0.03,441,0
34.44,56.06,0.031,0.038,442,0
34.41,55.95,-0.11,-0.031,443,0
34.45,55.96,0.011,0.041,444,0
34.4,55.76,-0.198,-0.051,445,0
34.36,55.83,0.073,-0.042,446,0
34.36,55.74,-0.09,-0.004,447,0
34.33,55.58,-0.162,-0.023,448,0
34.36,55.44,-0.14,0.025,449,0
34.33,55.31,-0.135,-0.025,450,0
34.36,55.13,-0.172,0.026,451,0
34.32,55.12,-0.013,-0.04,452,0
34.29,55.14,0.013,-0.026,453,0
34.25,54.95,-0.184,-0.045,454,0
34.27,54.96,0.007,0.024,455,0
34.22,54.87,-0.085,-0.051,456,0
34.23,54.91,0.04,0.008,457,0
34.25,54.75,-0.164,0.021,458,0
34.21,54.78,0.029,-0.033,459,0
34.19,54.75,-0.027,-0.021,460,0
34.19,54.64,-0.112,-0.001,461,0
34.17,54.44,-0.202,-0.025,462,0
34.14,54.29,-0.148,-0.026,463,0
34.13,54.28,-0.012,-0.006,464,0
34.09,54.15,-0.122,-0.043,465,0
34.09,54.24,0.081,0.003,466,0
34.13,54.17,-0.064,0.038,467,0
34.1,54.12,-0.049,-0.028,468,0
34.1,53.92,-0.204,-0.003,469,0
34.09,53.83,-0.091,-0.015,470,0
34.04,53.78,-0.045,-0.042,471,0
34.09,53.64,-0.142,0.045,472,0
34.06,53.55,-0.09,-0.03,473,0
34.06,53.45,-0.098,0.004,474,0
34.04,53.44,-0.016,-0.019,475,0
34.09,53.47,0.034,0.045,476,0
34.05,53.29,-0.181,-0.036,477,0
34.05,53.34,0.05,-0.004,478,0
34.01,53.2,-0.134,-0.039,479,0
34.0,53.18,-0.024,-0.005,480,0
34.01,53.19,0.008,0.004,481,0
34.03,53.05,-0.139,0.024,482,0
34.01,52.92,-0.134,-0.022,483,0
33.97,52.81,-0.108,-0.038,484,0
33.98,52.69,-0.113,0.004,485,0
33.93,52.61,-0.087,-0.052,486,0
33.95,52.61,-0.002,0.023,487,0
33.95,52.63,0.029,0.002,488,0
33.96,52.52,-0.115,0.012,489,0
33.98,52.41,-0.113,0.018,490,0
34.01,52.35,-0.055,0.033,491,0
33.97,52.44,0.089,-0.045,492,0
33.99,52.26,-0.178,0.017,493,0
34.01,52.17,-0.096,0.023,494,0
34.03,52.01,-0.161,0.022,495,0
34.02,51.85,-0.159,-0.009,496,0
33.97,51.93,0.082,-0.049,497,0
33.94,51.85,-0.082,-0.036,498,0
33.93,51.88,0.032,-0.004,499,0
33.94,51.89,0.016,0.002,500,0
33.91,51.8,-0.089,-0.023,501,0
33.89,51.73,-0.079,-0.023,502,0
33.9,51.79,0.067,0.015,503,0
33.91,51.74,-0.052,0.009,504,0
33.93,51.64,-0.098,0.012,505,0
33.93,51.48,-0.167,-0.0,506,0
33.93,51.33,-0.148,0.009,507,0
33.93,51.33,0.005,-0.001,508,0
33.93,51.2,-0.134,-0.006,509,0
33.97,51.27,0.072,0.04,510,0
34.0,51.28,0.007,0.033,511,0
34.0,51.11,-0.169,-0.0,512,0
33.95,51.15,0.04,-0.052,513,0
33.91,51.07,-0.084,-0.038,514,0
33.95,50.88,-0.189,0.045,515,0
33.92,50.76,-0.116,-0.034,516,0
33.92,50.76,-0.001,0.001,517,0
33.88,50.65,-0.11,-0.047,518,0
33.84,50.58,-0.069,-0.037,519,0
33.84,50.48,-0.104,0.003,520,0
33.85,50.34,-0.141,0.01,521,0
33.83,50.4,0.069,-0.025,522,0
33.86,50.44,0.037,0.034,523,0
33.84,50.41,-0.034,-0.022,524,0
33.83,50.39,-0.022,-0.012,525,0
33.83,50.25,-0.133,0.001,526,0
33.78,50.24,-0.011,-0.045,527,0
33.8,50.08,-0.163,0.02,528,0
33.78,49.95,-0.125,-0.026,529,0
33.8,49.77,-0.178,0.027,530,0
33.83,49.74,-0.033,0.024,531,0
33.85,49.63,-0.11,0.024,532,0
33.83,49.6,-0.032,-0.025,533,0
33.86,49.63,0.033,0.034,534,0
33.86,49.62,-0.009,-0.005,535,0
33.88,49.47,-0.159,0.026,536,0
33.84,49.55,0.088,-0.044,537,0
33.8,49.59,0.032,-0.038,538,0
33.83,49.43,-0.16,0.035,539,0
33.87,49.31,-0.112,0.037,540,0
33.87,49.12,-0.194,-0.002,541,0
33.88,49.04,-0.077,0.014,542,0
33.88,48.93,-0.111,-0.003,543,0
33.88,48.76,-0.174,0.003,544,0
33.87,48.66,-0.096,-0.014,545,0
33.85,48.59,-0.067,-0.022,546,0
33.85,48.54,-0.053,0.0,547,0
33.88,48.6,0.056,0.032,548,0
33.92,48.68,0.077,0.042,549,0
33.94,48.72,0.041,0.018,550,0
33.94,48.76,0.043,0.003,551,0
33.97,48.7,-0.062,0.026,552,0
33.97,48.69,-0.004,0.003,553,0
33.96,48.61,-0.079,-0.018,554,0
33.94,48.41,-0.202,-0.016,555,0
33.95,48.34,-0.069,0.014,556,0
33.92,48.35,0.009,-0.031,557,0
33.97,48.31,-0.041,0.047,558,0
33.95,48.38,0.073,-0.014,559,0
33.98,48.23,-0.155,0.022,560,0
33.97,48.02,-0.206,-0.009,561,0
33.92,47.97,-0.051,-0.052,562,0
33.87,47.86,-0.116,-0.043,563,0
33.85,47.76,-0.099,-0.027,564,0
33.85,47.82,0.067,0.008,565,0
33.83,47.62,-0.199,-0.025,566,0
33.78,47.56,-0.066,-0.048,567,0
33.75,47.56,-0.001,-0.027,568,0
33.8,47.54,-0.022,0.044,569,0
33.83,47.58,0.038,0.034,570,0
33.88,47.64,0.069,0.047,571,0
33.87,47.62,-0.02,-0.004,572,0
33.91,47.56,-0.067,0.035,573,0
33.94,47.57,0.016,0.028,574,0
33.89,47.38,-0.198,-0.05,575,0
33.85,47.43,0.059,-0.037,576,0
33.88,47.45,0.012,0.034,577,0
33.87,47.28,-0.17,-0.011,578,0
33.83,47.32,0.045,-0.047,579,0
33.78,47.3,-0.018,-0.046,580,0
33.78,47.12,-0.18,0.002,581,0
33.75,47.21,0.086,-0.033,582,0
33.7,47.18,-0.025,-0.051,583,0
33.73,47.23,0.042,0.032,584,0
33.75,47.11,-0.114,0.018,585,0
33.75,47.17,0.063,0.006,586,0
33.75,47.25,0.074,-0.001,587,0
33.74,47.32,0.073,-0.012,588,0
33.75,47.36,0.042,0.014,589,0
33.78,47.17,-0.19,0.03,590,0
33.8,47.12,-0.059,0.02,591,0
33.8,46.93,-0.184,-0.008,592,0
33.76,46.8,-0.127,-0.033,593,0
33.73,46.75,-0.058,-0.035,594,0
33.76,46.76,0.015,0.031,595,0
33.73,46.55,-0.208,-0.025,596,0
33.71,46.45,-0.104,-0.019,597,0
33.73,46.41,-0.039,0.017,598,0
33.72,46.37,-0.039,-0.006,599,0
30.72,79.15,0.066,0.02,0,0
30.68,79.17,0.013,-0.035,1,0
30.64,79.05,-0.111,-0.048,2,0
30.6,79.05,-0.006,-0.032,3,0
30.61,79.08,0.027,0.008,4,0
30.57,79.12,0.047,-0.037,5,0
30.53,79.12,0.003,-0.043,6,0
30.55,78.92,-0.208,0.014,7,0
30.5,78.75,-0.17,-0.042,8,0
30.47,78.62,-0.129,-0.034,9,0
30.5,78.45,-0.167,0.032,10,0
30.48,78.28,-0.171,-0.027,11,0
30.45,78.27,-0.015,-0.03,12,0
30.45,78.19,-0.077,0.002,13,0
30.45,78.07,-0.119,0.008,14,0
30.46,77.98,-0.089,0.007,15,0
30.41,78.01,0.026,-0.053,16,0
30.39,78.03,0.027,-0.018,17,0
30.36,77.97,-0.062,-0.035,18,0
30.33,77.96,-0.013,-0.022,19,0
30.36,77.98,0.019,0.023,20,0
30.37,77.82,-0.162,0.014,21,0
30.4,77.74,-0.073,0.027,22,0
30.35,77.76,0.015,-0.047,23,0
30.32,77.77,0.008,-0.03,24,0
30.27,77.68,-0.083,-0.053,25,0
30.28,77.49,-0.189,0.01,26,0
30.23,77.32,-0.168,-0.042,27,0
30.22,77.28,-0.048,-0.019,28,0
30.22,77.17,-0.11,0.003,29,0
30.23,76.95,-0.214,0.014,30,0
30.26,76.92,-0.035,0.031,31,0
30.25,76.7,-0.221,-0.014,32,0
30.26,76.57,-0.123,0.009,33,0
30.29,76.38,-0.194,0.035,34,0
30.28,76.25,-0.132,-0.01,35,0
30.23,76.08,-0.168,-0.054,36,0
30.22,76.1,0.019,-0.011,37,0
30.2,76.05,-0.051,-0.013,38,0
30.23,75.94,-0.104,0.027,39,0
30.21,75.8,-0.148,-0.019,40,0
30.22,75.67,-0.122,0.012,41,0
30.27,75.54,-0.134,0.041,42,0
30.29,75.58,0.039,0.02,43,0
30.28,75.63,0.046,-0.006,44,0
30.3,75.53,-0.097,0.021,45,0
30.28,75.59,0.062,-0.016,46,0
30.28,75.38,-0.215,-0.005,47,0
30.31,75.43,0.053,0.032,48,0
30.35,75.49,0.066,0.038,49,0
30.39,75.33,-0.164,0.041,50,0
30.35,75.33,0.002,-0.043,51,0
30.39,75.21,-0.124,0.04,52,0
30.36,75.28,0.067,-0.025,53,0
30.39,75.28,0.006,0.024,54,0
30.35,75.19,-0.086,-0.04,55,0
30.3,74.97,-0.224,-0.042,56,0
30.28,75.01,0.041,-0.026,57,0
30.25,74.81,-0.2,-0.033,58,0
30.2,74.65,-0.163,-0.047,59,0
30.21,74.5,-0.15,0.012,60,0
30.19,74.53,0.03,-0.019,61,0
30.17,74.45,-0.081,-0.022,62,0
30.18,74.37,-0.083,0.012,63,0
30.22,74.35,-0.014,0.035,64,0
30.24,74.33,-0.023,0.027,65,0
30.26,74.32,-0.012,0.02,66,0
30.22,74.12,-0.195,-0.043,67,0
30.18,74.13,0.005,-0.043,68,0
30.21,74.14,0.008,0.034,69,0
30.23,74.16,0.022,0.017,70,0
30.21,74.06,-0.096,-0.017,71,0
30.2,73.86,-0.202,-0.007,72,0
30.21,73.86,-0.002,0.002,73,0
30.21,73.7,-0.157,0.005,74,0
30.19,73.71,0.007,-0.019,75,0
30.22,73.58,-0.122,0.026,76,0
30.24,73.54,-0.041,0.019,77,0
30.24,73.59,0.051,0.008,78,0
30.21,73.41,-0.182,-0.037,79,0
30.19,73.25,-0.16,-0.013,80,0
30.2,73.13,-0.122,0.009,81,0
30.18,73.03,-0.096,-0.028,82,0
30.2,72.93,-0.108,0.026,83,0
30.24,72.71,-0.213,0.04,84,0
30.2,72.62,-0.097,-0.04,85,0
30.23,72.6,-0.019,0.027,86,0
30.18,72.51,-0.084,-0.048,87,0
30.13,72.49,-0.018,-0.046,88,0
30.16,72.53,0.035,0.024,89,0
30.13,72.31,-0.22,-0.024,90,0
30.12,72.26,-0.051,-0.018,91,0
30.11,72.17,-0.087,-0.008,92,0
30.09,72.23,0.064,-0.016,93,0
30.07,72.24,0.008,-0.026,94,0
30.07,72.1,-0.146,0.007,95,0
30.1,72.05,-0.043,0.024,96,0
30.08,71.96,-0.089,-0.019,97,0
30.06,71.88,-0.082,-0.023,98,0
30.04,71.82,-0.063,-0.02,99,0
30.08,71.83,0.012,0.042,100,0
30.06,71.77,-0.064,-0.018,101,0
30.02,71.75,-0.021,-0.041,102,0
30.06,71.62,-0.123,0.037,103,0
30.02,71.58,-0.047,-0.037,104,0
30.04,71.6,0.02,0.016,105,0
29.98,71.51,-0.087,-0.051,106,0
29.94,71.37,-0.139,-0.044,107,0
29.92,71.29,-0.077,-0.02,108,0
29.93,71.34,0.043,0.012,109,0
29.91,71.19,-0.148,-0.023,110,0
29.94,71.05,-0.135,0.026,111,0
29.9,70.99,-0.061,-0.038,112,0
29.84,70.88,-0.117,-0.055,113,0
29.85,70.75,-0.126,0.007,114,0
29.83,70.7,-0.045,-0.021,115,0
29.85,70.49,-0.213,0.018,116,0
29.8,70.34,-0.149,-0.048,117,0
29.82,70.15,-0.195,0.016,118,0
29.8,70.11,-0.034,-0.013,119,0
29.84,69.97,-0.141,0.041,120,0
29.81,69.95,-0.017,-0.032,121,0
29.84,69.98,0.024,0.027,122,0
29.83,69.97,-0.004,-0.004,123,0
29.79,69.89,-0.086,-0.049,124,0
29.74,69.78,-0.112,-0.042,125,0
29.75,69.85,0.069,0.007,126,0
29.73,69.89,0.041,-0.018,127,0
29.69,69.96,0.07,-0.048,128,0
29.7,70.01,0.054,0.019,129,0
29.65,69.91,-0.097,-0.054,130,0
29.62,69.98,0.061,-0.031,131,0
29.65,69.95,-0.028,0.032,132,0
29.64,69.98,0.027,-0.013,133,0
29.6,69.79,-0.189,-0.037,134,0
29.58,69.64,-0.145,-0.026,135,0
29.6,69.57,-0.07,0.029,136,0
29.63,69.42,-0.151,0.024,137,0
29.62,69.31,-0.112,-0.009,138,0
29.61,69.31,0.004,-0.013,139,0
29.63,69.31,0.0,0.022,140,0
29.64,69.17,-0.141,0.011,141,0
29.67,69.13,-0.042,0.035,142,0
29.64,69.11,-0.02,-0.029,143,0
29.59,69.01,-0.102,-0.054,144,0
29.55,68.91,-0.099,-0.043,145,0
29.55,68.77,-0.144,0.004,146,0
29.53,68.83,0.069,-0.024,147,0
29.47,68.68,-0.157,-0.054,148,0
29.42,68.55,-0.126,-0.05,149,0
29.44,68.41,-0.137,0.015,150,0
29.44,68.44,0.024,0.003,151,0
29.42,68.4,-0.033,-0.023,152,0
29.45,68.3,-0.107,0.037,153,0
29.43,68.08,-0.22,-0.022,154,0
29.42,67.96,-0.12,-0.012,155,0
29.44,67.87,-0.085,0.018,156,0
29.45,67.71,-0.161,0.013,157,0
29.42,67.69,-0.022,-0.031,158,0
29.45,67.48,-0.214,0.029,159,0
29.45,67.54,0.067,0.007,160,0
29.43,67.49,-0.055,-0.022,161,0
29.48,67.33,-0.162,0.042,162,0
29.45,67.21,-0.113,-0.027,163,0
29.46,67.08,-0.129,0.011,164,0
29.47,66.87,-0.215,0.006,165,0
29.44,66.69,-0.174,-0.021,166,0
29.49,66.6,-0.094,0.043,167,0
29.53,66.38,-0.217,0.041,168,0
29.52,66.33,-0.057,-0.007,169,0
29.56,66.17,-0.153,0.036,170,0
29.56,65.99,-0.184,0.004,171,0
29.51,66.02,0.031,-0.047,172,0
29.56,65.86,-0.158,0.043,173,0
29.52,65.81,-0.053,-0.038,174,0
29.54,65.63,-0.176,0.021,175,0
29.52,65.63,-0.003,-0.016,176,0
29.54,65.53,-0.101,0.019,177,0
29.55,65.43,-0.098,0.004,178,0
29.53,65.3,-0.128,-0.02,179,0
29.56,65.11,-0.192,0.032,180,0
29.58,65.17,0.064,0.02,181,0
29.58,65.05,-0.128,-0.003,182,0
29.61,64.94,-0.106,0.03,183,0
29.6,64.86,-0.075,-0.01,184,0
29.58,64.89,0.024,-0.011,185,0
29.55,64.94,0.053,-0.039,186,0
29.54,64.8,-0.137,-0.003,187,0
29.53,64.68,-0.124,-0.01,188,0
29.57,64.51,-0.172,0.034,189,0
29.58,64.4,-0.109,0.009,190,0
29.56,64.47,0.069,-0.015,191,0
29.57,64.44,-0.033,0.006,192,0
29.57,64.25,-0.182,0.006,193,0
29.58,64.33,0.076,0.004,194,0
29.62,64.33,-0.004,0.038,195,0
29.58,64.2,-0.126,-0.031,196,0
29.57,64.15,-0.053,-0.009,197,0
29.56,63.95,-0.196,-0.019,198,0
29.59,63.95,-0.001,0.032,199,0
29.59,63.92,-0.028,-0.001,200,0
29.62,63.96,0.035,0.029,201,0
29.6,63.78,-0.175,-0.019,202,0
29.56,63.82,0.039,-0.039,203,0
29.59,63.88,0.057,0.036,204,0
29.57,63.75,-0.127,-0.027,205,0
29.53,63.8,0.045,-0.036,206,0
29.5,63.71,-0.085,-0.032,207,0
29.54,63.67,-0.043,0.043,208,0
29.58,63.68,0.015,0.041,209,0
29.54,63.61,-0.074,-0.045,210,0
29.51,63.57,-0.043,-0.023,211,0
29.47,63.62,0.052,-0.04,212,0
29.51,63.53,-0.085,0.04,213,0
29.46,63.31,-0.222,-0.053,214,0
29.49,63.29,-0.021,0.03,215,0
29.52,63.37,0.075,0.03,216,0
29.51,63.16,-0.203,-0.015,217,0
29.52,63.02,-0.146,0.015,218,0
29.54,62.83,-0.187,0.021,219,0
29.54,62.8,-0.03,-0.003,220,0
29.53,62.58,-0.217,-0.008,221,0
29.5,62.58,-0.006,-0.027,222,0
29.53,62.47,-0.104,0.026,223,0
29.51,62.48,0.007,-0.02,224,0
29.51,62.47,-0.009,-0.005,225,0
29.49,62.44,-0.029,-0.013,226,0
29.45,62.26,-0.187,-0.042,227,0
29.48,62.11,-0.145,0.026,228,0
29.43,62.11,0.002,-0.045,229,0
29.42,61.94,-0.173,-0.015,230,0
29.45,61.82,-0.122,0.035,231,0
29.42,61.83,0.015,-0.035,232,0
29.42,61.64,-0.195,0.008,233,0
29.46,61.44,-0.202,0.034,234,0
29.43,61.36,-0.076,-0.032,235,0
29.4,61.21,-0.146,-0.027,236,0
29.42,61.12,-0.09,0.022,237,0
29.42,61.11,-0.014,0.001,238,0
29.44,61.06,-0.045,0.02,239,0
29.41,60.89,-0.179,-0.027,240,0
29.4,60.73,-0.157,-0.019,241,0
29.37,60.61,-0.115,-0.027,242,0
29.33,60.67,0.06,-0.04,243,0
29.32,60.64,-0.034,-0.009,244,0
29.29,60.55,-0.092,-0.027,245,0
29.31,60.55,-0.001,0.013,246,0
29.28,60.37,-0.18,-0.027,247,0
29.29,60.26,-0.109,0.007,248,0
29.25,60.04,-0.215,-0.035,249,0
29.25,59.91,-0.133,0.002,250,0
29.27,59.76,-0.146,0.016,251,0
29.31,59.76,-0.0,0.043,252,0
29.32,59.66,-0.102,0.006,253,0
29.3,59.49,-0.173,-0.022,254,0
29.32,59.31,-0.177,0.029,255,0
29.31,59.18,-0.129,-0.019,256,0
29.3,59.22,0.036,-0.008,257,0
29.29,59.05,-0.173,-0.004,258,0
29.33,58.87,-0.171,0.033,259,0
29.37,58.66,-0.22,0.038,260,0
29.34,58.53,-0.121,-0.025,261,0
29.31,58.38,-0.156,-0.028,262,0
29.33,58.39,0.01,0.023,263,0
29.31,58.36,-0.029,-0.021,264,0
29.35,58.27,-0.086,0.035,265,0
29.38,58.32,0.048,0.028,266,0
29.4,58.35,0.03,0.022,267,0
29.37,58.28,-0.067,-0.033,268,0
29.38,58.12,-0.163,0.01,269,0
29.33,58.02,-0.104,-0.046,270,0
29.28,57.89,-0.125,-0.05,271,0
29.28,57.83,-0.058,-0.003,272,0
29.31,57.83,-0.001,0.031,273,0
29.26,57.9,0.067,-0.051,274,0
29.23,57.85,-0.054,-0.031,275,0
29.24,57.7,-0.147,0.018,276,0
29.25,57.68,-0.017,0.009,277,0
29.26,57.53,-0.15,0.013,278,0
29.21,57.45,-0.087,-0.052,279,0
29.21,57.4,-0.041,-0.001,280,0
29.17,57.21,-0.196,-0.037,281,0
29.12,57.23,0.025,-0.05,282,0
29.12,57.28,0.047,-0.004,283,0
29.09,57.07,-0.206,-0.034,284,0
29.09,57.03,-0.048,0.002,285,0
29.09,56.94,-0.084,-0.003,286,0
29.06,56.95,0.011,-0.024,287,0
29.02,56.92,-0.034,-0.037,288,0
28.98,56.73,-0.189,-0.048,289,0
28.97,56.57,-0.165,-0.002,290,0
28.97,56.41,-0.159,-0.008,291,0
28.97,56.35,-0.053,0.002,292,0
28.92,56.39,0.035,-0.045,293,0
28.95,56.43,0.042,0.021,294,0
28.97,56.27,-0.165,0.024,295,0
28.96,56.23,-0.039,-0.011,296,0
28.98,56.0,-0.224,0.019,297,0
28.97,55.96,-0.043,-0.007,298,0
28.97,55.79,-0.171,-0.006,299,0
29.0,55.72,-0.07,0.039,300,0
29.04,55.58,-0.134,0.03,301,0
29.01,55.44,-0.149,-0.029,302,0
28.98,55.38,-0.055,-0.025,303,0
29.02,55.29,-0.092,0.041,304,0
29.01,55.35,0.06,-0.008,305,0
29.06,55.22,-0.128,0.041,306,0
29.02,55.14,-0.083,-0.04,307,0
29.0,54.93,-0.204,-0.013,308,0
29.04,54.8,-0.132,0.036,309,0
29.05,54.71,-0.091,0.008,310,0
29.01,54.65,-0.062,-0.038,311,0
29.03,54.66,0.01,0.02,312,0
29.02,54.5,-0.16,-0.006,313,0
29.02,54.37,-0.128,-0.003,314,0
28.99,54.18,-0.193,-0.026,315,0
28.99,54.14,-0.041,0.001,316,0
28.95,53.96,-0.177,-0.041,317,0
28.98,53.97,0.006,0.022,318,0
28.98,54.0,0.032,0.005,319,0
29.02,53.82,-0.177,0.039,320,0
29.03,53.89,0.071,0.009,321,0
29.05,53.9,0.013,0.022,322,0
29.09,53.76,-0.143,0.037,323,0
29.12,53.68,-0.082,0.029,324,0
29.07,53.55,-0.133,-0.042,325,0
29.05,53.42,-0.124,-0.021,326,0
29.04,53.42,-0.0,-0.011,327,0
29.03,53.33,-0.096,-0.017,328,0
29.05,53.23,-0.099,0.02,329,0
29.09,53.12,-0.103,0.041,330,0
29.11,53.01,-0.118,0.024,331,0
29.13,53.08,0.069,0.02,332,0
29.15,52.86,-0.218,0.014,333,0
29.16,52.7,-0.161,0.015,334,0
29.14,52.56,-0.135,-0.019,335,0
29.16,52.43,-0.127,0.023,336,0
29.16,52.31,-0.126,-0.0,337,0
29.13,52.14,-0.164,-0.035,338,0
29.16,52.07,-0.073,0.029,339,0
29.13,51.88,-0.192,-0.032,340,0
29.12,51.75,-0.126,-0.008,341,0
29.11,51.75,-0.007,-0.009,342,0
29.06,51.81,0.068,-0.052,343,0
29.07,51.79,-0.026,0.012,344,0
29.06,51.84,0.049,-0.008,345,0
29.07,51.7,-0.14,0.004,346,0
29.02,51.59,-0.111,-0.046,347,0
28.99,51.55,-0.032,-0.029,348,0
29.03,51.44,-0.113,0.036,349,0
28.99,51.25,-0.19,-0.043,350,0
28.96,51.25,0.001,-0.024,351,0
28.95,51.26,0.009,-0.015,352,0
28.91,51.08,-0.178,-0.041,353,0
28.87,50.95,-0.134,-0.036,354,0
28.84,50.75,-0.197,-0.032,355,0
28.86,50.7,-0.052,0.02,356,0
28.85,50.55,-0.146,-0.003,357,0
28.8,50.42,-0.136,-0.054,358,0
28.75,50.42,0.008,-0.049,359,0
28.77,50.44,0.012,0.015,360,0
28.79,50.31,-0.13,0.029,361,0
28.78,50.35,0.048,-0.012,362,0
28.74,50.4,0.042,-0.038,363,0
28.73,50.31,-0.083,-0.01,364,0
28.75,50.19,-0.124,0.011,365,0
28.72,50.18,-0.013,-0.031,366,0
28.66,50.18,0.001,-0.054,367,0
28.65,49.99,-0.188,-0.015,368,0
28.64,49.88,-0.105,-0.008,369,0
28.63,49.67,-0.209,-0.003,370,0
28.63,49.73,0.05,-0.005,371,0
28.62,49.51,-0.219,-0.013,372,0
28.61,49.29,-0.214,-0.006,373,0
28.63,49.31,0.016,0.023,374,0
28.64,49.23,-0.076,0.001,375,0
28.65,49.2,-0.033,0.017,376,0
28.69,49.14,-0.054,0.041,377,0
28.69,49.15,0.01,-0.003,378,0
28.72,49.17,0.016,0.028,379,0
28.75,48.97,-0.197,0.036,380,0
28.8,48.93,-0.041,0.043,381,0
28.82,48.93,0.002,0.02,382,0
28.79,48.84,-0.094,-0.029,383,0
28.82,48.75,-0.088,0.032,384,0
28.83,48.75,-0.002,0.009,385,0
28.84,48.55,-0.202,0.008,386,0
28.84,48.43,-0.122,-0.004,387,0
28.86,48.41,-0.016,0.026,388,0
28.81,48.32,-0.094,-0.054,389,0
28.75,48.26,-0.051,-0.056,390,0
28.7,48.29,0.025,-0.054,391,0
28.68,48.13,-0.156,-0.014,392,0
28.65,47.99,-0.146,-0.034,393,0
28.63,47.96,-0.021,-0.024,394,0
28.64,47.88,-0.086,0.01,395,0
28.64,47.89,0.007,0.001,396,0
28.67,47.77,-0.117,0.032,397,0
28.63,47.8,0.036,-0.041,398,0
28.59,47.81,0.008,-0.036,399,0
28.54,47.64,-0.169,-0.054,400,0
28.57,47.6,-0.043,0.028,401,0
28.56,47.61,0.01,-0.002,402,0
28.54,47.67,0.063,-0.024,403,0
28.51,47.54,-0.129,-0.033,404,0
28.48,47.38,-0.161,-0.026,405,0
28.45,47.29,-0.096,-0.029,406,0
28.42,47.34,0.057,-0.035,407,0
28.37,47.23,-0.117,-0.043,408,0
28.36,47.27,0.046,-0.012,409,0
28.34,47.3,0.026,-0.019,410,0
28.36,47.21,-0.091,0.018,411,0
28.34,47.21,-0.002,-0.018,412,0
28.33,47.12,-0.09,-0.016,413,0
28.31,46.95,-0.162,-0.018,414,0
28.26,46.97,0.021,-0.047,415,0
28.3,46.8,-0.171,0.035,416,0
28.25,46.8,-0.006,-0.044,417,0
28.21,46.8,0.003,-0.044,418,0
28.21,46.72,-0.077,0.004,419,0
28.19,46.72,0.001,-0.025,420,0
28.23,46.56,-0.166,0.042,421,0
28.21,46.57,0.016,-0.02,422,0
28.17,46.43,-0.147,-0.045,423,0
28.11,46.34,-0.087,-0.056,424,0
28.09,46.36,0.017,-0.016,425,0
28.07,46.39,0.033,-0.021,426,0
28.1,46.45,0.06,0.027,427,0
28.13,46.36,-0.094,0.028,428,0
28.17,46.22,-0.134,0.044,429,0
28.18,46.03,-0.198,0.008,430,0
28.17,45.92,-0.107,-0.009,431,0
28.14,45.98,0.062,-0.029,432,0
28.12,45.95,-0.03,-0.024,433,0
28.09,45.77,-0.182,-0.031,434,0
28.04,45.71,-0.054,-0.043,435,0
28.06,45.54,-0.177,0.013,436,0
28.01,45.54,0.005,-0.05,437,0
28.04,45.56,0.017,0.03,438,0
28.02,45.53,-0.025,-0.019,439,0
27.98,45.43,-0.099,-0.041,440,0
28.01,45.26,-0.172,0.037,441,0
28.03,45.33,0.066,0.018,442,0
27.99,45.35,0.019,-0.038,443,0
27.95,45.39,0.04,-0.045,444,0
27.94,45.21,-0.175,-0.007,445,0
27.95,45.08,-0.132,0.006,446,0
27.92,45.13,0.049,-0.03,447,0
27.94,45.0,-0.127,0.022,448,0
27.97,44.88,-0.124,0.033,449,0
28.0,44.66,-0.214,0.031,450,0
27.95,44.71,0.05,-0.052,451,0
27.96,44.6,-0.111,0.004,452,0
27.92,44.54,-0.066,-0.04,453,0
27.95,44.32,-0.219,0.033,454,0
27.99,44.12,-0.196,0.043,455,0
27.98,43.93,-0.19,-0.009,456,0
28.01,44.0,0.071,0.029,457,0
27.97,43.94,-0.063,-0.043,458,0
27.98,43.9,-0.043,0.007,459,0
27.97,43.77,-0.13,-0.009,460,0
27.92,43.81,0.047,-0.043,461,0
27.9,43.79,-0.027,-0.02,462,0
27.92,43.75,-0.04,0.015,463,0
27.94,43.67,-0.08,0.019,464,0
27.9,43.7,0.032,-0.037,465,0
27.86,43.54,-0.158,-0.043,466,0
27.82,43.6,0.059,-0.034,467,0
27.78,43.4,-0.199,-0.047,468,0
27.81,43.3,-0.103,0.032,469,0
27.78,43.11,-0.192,-0.034,470,0
27.79,42.94,-0.168,0.01,471,0
27.83,42.81,-0.125,0.041,472,0
27.82,42.79,-0.023,-0.004,473,0
27.86,42.74,-0.051,0.032,474,0
27.81,42.74,0.004,-0.043,475,0
27.82,42.65,-0.097,0.01,476,0
27.86,42.6,-0.05,0.037,477,0
27.89,42.38,-0.214,0.034,478,0
27.84,42.27,-0.108,-0.051,479,0
27.8,42.11,-0.164,-0.038,480,0
27.75,41.93,-0.181,-0.053,481,0
27.71,41.94,0.015,-0.04,482,0
27.71,41.82,-0.127,0.001,483,0
27.69,41.74,-0.079,-0.022,484,0
27.72,41.7,-0.035,0.025,485,0
27.7,41.65,-0.051,-0.011,486,0
27.71,41.49,-0.159,0.006,487,0
27.67,41.43,-0.06,-0.045,488,0
27.69,41.29,-0.14,0.021,489,0
27.66,41.35,0.053,-0.023,490,0
27.63,41.39,0.044,-0.031,491,0
27.63,41.41,0.018,-0.008,492,0
27.64,41.35,-0.059,0.01,493,0
27.61,41.33,-0.023,-0.022,494,0
27.56,41.26,-0.068,-0.05,495,0
27.57,41.14,-0.114,0.008,496,0
27.53,41.21,0.066,-0.044,497,0
27.52,41.05,-0.156,-0.011,498,0
27.52,40.86,-0.19,-0.001,499,0
27.55,40.73,-0.135,0.031,500,0
27.53,40.6,-0.132,-0.013,501,0
27.49,40.67,0.072,-0.048,502,0
27.48,40.7,0.036,-0.006,503,0
27.52,40.6,-0.105,0.038,504,0
27.48,40.68,0.076,-0.037,505,0
27.45,40.7,0.028,-0.034,506,0
27.46,40.49,-0.219,0.017,507,0
27.47,40.37,-0.118,0.004,508,0
27.5,40.19,-0.178,0.03,509,0
27.52,40.12,-0.066,0.024,510,0
27.49,40.01,-0.115,-0.033,511,0
27.49,40.07,0.06,-0.003,512,0
27.44,39.96,-0.111,-0.046,513,0
27.45,39.78,-0.174,0.007,514,0
27.47,39.74,-0.038,0.028,515,0
27.43,39.75,0.002,-0.041,516,0
27.44,39.81,0.059,0.005,517,0
27.41,39.84,0.034,-0.028,518,0
27.45,39.9,0.064,0.039,519,0
27.48,39.77,-0.135,0.034,520,0
27.51,39.84,0.068,0.033,521,0
27.47,39.75,-0.083,-0.043,522,0
27.42,39.81,0.058,-0.056,523,0
27.42,39.66,-0.148,-0.001,524,0
27.45,39.53,-0.13,0.036,525,0
27.49,39.49,-0.04,0.04,526,0
27.48,39.29,-0.206,-0.015,527,0
27.5,39.11,-0.181,0.026,528,0
27.53,39.11,0.006,0.024,529,0
27.49,39.17,0.062,-0.032,530,0
27.5,39.18,0.012,0.008,531,0
27.47,39.08,-0.106,-0.037,532,0
27.42,39.1,0.027,-0.049,533,0
27.39,39.17,0.065,-0.029,534,0
27.34,39.21,0.044,-0.044,535,0
27.38,39.21,-0.002,0.038,536,0
27.37,39.03,-0.178,-0.012,537,0
27.39,39.01,-0.022,0.02,538,0
27.34,38.79,-0.221,-0.045,539,0
27.3,38.66,-0.13,-0.046,540,0
27.29,38.63,-0.035,-0.009,541,0
27.26,38.6,-0.026,-0.026,542,0
27.28,38.41,-0.186,0.018,543,0
27.23,38.33,-0.087,-0.049,544,0
27.27,38.4,0.07,0.035,545,0
27.24,38.27,-0.121,-0.029,546,0
27.22,38.35,0.073,-0.018,547,0
27.17,38.39,0.044,-0.045,548,0
27.18,38.31,-0.084,0.002,549,0
27.19,38.35,0.039,0.013,550,0
27.21,38.36,0.015,0.02,551,0
27.16,38.2,-0.156,-0.046,552,0
27.17,38.28,0.076,0.004,553,0
27.15,38.24,-0.044,-0.02,554,0
27.16,38.27,0.037,0.01,555,0
27.2,38.3,0.027,0.04,556,0
27.2,38.2,-0.097,0.008,557,0
27.18,38.24,0.036,-0.028,558,0
27.15,38.23,-0.007,-0.029,559,0
27.14,38.08,-0.148,-0.006,560,0
27.17,37.99,-0.098,0.027,561,0
27.12,38.06,0.071,-0.048,562,0
27.15,37.86,-0.193,0.024,563,0
27.14,37.71,-0.151,-0.007,564,0
27.15,37.67,-0.046,0.01,565,0
27.17,37.47,-0.193,0.022,566,0
27.17,37.46,-0.011,-0.0,567,0
27.15,37.49,0.027,-0.019,568,0
27.19,37.42,-0.068,0.036,569,0
27.19,37.31,-0.109,0.004,570,0
27.22,37.27,-0.047,0.023,571,0
27.22,37.33,0.062,0.001,572,0
27.24,37.14,-0.189,0.02,573,0
27.25,37.02,-0.116,0.011,574,0
27.23,37.07,0.047,-0.014,575,0
27.25,36.97,-0.106,0.018,576,0
27.27,36.85,-0.12,0.023,577,0
27.28,36.88,0.032,0.001,578,0
27.31,36.81,-0.067,0.038,579,0
27.32,36.83,0.02,0.007,580,0
27.33,36.84,0.01,0.011,581,0
27.33,36.62,-0.216,0.0,582,0
27.37,36.41,-0.217,0.038,583,0
27.41,36.21,-0.194,0.036,584,0
27.42,36.23,0.017,0.017,585,0
27.39,36.26,0.031,-0.031,586,0
27.37,36.28,0.022,-0.022,587,0
27.34,36.35,0.068,-0.031,588,0
27.29,36.26,-0.09,-0.052,589,0
27.33,36.18,-0.086,0.043,590,0
27.35,36.03,-0.145,0.023,591,0
27.37,35.87,-0.161,0.021,592,0
27.35,35.81,-0.06,-0.024,593,0
27.33,35.71,-0.103,-0.021,594,0
27.36,35.73,0.021,0.028,595,0
27.33,35.76,0.033,-0.023,596,0
27.35,35.72,-0.039,0.018,597,0
27.32,35.75,0.027,-0.034,598,0
27.27,35.77,0.025,-0.046,599,0
34.31,85.59,-0.084,-0.024,0,0
34.29,85.6,0.013,-0.015,1,0
34.33,85.65,0.043,0.04,2,0
34.38,85.67,0.028,0.046,3,0
34.34,85.57,-0.102,-0.039,4,0
34.38,85.55,-0.024,0.041,5,0
34.39,85.56,0.011,0.006,6,0
34.39,85.59,0.028,0.004,7,0
34.41,85.51,-0.079,0.02,8,0
34.37,85.37,-0.139,-0.041,9,0
34.41,85.35,-0.019,0.038,10,0
34.38,85.27,-0.077,-0.024,11,0
34.39,85.29,0.016,0.003,12,0
34.43,85.21,-0.08,0.042,13,0
34.47,85.04,-0.168,0.046,14,0
34.51,85.09,0.046,0.039,15,0
34.52,84.98,-0.111,0.007,16,0
34.57,84.8,-0.174,0.05,17,0
34.52,84.74,-0.066,-0.046,18,0
34.54,84.7,-0.034,0.017,19,0
34.54,84.58,-0.117,-0.001,20,0
34.59,84.64,0.051,0.048,21,0
34.56,84.51,-0.125,-0.027,22,0
34.53,84.51,-0.004,-0.028,23,0
34.51,84.31,-0.195,-0.026,24,0
34.52,84.12,-0.193,0.011,25,0
34.51,84.17,0.053,-0.009,26,0
34.52,84.14,-0.033,0.007,27,0
34.55,84.06,-0.075,0.035,28,0
34.56,84.04,-0.025,0.013,29,0
34.61,84.11,0.068,0.048,30,0
34.63,84.13,0.025,0.021,31,0
34.66,84.23,0.096,0.03,32,0
34.65,84.11,-0.12,-0.013,33,0
34.69,84.18,0.071,0.044,34,0
34.68,84.08,-0.103,-0.014,35,0
34.64,84.16,0.089,-0.037,36,0
34.69,84.22,0.059,0.049,37,0
34.69,84.1,-0.125,0.004,38,0
34.74,83.94,-0.16,0.048,39,0
34.74,83.97,0.036,0.001,40,0
34.72,83.92,-0.056,-0.019,41,0
34.73,83.96,0.043,0.01,42,0
34.76,83.98,0.017,0.022,43,0
34.76,83.97,-0.005,0.005,44,0
34.76,84.07,0.097,-0.004,45,0
34.71,84.04,-0.026,-0.045,46,0
34.71,84.03,-0.013,-0.0,47,0
34.76,83.96,-0.068,0.045,48,0
34.76,83.82,-0.147,0.006,49,0
34.72,83.78,-0.031,-0.044,50,0
34.76,83.69,-0.094,0.037,51,0
34.77,83.54,-0.154,0.018,52,0
34.8,83.36,-0.179,0.022,53,0
34.84,83.33,-0.028,0.045,54,0
34.86,83.35,0.02,0.021,55,0
34.88,83.3,-0.052,0.02,56,0
34.93,83.38,0.084,0.049,57,0
34.93,83.25,-0.134,-0.005,58,0
34.94,83.21,-0.037,0.017,59,0
34.95,83.11,-0.1,0.007,60,0
34.99,83.17,0.064,0.045,61,0
35.0,83.02,-0.156,0.004,62,0
34.98,83.02,0.006,-0.019,63,0
34.99,82.83,-0.197,0.011,64,0
34.98,82.84,0.015,-0.014,65,0
35.02,82.68,-0.163,0.048,66,0
35.03,82.66,-0.015,0.003,67,0
35.05,82.69,0.02,0.023,68,0
35.06,82.56,-0.124,0.01,69,0
35.03,82.59,0.029,-0.032,70,0
35.04,82.45,-0.144,0.015,71,0
35.01,82.4,-0.05,-0.038,72,0
35.05,82.22,-0.172,0.045,73,0
35.09,82.2,-0.027,0.045,74,0
35.09,82.11,-0.083,-0.009,75,0
35.05,82.12,0.01,-0.036,76,0
35.01,82.03,-0.096,-0.04,77,0
35.03,81.94,-0.092,0.021,78,0
35.03,82.0,0.065,-0.0,79,0
35.02,81.86,-0.143,-0.01,80,0
35.07,81.73,-0.131,0.049,81,0
35.05,81.72,-0.009,-0.016,82,0
35.05,81.74,0.027,0.002,83,0
35.06,81.55,-0.193,0.011,84,0
35.02,81.65,0.096,-0.044,85,0
34.99,81.56,-0.087,-0.033,86,0
34.99,81.65,0.09,0.003,87,0
34.98,81.45,-0.197,-0.012,88,0
35.02,81.26,-0.19,0.04,89,0
35.05,81.23,-0.03,0.036,90,0
35.02,81.32,0.088,-0.031,91,0
34.99,81.31,-0.013,-0.032,92,0
34.98,81.18,-0.133,-0.016,93,0
35.02,81.24,0.063,0.041,94,0
35.02,81.22,-0.019,0.007,95,0
35.05,81.29,0.069,0.021,96,0
35.01,81.35,0.065,-0.032,97,0
35.04,81.2,-0.154,0.032,98,0
35.0,81.01,-0.19,-0.046,99,0
35.04,80.97,-0.037,0.046,100,0
35.08,81.06,0.083,0.031,101,0
35.05,80.95,-0.105,-0.021,102,0
35.02,80.86,-0.094,-0.032,103,0
35.06,80.81,-0.043,0.04,104,0
35.07,80.76,-0.049,0.01,105,0
35.11,80.86,0.1,0.042,106,0
35.16,80.95,0.083,0.043,107,0
35.15,80.91,-0.034,-0.011,108,0
35.11,80.85,-0.064,-0.038,109,0
35.09,80.82,-0.032,-0.016,110,0
35.07,80.73,-0.089,-0.026,111,0
35.03,80.77,0.047,-0.031,112,0
35.02,80.7,-0.077,-0.014,113,0
35.06,80.77,0.076,0.042,114,0
35.1,80.82,0.044,0.041,115,0
35.14,80.83,0.014,0.034,116,0
35.14,80.66,-0.169,0.002,117,0
35.12,80.66,0.0,-0.018,118,0
35.13,80.62,-0.041,0.007,119,0
35.12,80.58,-0.039,-0.011,120,0
35.09,80.55,-0.035,-0.03,121,0
35.08,80.44,-0.103,-0.005,122,0
35.13,80.3,-0.139,0.044,123,0
35.12,80.23,-0.071,-0.007,124,0
35.07,80.06,-0.174,-0.048,125,0
35.08,79.89,-0.167,0.006,126,0
35.06,79.88,-0.016,-0.019,127,0
35.09,79.97,0.099,0.027,128,0
35.11,80.01,0.032,0.02,129,0
35.06,79.97,-0.041,-0.046,130,0
35.04,80.05,0.085,-0.019,131,0
35.08,80.03,-0.023,0.04,132,0
35.09,79.99,-0.036,0.014,133,0
35.1,80.02,0.023,0.003,134,0
35.08,79.83,-0.185,-0.02,135,0
35.12,79.69,-0.142,0.046,136,0
35.16,79.51,-0.183,0.032,137,0
35.18,79.57,0.063,0.024,138,0
35.15,79.53,-0.042,-0.032,139,0
35.17,79.44,-0.088,0.02,140,0
35.13,79.52,0.074,-0.04,141,0
35.17,79.6,0.086,0.039,142,0
35.12,79.62,0.015,-0.043,143,0
35.1,79.48,-0.138,-0.029,144,0
35.05,79.47,-0.007,-0.048,145,0
35.02,79.55,0.078,-0.029,146,0
35.06,79.56,0.008,0.042,147,0
35.03,79.36,-0.197,-0.026,148,0
35.07,79.41,0.045,0.033,149,0
35.12,79.5,0.097,0.049,150,0
35.1,79.55,0.049,-0.013,151,0
35.06,79.6,0.053,-0.046,152,0
35.03,79.45,-0.156,-0.025,153,0
35.07,79.45,0.002,0.038,154,0
35.08,79.38,-0.072,0.007,155,0
35.09,79.44,0.06,0.013,156,0
35.13,79.3,-0.137,0.038,157,0
35.1,79.32,0.022,-0.023,158,0
35.1,79.33,0.008,-0.008,159,0
35.07,79.26,-0.075,-0.022,160,0
35.11,79.33,0.072,0.032,161,0
35.12,79.28,-0.052,0.01,162,0
35.1,79.27,-0.011,-0.011,163,0
35.1,79.28,0.01,-0.005,164,0
35.07,79.28,0.0,-0.028,165,0
35.03,79.27,-0.007,-0.039,166,0
35.03,79.34,0.072,-0.001,167,0
35.01,79.2,-0.144,-0.017,168,0
34.99,79.28,0.084,-0.024,169,0
35.03,79.29,0.005,0.043,170,0
35.04,79.21,-0.079,0.004,171,0
35.04,79.09,-0.113,0.007,172,0
35.01,78.93,-0.166,-0.038,173,0
35.04,78.97,0.048,0.038,174,0
35.05,79.06,0.086,0.005,175,0
35.01,79.01,-0.049,-0.037,176,0
35.01,79.11,0.1,-0.003,177,0
34.98,78.95,-0.166,-0.027,178,0
34.95,79.0,0.051,-0.032,179,0
34.98,79.03,0.03,0.031,180,0
34.99,78.9,-0.126,0.011,181,0
34.96,78.83,-0.067,-0.036,182,0
34.91,78.81,-0.02,-0.046,183,0
34.94,78.89,0.081,0.027,184,0
34.91,78.75,-0.142,-0.029,185,0
34.91,78.65,-0.103,0.007,186,0
34.9,78.74,0.086,-0.016,187,0
34.94,78.82,0.086,0.042,188,0
34.91,78.73,-0.094,-0.03,189,0
34.9,78.72,-0.006,-0.011,190,0
34.88,78.57,-0.153,-0.021,191,0
34.85,78.39,-0.18,-0.032,192,0
34.86,78.25,-0.14,0.016,193,0
34.9,78.18,-0.067,0.037,194,0
34.87,78.0,-0.178,-0.025,195,0
34.88,77.96,-0.04,0.006,196,0
34.93,77.81,-0.156,0.046,197,0
34.95,77.63,-0.182,0.018,198,0
34.95,77.55,-0.076,0.003,199,0
34.92,77.54,-0.013,-0.033,200,0
34.9,77.62,0.081,-0.013,201,0
34.86,77.46,-0.156,-0.04,202,0
34.85,77.33,-0.129,-0.012,203,0
34.88,77.3,-0.03,0.031,204,0
34.84,77.34,0.032,-0.038,205,0
34.86,77.2,-0.131,0.013,206,0
34.81,77.17,-0.03,-0.043,207,0
34.86,77.17,-0.004,0.041,208,0
34.87,77.25,0.082,0.014,209,0
34.88,77.14,-0.114,0.012,210,0
34.91,77.08,-0.064,0.025,211,0
34.92,77.08,0.006,0.011,212,0
34.97,76.99,-0.095,0.049,213,0
35.01,76.92,-0.062,0.042,214,0
35.01,76.77,-0.153,0.004,215,0
34.98,76.68,-0.091,-0.036,216,0
34.94,76.67,-0.008,-0.033,217,0
34.99,76.76,0.091,0.05,218,0
34.98,76.83,0.066,-0.013,219,0
35.01,76.64,-0.192,0.03,220,0
35.01,76.48,-0.156,-0.004,221,0
35.01,76.5,0.014,0.004,222,0
35.0,76.37,-0.131,-0.01,223,0
34.99,76.42,0.053,-0.015,224,0
34.98,76.5,0.084,-0.008,225,0
35.0,76.43,-0.073,0.023,226,0
34.99,76.36,-0.066,-0.011,227,0
34.97,76.27,-0.09,-0.017,228,0
34.99,76.19,-0.079,0.022,229,0
34.97,76.06,-0.137,-0.028,230,0
34.94,75.92,-0.141,-0.031,231,0
34.95,75.98,0.063,0.016,232,0
34.99,75.97,-0.013,0.04,233,0
35.02,75.93,-0.034,0.026,234,0
35.03,75.86,-0.076,0.014,235,0
35.0,75.72,-0.135,-0.036,236,0
35.01,75.55,-0.166,0.015,237,0
35.04,75.45,-0.109,0.033,238,0
35.06,75.48,0.034,0.012,239,0
35.03,75.3,-0.184,-0.028,240,0
34.99,75.26,-0.033,-0.034,241,0
35.0,75.18,-0.083,0.002,242,0
34.99,75.03,-0.145,-0.006,243,0
34.98,75.04,0.009,-0.011,244,0
34.96,75.05,0.001,-0.023,245,0
34.96,75.07,0.025,0.006,246,0
34.95,74.92,-0.152,-0.01,247,0
34.92,74.95,0.036,-0.03,248,0
34.92,74.88,-0.075,-0.003,249,0
34.88,74.94,0.062,-0.037,250,0
34.86,75.02,0.081,-0.018,251,0
34.87,75.1,0.081,0.011,252,0
34.91,75.12,0.022,0.038,253,0
34.94,75.13,0.004,0.029,254,0
34.89,74.96,-0.173,-0.049,255,0
34.85,75.02,0.06,-0.045,256,0
34.83,75.07,0.057,-0.019,257,0
34.8,75.14,0.072,-0.03,258,0
34.77,74.99,-0.154,-0.029,259,0
34.76,75.04,0.053,-0.014,260,0
34.76,75.12,0.074,0.008,261,0
34.76,75.17,0.05,-0.003,262,0
34.74,75.18,0.012,-0.021,263,0
34.75,75.01,-0.168,0.006,264,0
34.71,75.08,0.071,-0.035,265,0
34.72,75.01,-0.074,0.003,266,0
34.68,75.0,-0.013,-0.034,267,0
34.68,74.96,-0.033,-0.003,268,0
34.7,75.06,0.096,0.019,269,0
34.74,75.13,0.072,0.048,270,0
34.71,75.13,0.0,-0.035,271,0
34.73,75.07,-0.065,0.026,272,0
34.72,74.91,-0.158,-0.012,273,0
34.69,74.82,-0.085,-0.033,274,0
34.71,74.63,-0.193,0.019,275,0
34.75,74.68,0.047,0.043,276,0
34.72,74.65,-0.023,-0.032,277,0
34.77,74.72,0.069,0.047,278,0
34.77,74.81,0.085,0.007,279,0
34.82,74.87,0.067,0.049,280,0
34.78,74.94,0.067,-0.043,281,0
34.76,74.78,-0.158,-0.02,282,0
34.72,74.7,-0.081,-0.035,283,0
34.75,74.8,0.099,0.029,284,0
34.8,74.8,0.002,0.046,285,0
34.82,74.7,-0.103,0.021,286,0
34.78,74.79,0.086,-0.042,287,0
34.81,74.77,-0.018,0.03,288,0
34.85,74.58,-0.194,0.039,289,0
34.81,74.5,-0.073,-0.033,290,0
34.78,74.56,0.057,-0.031,291,0
34.78,74.44,-0.115,0.002,292,0
34.78,74.52,0.076,-0.001,293,0
34.74,74.59,0.073,-0.045,294,0
34.72,74.47,-0.127,-0.019,295,0
34.71,74.4,-0.064,-0.007,296,0
34.74,74.21,-0.187,0.025,297,0
34.73,74.24,0.029,-0.004,298,0
34.74,74.07,-0.175,0.005,299,0
34.79,73.91,-0.16,0.048,300,0
34.81,73.9,-0.012,0.023,301,0
34.8,73.71,-0.193,-0.012,302,0
34.79,73.78,0.073,-0.012,303,0
34.8,73.59,-0.188,0.017,304,0
34.79,73.6,0.01,-0.016,305,0
34.82,73.64,0.042,0.035,306,0
34.81,73.68,0.036,-0.009,307,0
34.86,73.58,-0.096,0.044,308,0
34.86,73.6,0.017,0.005,309,0
34.84,73.55,-0.052,-0.023,310,0
34.88,73.62,0.075,0.042,311,0
34.9,73.45,-0.173,0.017,312,0
34.9,73.35,-0.103,0.001,313,0
34.93,73.18,-0.165,0.031,314,0
34.89,73.22,0.043,-0.039,315,0
34.88,73.05,-0.176,-0.013,316,0
34.91,72.9,-0.153,0.03,317,0
34.94,72.93,0.035,0.036,318,0
34.89,72.73,-0.196,-0.049,319,0
34.93,72.78,0.043,0.037,320,0
34.9,72.76,-0.014,-0.034,321,0
34.93,72.75,-0.011,0.037,322,0
34.97,72.69,-0.061,0.037,323,0
34.93,72.73,0.037,-0.039,324,0
34.95,72.57,-0.162,0.02,325,0
34.98,72.43,-0.139,0.025,326,0
34.94,72.25,-0.174,-0.041,327,0
34.89,72.34,0.087,-0.05,328,0
34.86,72.38,0.039,-0.027,329,0
34.82,72.2,-0.184,-0.042,330,0
34.82,72.09,-0.103,0.003,331,0
34.79,72.04,-0.056,-0.03,332,0
34.8,72.13,0.098,0.01,333,0
34.78,71.99,-0.143,-0.021,334,0
34.82,72.0,0.004,0.036,335,0
34.78,71.82,-0.18,-0.032,336,0
34.75,71.62,-0.197,-0.032,337,0
34.72,71.48,-0.139,-0.036,338,0
34.76,71.44,-0.036,0.047,339,0
34.78,71.45,0.011,0.02,340,0
34.75,71.28,-0.176,-0.031,341,0
34.8,71.18,-0.102,0.049,342,0
34.81,71.03,-0.15,0.013,343,0
34.82,71.0,-0.021,0.01,344,0
34.8,70.96,-0.047,-0.022,345,0
34.84,70.89,-0.071,0.032,346,0
34.84,70.91,0.022,0.003,347,0
34.88,70.91,-0.002,0.047,348,0
34.91,70.78,-0.123,0.025,349,0
34.87,70.6,-0.179,-0.044,350,0
34.89,70.51,-0.096,0.023,351,0
34.92,70.5,-0.013,0.032,352,0
34.95,70.32,-0.175,0.026,353,0
34.9,70.34,0.016,-0.049,354,0
34.86,70.36,0.025,-0.041,355,0
34.9,70.34,-0.022,0.042,356,0
34.92,70.25,-0.09,0.018,357,0
34.87,70.25,0.005,-0.043,358,0
34.91,70.13,-0.12,0.034,359,0
34.93,70.07,-0.064,0.024,360,0
34.93,70.02,-0.055,-0.0,361,0
34.91,70.05,0.03,-0.019,362,0
34.88,70.15,0.101,-0.031,363,0
34.84,70.12,-0.023,-0.046,364,0
34.83,70.03,-0.093,-0.004,365,0
34.88,69.97,-0.06,0.042,366,0
34.92,70.03,0.055,0.047,367,0
34.96,69.97,-0.06,0.04,368,0
34.93,69.9,-0.063,-0.036,369,0
34.92,69.93,0.026,-0.008,370,0
34.88,69.74,-0.191,-0.036,371,0
34.93,69.63,-0.104,0.049,372,0
34.92,69.63,-0.009,-0.01,373,0
34.95,69.43,-0.195,0.029,374,0
34.92,69.43,-0.0,-0.033,375,0
34.89,69.41,-0.021,-0.032,376,0
34.87,69.24,-0.17,-0.011,377,0
34.86,69.09,-0.154,-0.016,378,0
34.85,68.89,-0.192,-0.011,379,0
34.89,68.79,-0.108,0.045,380,0
34.87,68.75,-0.034,-0.027,381,0
34.89,68.7,-0.053,0.022,382,0
34.93,68.63,-0.069,0.045,383,0
34.98,68.48,-0.151,0.047,384,0
35.03,68.3,-0.181,0.046,385,0
35.01,68.12,-0.179,-0.018,386,0
34.99,68.06,-0.056,-0.021,387,0
35.03,67.94,-0.128,0.044,388,0
35.02,67.98,0.042,-0.008,389,0
35.0,67.78,-0.195,-0.019,390,0
35.02,67.63,-0.151,0.013,391,0
35.01,67.64,0.006,-0.007,392,0
34.97,67.48,-0.162,-0.037,393,0
34.99,67.36,-0.114,0.022,394,0
35.03,67.4,0.043,0.036,395,0
35.08,67.32,-0.088,0.047,396,0
35.07,67.14,-0.18,-0.005,397,0
35.04,67.06,-0.074,-0.029,398,0
35.02,66.96,-0.101,-0.027,399,0
35.0,67.03,0.063,-0.019,400,0
35.05,67.1,0.076,0.047,401,0
35.05,67.14,0.037,0.005,402,0
35.03,67.11,-0.026,-0.017,403,0
35.0,66.97,-0.14,-0.037,404,0
35.01,66.87,-0.102,0.013,405,0
34.98,66.96,0.093,-0.027,406,0
34.96,66.94,-0.021,-0.026,407,0
34.95,66.99,0.047,-0.001,408,0
34.91,66.93,-0.058,-0.048,409,0
34.87,66.89,-0.045,-0.04,410,0
34.88,66.91,0.026,0.012,411,0
34.88,66.74,-0.174,-0.001,412,0
34.92,66.72,-0.018,0.039,413,0
34.89,66.81,0.089,-0.023,414,0
34.92,66.74,-0.064,0.028,415,0
34.9,66.78,0.039,-0.022,416,0
34.93,66.63,-0.156,0.035,417,0
34.91,66.45,-0.181,-0.025,418,0
34.89,66.44,-0.009,-0.017,419,0
34.89,66.49,0.049,-0.002,420,0
34.87,66.33,-0.155,-0.023,421,0
34.91,66.23,-0.103,0.048,422,0
34.92,66.21,-0.017,0.004,423,0
34.93,66.26,0.048,0.015,424,0
34.94,66.35,0.089,0.01,425,0
34.97,66.19,-0.163,0.023,426,0
34.93,66.21,0.022,-0.031,427,0
34.91,66.25,0.041,-0.022,428,0
34.91,66.29,0.038,-0.008,429,0
34.86,66.33,0.047,-0.049,430,0
34.82,66.21,-0.12,-0.036,431,0
34.84,66.02,-0.191,0.015,432,0
34.79,66.05,0.03,-0.042,433,0
34.83,65.99,-0.059,0.041,434,0
34.85,65.84,-0.154,0.013,435,0
34.86,65.81,-0.032,0.009,436,0
34.82,65.83,0.029,-0.039,437,0
34.79,65.72,-0.117,-0.022,438,0
34.79,65.73,0.013,-0.005,439,0
34.75,65.58,-0.15,-0.037,440,0
34.71,65.67,0.088,-0.038,441,0
34.72,65.73,0.062,0.005,442,0
34.7,65.64,-0.088,-0.019,443,0
34.71,65.66,0.017,0.005,444,0
34.72,65.65,-0.01,0.015,445,0
34.7,65.57,-0.08,-0.017,446,0
34.66,65.62,0.052,-0.047,447,0
34.66,65.51,-0.114,0.007,448,0
34.7,65.48,-0.028,0.038,449,0
34.72,65.3,-0.182,0.022,450,0
34.68,65.14,-0.159,-0.044,451,0
34.64,64.96,-0.178,-0.035,452,0
34.69,64.92,-0.042,0.044,453,0
34.71,64.79,-0.128,0.025,454,0
34.7,64.88,0.093,-0.016,455,0
34.72,64.81,-0.075,0.025,456,0
34.73,64.76,-0.051,0.004,457,0
34.74,64.71,-0.041,0.014,458,0
34.71,64.63,-0.08,-0.035,459,0
34.74,64.68,0.048,0.031,460,0
34.7,64.62,-0.064,-0.039,461,0
34.68,64.69,0.075,-0.024,462,0
34.69,64.57,-0.127,0.014,463,0
34.65,64.53,-0.031,-0.045,464,0
34.62,64.59,0.054,-0.028,465,0
34.59,64.4,-0.186,-0.028,466,0
34.56,64.27,-0.129,-0.035,467,0
34.56,64.34,0.062,0.0,468,0
34.58,64.23,-0.102,0.026,469,0
34.53,64.24,0.002,-0.048,470,0
34.53,64.27,0.031,-0.001,471,0
34.55,64.27,0.002,0.02,472,0
34.51,64.24,-0.034,-0.046,473,0
34.48,64.21,-0.022,-0.029,474,0
34.43,64.19,-0.024,-0.049,475,0
34.43,64.2,0.012,0.008,476,0
34.47,64.11,-0.088,0.04,477,0
34.45,63.96,-0.15,-0.029,478,0
34.49,63.93,-0.038,0.041,479,0
34.47,63.95,0.025,-0.022,480,0
34.47,63.92,-0.032,0.001,481,0
34.44,63.77,-0.151,-0.03,482,0
34.42,63.75,-0.016,-0.017,483,0
34.4,63.65,-0.101,-0.024,484,0
34.37,63.49,-0.163,-0.022,485,0
34.38,63.3,-0.19,0.01,486,0
34.39,63.29,-0.003,0.001,487,0
34.35,63.22,-0.077,-0.032,488,0
34.38,63.03,-0.186,0.03,489,0
34.42,63.06,0.024,0.037,490,0
34.43,62.92,-0.139,0.007,491,0
34.46,62.94,0.025,0.033,492,0
34.5,62.95,0.003,0.039,493,0
34.49,62.99,0.047,-0.014,494,0
34.5,62.81,-0.182,0.013,495,0
34.54,62.78,-0.029,0.038,496,0
34.54,62.66,-0.123,0.001,497,0
34.51,62.55,-0.106,-0.028,498,0
34.49,62.41,-0.144,-0.017,499,0
34.52,62.36,-0.049,0.022,500,0
34.51,62.38,0.017,-0.004,501,0
34.54,62.29,-0.082,0.025,502,0
34.53,62.37,0.077,-0.002,503,0
34.56,62.35,-0.02,0.029,504,0
34.61,62.35,0.001,0.044,505,0
34.57,62.18,-0.175,-0.039,506,0
34.52,61.98,-0.199,-0.047,507,0
34.47,61.8,-0.184,-0.049,508,0
34.42,61.68,-0.117,-0.05,509,0
34.45,61.61,-0.065,0.023,510,0
34.41,61.7,0.09,-0.04,511,0
34.42,61.61,-0.088,0.015,512,0
34.44,61.71,0.093,0.024,513,0
34.42,61.62,-0.087,-0.022,514,0
34.4,61.62,-0.003,-0.02,515,0
34.36,61.43,-0.188,-0.038,516,0
34.36,61.27,-0.156,-0.004,517,0
34.41,61.35,0.081,0.048,518,0
34.37,61.43,0.076,-0.038,519,0
34.41,61.42,-0.008,0.045,520,0
34.45,61.46,0.039,0.038,521,0
34.42,61.54,0.081,-0.033,522,0
34.44,61.38,-0.165,0.022,523,0
34.48,61.31,-0.062,0.039,524,0
34.46,61.32,0.01,-0.023,525,0
34.46,61.13,-0.192,0.006,526,0
34.48,60.95,-0.18,0.019,527,0
34.47,60.82,-0.134,-0.01,528,0
34.43,60.73,-0.086,-0.046,529,0
34.42,60.66,-0.069,-0.003,530,0
34.37,60.52,-0.146,-0.049,531,0
34.39,60.59,0.07,0.016,532,0
34.43,60.68,0.089,0.038,533,0
34.45,60.69,0.014,0.022,534,0
34.43,60.55,-0.138,-0.023,535,0
34.47,60.56,0.003,0.046,536,0
34.49,60.41,-0.142,0.019,537,0
34.54,60.46,0.044,0.05,538,0
34.55,60.27,-0.186,0.006,539,0
34.55,60.33,0.058,0.006,540,0
34.58,60.34,0.012,0.029,541,0
34.61,60.36,0.016,0.024,542,0
34.57,60.25,-0.113,-0.041,543,0
34.6,60.16,-0.089,0.032,544,0
34.58,60.12,-0.035,-0.013,545,0
34.61,60.19,0.072,0.023,546,0
34.59,60.16,-0.037,-0.018,547,0
34.58,60.15,-0.007,-0.009,548,0
34.57,60.13,-0.025,-0.013,549,0
34.59,60.22,0.096,0.027,550,0
34.61,60.07,-0.154,0.017,551,0
34.63,60.13,0.068,0.018,552,0
34.67,60.06,-0.076,0.046,553,0
34.65,59.89,-0.173,-0.025,554,0
34.69,59.73,-0.157,0.042,555,0
34.69,59.72,-0.005,-0.005,556,0
34.71,59.69,-0.037,0.018,557,0
34.69,59.75,0.068,-0.016,558,0
34.74,59.83,0.077,0.048,559,0
34.72,59.68,-0.155,-0.016,560,0
34.75,59.67,-0.009,0.024,561,0
34.75,59.72,0.057,0.007,562,0
34.78,59.82,0.094,0.029,563,0
34.77,59.87,0.049,-0.01,564,0
34.81,59.91,0.048,0.038,565,0
34.81,60.01,0.098,0.004,566,0
34.82,59.97,-0.043,0.007,567,0
34.83,59.85,-0.122,0.005,568,0
34.85,59.93,0.084,0.024,569,0
34.88,59.94,0.006,0.029,570,0
34.86,59.89,-0.052,-0.018,571,0
34.85,59.94,0.052,-0.013,572,0
34.85,60.02,0.082,0.002,573,0
34.82,60.07,0.047,-0.028,574,0
34.81,59.97,-0.093,-0.009,575,0
34.77,60.0,0.027,-0.039,576,0
34.77,59.99,-0.007,-0.005,577,0
34.81,60.05,0.052,0.039,578,0
34.76,59.9,-0.142,-0.05,579,0
34.76,59.94,0.039,0.0,580,0
34.72,59.78,-0.166,-0.036,581,0
34.77,59.6,-0.177,0.045,582,0
34.76,59.47,-0.126,-0.009,583,0
34.76,59.52,0.049,0.004,584,0
34.8,59.35,-0.17,0.031,585,0
34.75,59.16,-0.192,-0.047,586,0
34.72,59.0,-0.162,-0.031,587,0
34.67,59.03,0.034,-0.043,588,0
34.72,58.91,-0.123,0.045,589,0
34.7,58.84,-0.072,-0.014,590,0
34.72,58.76,-0.078,0.02,591,0
34.71,58.65,-0.109,-0.011,592,0
34.71,58.51,-0.136,-0.007,593,0
34.7,58.49,-0.022,-0.002,594,0
34.66,58.48,-0.014,-0.046,595,0
34.61,58.43,-0.051,-0.047,596,0
34.56,58.32,-0.103,-0.047,597,0
34.6,58.33,0.011,0.036,598,0
34.6,58.25,-0.084,0.004,599,0
30.54,86.19,-0.07,-0.05,0,0
30.53,85.99,-0.206,-0.004,1,0
30.53,86.04,0.055,-0.005,2,0
30.48,85.99,-0.054,-0.045,3,0
30.5,85.99,0.0,0.019,4,0
30.49,86.05,0.059,-0.008,5,0
30.47,86.05,0.008,-0.029,6,0
30.42,86.13,0.078,-0.05,7,0
30.44,86.01,-0.124,0.025,8,0
30.41,86.05,0.039,-0.031,9,0
30.36,85.95,-0.094,-0.052,10,0
30.39,85.78,-0.179,0.033,11,0
30.43,85.79,0.017,0.041,12,0
30.43,85.71,-0.084,-0.003,13,0
30.45,85.63,-0.078,0.017,14,0
30.48,85.53,-0.101,0.04,15,0
30.44,85.51,-0.021,-0.048,16,0
30.45,85.47,-0.042,0.017,17,0
30.49,85.4,-0.07,0.037,18,0
30.45,85.27,-0.129,-0.037,19,0
30.43,85.14,-0.13,-0.02,20,0
30.4,84.95,-0.184,-0.037,21,0
30.36,84.99,0.034,-0.033,22,0
30.31,84.92,-0.071,-0.052,23,0
30.34,84.93,0.016,0.028,24,0
30.36,84.99,0.054,0.024,25,0
30.33,84.78,-0.204,-0.035,26,0
30.34,84.67,-0.115,0.015,27,0
30.31,84.7,0.036,-0.03,28,0
30.33,84.62,-0.084,0.017,29,0
30.29,84.68,0.056,-0.043,30,0
30.31,84.5,-0.175,0.021,31,0
30.31,84.57,0.067,0.003,32,0
30.3,84.48,-0.086,-0.016,33,0
30.25,84.47,-0.008,-0.051,34,0
30.26,84.41,-0.06,0.016,35,0
30.22,84.39,-0.027,-0.042,36,0
30.19,84.31,-0.075,-0.025,37,0
30.18,84.26,-0.05,-0.011,38,0
30.16,84.06,-0.198,-0.027,39,0
30.14,84.13,0.067,-0.017,40,0
30.18,84.03,-0.097,0.039,41,0
30.21,84.09,0.055,0.035,42,0
30.18,83.91,-0.181,-0.037,43,0
30.19,83.86,-0.046,0.013,44,0
30.24,83.78,-0.083,0.047,45,0
30.21,83.67,-0.105,-0.027,46,0
30.24,83.48,-0.197,0.026,47,0
30.22,83.32,-0.162,-0.012,48,0
30.19,83.27,-0.049,-0.03,49,0
30.15,83.09,-0.173,-0.04,50,0
30.1,83.09,-0.007,-0.052,51,0
30.13,82.89,-0.199,0.026,52,0
30.14,82.7,-0.183,0.014,53,0
30.09,82.66,-0.042,-0.052,54,0
30.05,82.71,0.047,-0.039,55,0
30.08,82.77,0.059,0.033,56,0
30.05,82.79,0.023,-0.034,57,0
30.04,82.72,-0.075,-0.005,58,0
30.03,82.53,-0.187,-0.014,59,0
30.03,82.5,-0.027,0.001,60,0
29.99,82.53,0.024,-0.038,61,0
29.99,82.35,-0.179,-0.002,62,0
29.95,82.39,0.041,-0.046,63,0
29.99,82.32,-0.063,0.046,64,0
29.96,82.28,-0.047,-0.028,65,0
29.99,82.29,0.009,0.031,66,0
29.96,82.18,-0.109,-0.03,67,0
29.92,82.04,-0.138,-0.047,68,0
29.95,81.95,-0.088,0.034,69,0
29.9,81.97,0.017,-0.05,70,0
29.94,81.95,-0.016,0.04,71,0
29.95,81.85,-0.1,0.008,72,0
29.97,81.89,0.043,0.022,73,0
29.98,81.72,-0.179,0.009,74,0
30.01,81.74,0.02,0.036,75,0
30.04,81.71,-0.023,0.023,76,0
30.04,81.54,-0.17,0.007,77,0
30.07,81.41,-0.131,0.024,78,0
30.02,81.32,-0.087,-0.05,79,0
29.97,81.13,-0.197,-0.044,80,0
29.94,81.18,0.05,-0.038,81,0
29.92,81.15,-0.025,-0.016,82,0
29.91,81.05,-0.099,-0.007,83,0
29.95,81.08,0.025,0.039,84,0
29.95,80.95,-0.126,0.001,85,0
29.93,80.83,-0.119,-0.022,86,0
29.93,80.9,0.067,-0.002,87,0
29.96,80.8,-0.101,0.034,88,0
29.98,80.79,-0.011,0.017,89,0
29.99,80.85,0.06,0.008,90,0
29.99,80.83,-0.019,0.004,91,0
29.95,80.75,-0.076,-0.044,92,0
29.93,80.68,-0.07,-0.019,93,0
29.94,80.62,-0.062,0.01,94,0
29.91,80.48,-0.142,-0.026,95,0
29.89,80.34,-0.136,-0.024,96,0
29.87,80.28,-0.063,-0.022,97,0
29.9,80.33,0.055,0.038,98,0
29.89,80.29,-0.047,-0.018,99,0
29.92,80.16,-0.125,0.03,100,0
29.9,80.1,-0.062,-0.012,101,0
29.89,79.96,-0.138,-0.011,102,0
29.92,79.94,-0.019,0.024,103,0
29.88,79.99,0.05,-0.039,104,0
29.85,80.01,0.014,-0.023,105,0
29.84,79.99,-0.011,-0.017,106,0
29.82,79.94,-0.054,-0.021,107,0
29.82,79.96,0.022,0.005,108,0
29.84,79.8,-0.165,0.019,109,0
29.85,79.84,0.046,0.011,110,0
29.88,79.69,-0.155,0.026,111,0
29.84,79.72,0.032,-0.035,112,0
29.84,79.7,-0.023,-0.003,113,0
29.84,79.55,-0.144,-0.005,114,0
29.84,79.42,-0.136,0.004,115,0
29.8,79.36,-0.056,-0.038,116,0
29.77,79.32,-0.035,-0.028,117,0
29.8,79.4,0.073,0.028,118,0
29.75,79.48,0.078,-0.053,119,0
29.79,79.32,-0.161,0.04,120,0
29.78,79.38,0.061,-0.008,121,0
29.79,79.46,0.08,0.005,122,0
29.79,79.32,-0.134,0.004,123,0
29.74,79.16,-0.157,-0.048,124,0
29.79,79.08,-0.089,0.045,125,0
29.78,79.04,-0.039,-0.005,126,0
29.74,78.94,-0.101,-0.041,127,0
29.73,78.77,-0.163,-0.017,128,0
29.68,78.8,0.023,-0.048,129,0
29.65,78.83,0.037,-0.025,130,0
29.63,78.78,-0.053,-0.026,131,0
29.67,78.8,0.018,0.04,132,0
29.63,78.79,-0.011,-0.032,133,0
29.64,78.84,0.05,0.004,134,0
29.62,78.62,-0.214,-0.019,135,0
29.59,78.59,-0.03,-0.025,136,0
29.56,78.51,-0.088,-0.03,137,0
29.57,78.47,-0.032,0.004,138,0
29.57,78.34,-0.137,0.002,139,0
29.53,78.37,0.035,-0.038,140,0
29.51,78.32,-0.051,-0.021,141,0
29.54,78.17,-0.151,0.028,142,0
29.5,78.2,0.03,-0.033,143,0
29.55,78.17,-0.032,0.042,144,0
29.57,77.98,-0.19,0.021,145,0
29.54,78.05,0.076,-0.026,146,0
29.5,77.98,-0.071,-0.043,147,0
29.47,78.02,0.036,-0.031,148,0
29.43,77.94,-0.079,-0.036,149,0
29.4,77.77,-0.165,-0.031,150,0
29.37,77.59,-0.185,-0.029,151,0
29.38,77.46,-0.125,0.005,152,0
29.36,77.43,-0.037,-0.014,153,0
29.32,77.27,-0.153,-0.043,154,0
29.34,77.08,-0.193,0.018,155,0
29.36,77.0,-0.084,0.021,156,0
29.37,76.89,-0.102,0.009,157,0
29.37,76.79,-0.103,0.001,158,0
29.4,76.66,-0.136,0.035,159,0
29.43,76.59,-0.07,0.026,160,0
29.41,76.53,-0.06,-0.021,161,0
29.42,76.46,-0.068,0.009,162,0
29.42,76.49,0.034,0.008,163,0
29.44,76.39,-0.105,0.017,164,0
29.46,76.35,-0.037,0.017,165,0
29.49,76.25,-0.104,0.026,166,0
29.46,76.09,-0.155,-0.022,167,0
29.44,76.0,-0.096,-0.028,168,0
29.41,75.87,-0.13,-0.03,169,0
29.4,75.83,-0.037,-0.006,170,0
29.44,75.62,-0.21,0.041,171,0
29.46,75.48,-0.144,0.017,172,0
29.48,75.39,-0.082,0.027,173,0
29.47,75.29,-0.101,-0.018,174,0
29.46,75.19,-0.103,-0.004,175,0
29.5,75.19,0.0,0.038,176,0
29.47,75.0,-0.19,-0.027,177,0
29.46,74.85,-0.149,-0.016,178,0
29.45,74.93,0.082,-0.005,179,0
29.48,74.77,-0.167,0.032,180,0
29.49,74.74,-0.024,0.007,181,0
29.52,74.77,0.026,0.032,182,0
29.5,74.84,0.077,-0.017,183,0
29.46,74.86,0.011,-0.044,184,0
29.42,74.91,0.058,-0.044,185,0
29.37,74.9,-0.009,-0.048,186,0
29.41,74.71,-0.193,0.04,187,0
29.39,74.63,-0.081,-0.024,188,0
29.36,74.67,0.04,-0.025,189,0
29.33,74.73,0.058,-0.03,190,0
29.33,74.6,-0.124,-0.001,191,0
29.29,74.46,-0.148,-0.044,192,0
29.3,74.26,-0.202,0.012,193,0
29.34,74.27,0.018,0.042,194,0
29.31,74.34,0.065,-0.035,195,0
29.35,74.29,-0.053,0.041,196,0
29.32,74.34,0.051,-0.029,197,0
29.28,74.36,0.025,-0.033,198,0
29.24,74.36,-0.003,-0.046,199,0
29.27,74.17,-0.187,0.029,200,0
29.23,74.01,-0.164,-0.041,201,0
29.25,73.93,-0.078,0.023,202,0
29.21,73.93,-0.0,-0.038,203,0
29.18,73.99,0.062,-0.028,204,0
29.22,73.78,-0.215,0.033,205,0
29.21,73.79,0.013,-0.002,206,0
29.21,73.58,-0.211,-0.003,207,0
29.17,73.38,-0.2,-0.039,208,0
29.13,73.18,-0.203,-0.037,209,0
29.17,73.0,-0.178,0.033,210,0
29.17,73.03,0.033,0.004,211,0
29.14,72.9,-0.133,-0.028,212,0
29.1,72.73,-0.165,-0.042,213,0
29.11,72.59,-0.143,0.011,214,0
29.07,72.6,0.009,-0.046,215,0
29.01,72.5,-0.104,-0.053,216,0
29.04,72.42,-0.079,0.027,217,0
29.03,72.4,-0.014,-0.013,218,0
29.01,72.35,-0.055,-0.013,219,0
29.06,72.29,-0.06,0.043,220,0
29.04,72.35,0.066,-0.018,221,0
29.06,72.32,-0.036,0.019,222,0
29.08,72.33,0.008,0.022,223,0
29.07,72.27,-0.06,-0.012,224,0
29.07,72.2,-0.066,-0.003,225,0
29.03,72.22,0.024,-0.032,226,0
29.02,72.19,-0.037,-0.016,227,0
29.02,72.06,-0.128,0.007,228,0
29.01,71.97,-0.093,-0.015,229,0
28.99,71.86,-0.105,-0.022,230,0
28.94,71.7,-0.158,-0.051,231,0
28.95,71.62,-0.087,0.011,232,0
28.98,71.44,-0.173,0.034,233,0
29.0,71.46,0.02,0.022,234,0
28.98,71.44,-0.022,-0.023,235,0
28.93,71.3,-0.144,-0.051,236,0
28.92,71.15,-0.149,-0.009,237,0
28.91,71.08,-0.071,-0.006,238,0
28.95,71.0,-0.078,0.035,239,0
28.94,70.92,-0.078,-0.011,240,0
28.98,70.72,-0.202,0.042,241,0
29.02,70.77,0.052,0.039,242,0
28.97,70.64,-0.129,-0.048,243,0
28.96,70.56,-0.078,-0.014,244,0
28.95,70.54,-0.021,-0.01,245,0
28.93,70.51,-0.038,-0.018,246,0
28.92,70.44,-0.063,-0.005,247,0
28.96,70.51,0.063,0.034,248,0
28.94,70.43,-0.073,-0.018,249,0
28.98,70.27,-0.159,0.039,250,0
29.03,70.11,-0.167,0.046,251,0
29.04,69.93,-0.173,0.018,252,0
28.99,69.8,-0.136,-0.051,253,0
28.99,69.64,-0.152,-0.001,254,0
28.98,69.43,-0.21,-0.013,255,0
28.97,69.46,0.022,-0.007,256,0
28.95,69.43,-0.031,-0.024,257,0
28.95,69.22,-0.202,-0.001,258,0
28.94,69.04,-0.18,-0.009,259,0
28.96,68.97,-0.071,0.023,260,0
28.99,68.77,-0.206,0.025,261,0
28.99,68.77,0.001,0.004,262,0
29.03,68.57,-0.197,0.044,263,0
29.02,68.63,0.063,-0.015,264,0
29.01,68.61,-0.019,-0.009,265,0
28.98,68.61,-0.0,-0.026,266,0
29.02,68.44,-0.175,0.039,267,0
29.01,68.25,-0.189,-0.015,268,0
28.96,68.15,-0.099,-0.049,269,0
29.0,68.02,-0.126,0.042,270,0
29.0,67.87,-0.159,0.004,271,0
29.03,67.77,-0.092,0.03,272,0
29.04,67.6,-0.172,0.002,273,0
29.07,67.46,-0.141,0.039,274,0
29.03,67.24,-0.217,-0.046,275,0
29.0,67.28,0.04,-0.026,276,0
28.96,67.21,-0.072,-0.046,277,0
29.0,67.14,-0.077,0.045,278,0
29.0,67.2,0.06,-0.004,279,0
28.99,67.0,-0.193,-0.007,280,0
29.0,67.06,0.053,0.009,281,0
29.03,67.13,0.077,0.032,282,0
29.0,67.2,0.069,-0.027,283,0
29.04,67.15,-0.05,0.036,284,0
29.02,67.18,0.027,-0.02,285,0
29.02,67.16,-0.018,-0.0,286,0
29.05,67.14,-0.017,0.031,287,0
29.06,67.1,-0.04,0.015,288,0
29.09,67.13,0.025,0.025,289,0
29.12,66.98,-0.144,0.029,290,0
29.09,66.9,-0.087,-0.026,291,0
29.07,66.96,0.065,-0.023,292,0
29.12,67.04,0.075,0.046,293,0
29.12,66.84,-0.202,0.006,294,0
29.09,66.86,0.023,-0.027,295,0
29.1,66.89,0.03,0.003,296,0
29.07,66.92,0.036,-0.031,297,0
29.06,66.99,0.07,-0.007,298,0
29.02,66.82,-0.171,-0.043,299,0
29.0,66.77,-0.055,-0.017,300,0
28.99,66.77,0.006,-0.011,301,0
28.94,66.66,-0.118,-0.045,302,0
28.94,66.49,-0.168,-0.005,303,0
28.89,66.55,0.061,-0.046,304,0
28.93,66.43,-0.123,0.036,305,0
28.96,66.34,-0.087,0.029,306,0
28.95,66.17,-0.171,-0.006,307,0
28.99,65.96,-0.208,0.041,308,0
28.96,65.78,-0.182,-0.029,309,0
28.96,65.83,0.047,-0.004,310,0
28.96,65.9,0.07,0.006,311,0
29.0,65.8,-0.096,0.032,312,0
29.0,65.67,-0.131,0.008,313,0
28.97,65.5,-0.168,-0.037,314,0
28.95,65.38,-0.119,-0.015,315,0
28.91,65.19,-0.192,-0.045,316,0
28.86,65.21,0.022,-0.052,317,0
28.85,65.16,-0.055,-0.004,318,0
28.9,64.97,-0.19,0.044,319,0
28.91,64.99,0.025,0.012,320,0
28.86,65.07,0.08,-0.053,321,0
28.82,64.91,-0.164,-0.04,322,0
28.8,64.99,0.078,-0.016,323,0
28.83,64.97,-0.012,0.03,324,0
28.83,64.86,-0.11,0.004,325,0
28.87,64.66,-0.205,0.036,326,0
28.82,64.54,-0.118,-0.049,327,0
28.87,64.5,-0.042,0.046,328,0
28.9,64.47,-0.033,0.029,329,0
28.86,64.31,-0.16,-0.036,330,0
28.91,64.21,-0.1,0.046,331,0
28.91,64.02,-0.185,0.006,332,0
28.91,63.99,-0.033,-0.0,333,0
28.89,64.02,0.032,-0.025,334,0
28.89,63.82,-0.198,0.008,335,0
28.91,63.68,-0.139,0.011,336,0
28.86,63.68,-0.007,-0.043,337,0
28.88,63.64,-0.035,0.016,338,0
28.91,63.43,-0.208,0.032,339,0
28.93,63.42,-0.018,0.017,340,0
28.91,63.44,0.026,-0.017,341,0
28.89,63.38,-0.065,-0.024,342,0
28.87,63.37,-0.006,-0.013,343,0
28.84,63.4,0.025,-0.029,344,0
28.82,63.48,0.078,-0.022,345,0
28.79,63.36,-0.119,-0.029,346,0
28.76,63.18,-0.173,-0.037,347,0
28.76,62.99,-0.193,0.006,348,0
28.72,62.81,-0.182,-0.042,349,0
28.68,62.73,-0.083,-0.038,350,0
28.71,62.53,-0.195,0.024,351,0
28.71,62.52,-0.011,0.005,352,0
28.7,62.52,-0.002,-0.009,353,0
28.71,62.34,-0.18,0.011,354,0
28.71,62.4,0.066,0.002,355,0
28.76,62.36,-0.041,0.041,356,0
28.75,62.21,-0.154,-0.006,357,0
28.71,62.0,-0.207,-0.037,358,0
28.67,61.84,-0.16,-0.046,359,0
28.7,61.63,-0.208,0.032,360,0
28.66,61.49,-0.142,-0.034,361,0
28.68,61.42,-0.068,0.013,362,0
28.69,61.33,-0.098,0.018,363,0
28.66,61.21,-0.12,-0.04,364,0
28.7,61.09,-0.119,0.044,365,0
28.68,61.0,-0.091,-0.022,366,0
28.68,61.05,0.057,0.004,367,0
28.63,61.05,-0.007,-0.052,368,0
28.67,61.06,0.018,0.042,369,0
28.67,60.97,-0.092,-0.004,370,0
28.63,61.05,0.079,-0.038,371,0
28.6,61.1,0.048,-0.029,372,0
28.64,61.06,-0.036,0.043,373,0
28.66,61.12,0.055,0.019,374,0
28.69,61.03,-0.092,0.024,375,0
28.7,61.0,-0.028,0.018,376,0
28.69,61.02,0.023,-0.016,377,0
28.68,60.8,-0.216,-0.005,378,0
28.68,60.83,0.03,-0.003,379,0
28.66,60.68,-0.154,-0.02,380,0
28.68,60.66,-0.02,0.021,381,0
28.68,60.6,-0.066,0.0,382,0
28.73,60.65,0.05,0.046,383,0
28.74,60.61,-0.033,0.008,384,0
28.78,60.53,-0.087,0.042,385,0
28.77,60.55,0.023,-0.007,386,0
28.77,60.55,-0.001,0.002,387,0
28.8,60.49,-0.056,0.023,388,0
28.78,60.29,-0.204,-0.02,389,0
28.79,60.19,-0.095,0.01,390,0
28.78,60.21,0.02,-0.006,391,0
28.82,60.26,0.046,0.04,392,0
28.83,60.32,0.057,0.008,393,0
28.81,60.17,-0.148,-0.021,394,0
28.8,60.13,-0.04,-0.008,395,0
28.81,60.0,-0.127,0.012,396,0
28.78,59.79,-0.206,-0.03,397,0
28.75,59.85,0.054,-0.028,398,0
28.75,59.71,-0.138,0.0,399,0
28.8,59.51,-0.205,0.042,400,0
28.78,59.42,-0.082,-0.013,401,0
28.82,59.34,-0.088,0.043,402,0
28.8,59.36,0.024,-0.026,403,0
28.8,59.39,0.027,0.002,404,0
28.8,59.29,-0.092,-0.003,405,0
28.82,59.36,0.069,0.026,406,0
28.8,59.34,-0.025,-0.022,407,0
28.75,59.3,-0.037,-0.048,408,0
28.72,59.38,0.079,-0.032,409,0
28.7,59.36,-0.019,-0.024,410,0
28.67,59.18,-0.182,-0.029,411,0
28.67,59.26,0.08,0.003,412,0
28.67,59.14,-0.119,0.002,413,0
28.69,58.98,-0.157,0.016,414,0
28.7,58.79,-0.193,0.012,415,0
28.65,58.86,0.067,-0.051,416,0
28.67,58.68,-0.178,0.022,417,0
28.68,58.54,-0.14,0.013,418,0
28.67,58.52,-0.016,-0.011,419,0
28.64,58.58,0.055,-0.033,420,0
28.6,58.41,-0.168,-0.043,421,0
28.58,58.47,0.062,-0.022,422,0
28.58,58.42,-0.055,0.002,423,0
28.62,58.22,-0.197,0.045,424,0
28.65,58.26,0.045,0.032,425,0
28.63,58.05,-0.216,-0.029,426,0
28.65,58.06,0.016,0.026,427,0
28.7,58.13,0.066,0.044,428,0
28.69,57.95,-0.183,-0.008,429,0
28.71,57.77,-0.181,0.024,430,0
28.71,57.78,0.017,-0.006,431,0
28.72,57.6,-0.181,0.014,432,0
28.67,57.47,-0.134,-0.045,433,0
28.66,57.49,0.019,-0.018,434,0
28.62,57.39,-0.101,-0.034,435,0
28.64,57.45,0.066,0.02,436,0
28.65,57.51,0.056,0.009,437,0
28.67,57.58,0.074,0.024,438,0
28.64,57.66,0.08,-0.037,439,0
28.64,57.55,-0.115,-0.001,440,0
28.6,57.54,-0.01,-0.034,441,0
28.63,57.62,0.08,0.023,442,0
28.61,57.51,-0.112,-0.019,443,0
28.63,57.41,-0.1,0.023,444,0
28.63,57.22,-0.186,-0.002,445,0
28.6,57.25,0.026,-0.032,446,0
28.61,57.09,-0.16,0.011,447,0
28.63,57.1,0.015,0.022,448,0
28.68,56.9,-0.197,0.046,449,0
28.69,56.76,-0.149,0.013,450,0
28.68,56.81,0.057,-0.004,451,0
28.67,56.83,0.014,-0.014,452,0
28.64,56.8,-0.024,-0.033,453,0
28.63,56.6,-0.205,-0.008,454,0
28.61,56.38,-0.216,-0.017,455,0
28.65,56.46,0.079,0.04,456,0
28.64,56.44,-0.023,-0.011,457,0
28.69,56.47,0.034,0.044,458,0
28.64,56.51,0.041,-0.044,459,0
28.65,56.55,0.036,0.006,460,0
28.61,56.5,-0.049,-0.041,461,0
28.6,56.32,-0.176,-0.004,462,0
28.62,56.41,0.082,0.02,463,0
28.63,56.29,-0.115,0.01,464,0
28.66,56.08,-0.207,0.031,465,0
28.64,55.96,-0.122,-0.022,466,0
28.62,55.99,0.029,-0.024,467,0
28.57,56.03,0.04,-0.047,468,0
28.61,55.9,-0.127,0.043,469,0
28.59,55.73,-0.176,-0.027,470,0
28.55,55.62,-0.103,-0.038,471,0
28.54,55.51,-0.115,-0.012,472,0
28.54,55.31,-0.195,0.0,473,0
28.51,55.12,-0.195,-0.022,474,0
28.46,54.99,-0.127,-0.051,475,0
28.44,55.07,0.077,-0.02,476,0
28.48,55.07,-0.004,0.034,477,0
28.48,55.13,0.062,0.007,478,0
28.47,55.17,0.038,-0.017,479,0
28.44,54.98,-0.189,-0.027,480,0
28.48,54.86,-0.117,0.036,481,0
28.45,54.7,-0.162,-0.032,482,0
28.42,54.72,0.023,-0.03,483,0
28.45,54.59,-0.134,0.031,484,0
28.45,54.53,-0.052,0.001,485,0
28.48,54.57,0.041,0.028,486,0
28.48,54.52,-0.053,0.005,487,0
28.46,54.51,-0.01,-0.023,488,0
28.43,54.46,-0.052,-0.023,489,0
28.46,54.51,0.051,0.022,490,0
28.5,54.31,-0.205,0.039,491,0
28.51,54.22,-0.091,0.013,492,0
28.46,54.08,-0.136,-0.048,493,0
28.5,53.88,-0.197,0.042,494,0
28.46,53.84,-0.041,-0.042,495,0
28.45,53.77,-0.074,-0.006,496,0
28.46,53.66,-0.109,0.001,497,0
28.46,53.52,-0.138,0.006,498,0
28.49,53.47,-0.049,0.026,499,0
28.45,53.28,-0.193,-0.036,500,0
28.46,53.26,-0.023,0.004,501,0
28.47,53.3,0.043,0.01,502,0
28.43,53.09,-0.212,-0.031,503,0
28.4,53.08,-0.005,-0.036,504,0
28.43,53.15,0.07,0.033,505,0
28.48,53.09,-0.064,0.046,506,0
28.48,52.87,-0.216,-0.001,507,0
28.5,52.74,-0.135,0.026,508,0
28.47,52.75,0.016,-0.034,509,0
28.42,52.7,-0.053,-0.047,510,0
28.44,52.55,-0.154,0.014,511,0
28.44,52.39,-0.159,-0.0,512,0
28.42,52.27,-0.114,-0.013,513,0
28.46,52.23,-0.04,0.038,514,0
28.43,52.1,-0.131,-0.028,515,0
28.39,52.14,0.04,-0.041,516,0
28.4,52.05,-0.091,0.012,517,0
28.45,51.98,-0.068,0.045,518,0
28.42,51.89,-0.096,-0.034,519,0
28.38,51.75,-0.141,-0.04,520,0
28.39,51.58,-0.162,0.011,521,0
28.4,51.4,-0.181,0.014,522,0
28.35,51.23,-0.177,-0.049,523,0
28.37,51.31,0.082,0.022,524,0
28.39,51.31,0.002,0.015,525,0
28.36,51.13,-0.177,-0.031,526,0
28.36,51.2,0.071,0.004,527,0
28.38,51.18,-0.022,0.019,528,0
28.33,51.21,0.032,-0.052,529,0
28.3,51.03,-0.185,-0.032,530,0
28.32,50.85,-0.174,0.019,531,0
28.35,50.87,0.018,0.034,532,0
28.34,50.75,-0.12,-0.012,533,0
28.35,50.73,-0.019,0.015,534,0
28.32,50.65,-0.084,-0.033,535,0
28.29,50.62,-0.027,-0.032,536,0
28.32,50.51,-0.111,0.034,537,0
28.34,50.55,0.04,0.013,538,0
28.38,50.48,-0.07,0.042,539,0
28.35,50.4,-0.086,-0.028,540,0
28.31,50.31,-0.087,-0.037,541,0
28.34,50.33,0.017,0.03,542,0
28.34,50.33,0.007,-0.001,543,0
28.3,50.18,-0.156,-0.042,544,0
28.28,50.05,-0.131,-0.025,545,0
28.3,49.88,-0.164,0.024,546,0
28.32,49.81,-0.075,0.023,547,0
28.32,49.61,-0.198,-0.008,548,0
28.28,49.48,-0.126,-0.031,549,0
28.32,49.33,-0.157,0.033,550,0
28.36,49.36,0.035,0.043,551,0
28.36,49.22,-0.136,-0.005,552,0
28.32,49.14,-0.086,-0.04,553,0
28.33,49.15,0.017,0.012,554,0
28.37,49.05,-0.102,0.046,555,0
28.39,49.0,-0.052,0.011,556,0
28.36,48.83,-0.174,-0.026,557,0
28.33,48.72,-0.106,-0.027,558,0
28.37,48.53,-0.188,0.033,559,0
28.34,48.47,-0.062,-0.022,560,0
28.3,48.38,-0.096,-0.047,561,0
28.25,48.45,0.07,-0.042,562,0
28.23,48.5,0.052,-0.028,563,0
28.27,48.35,-0.144,0.043,564,0
28.3,48.42,0.062,0.033,565,0
28.34,48.37,-0.045,0.039,566,0
28.35,48.43,0.059,0.01,567,0
28.3,48.51,0.076,-0.053,568,0
28.28,48.58,0.07,-0.02,569,0
28.28,48.57,-0.01,0.002,570,0
28.23,48.52,-0.047,-0.053,571,0
28.19,48.36,-0.159,-0.042,572,0
28.21,48.24,-0.125,0.023,573,0
28.24,48.09,-0.142,0.027,574,0
28.25,48.05,-0.041,0.01,575,0
28.29,48.04,-0.016,0.043,576,0
28.27,47.99,-0.048,-0.017,577,0
28.28,47.88,-0.103,0.009,578,0
28.26,47.93,0.05,-0.021,579,0
28.24,47.97,0.04,-0.017,580,0
28.24,47.99,0.01,0.0,581,0
28.23,47.92,-0.069,-0.01,582,0
28.25,47.87,-0.048,0.016,583,0
28.29,47.68,-0.186,0.037,584,0
28.32,47.53,-0.148,0.034,585,0
28.31,47.38,-0.156,-0.012,586,0
28.26,47.46,0.082,-0.046,587,0
28.31,47.45,-0.013,0.045,588,0
28.27,47.36,-0.085,-0.039,589,0
28.24,47.37,0.004,-0.031,590,0
28.21,47.18,-0.188,-0.027,591,0
28.2,47.24,0.058,-0.012,592,0
28.21,47.32,0.08,0.011,593,0
28.25,47.37,0.05,0.036,594,0
28.28,47.18,-0.189,0.039,595,0
28.24,47.14,-0.034,-0.044,596,0
28.25,47.0,-0.142,0.007,597,0
28.29,47.01,0.007,0.041,598,0
28.28,46.86,-0.145,-0.005,599,0
31.72,79.93,-0.079,0.054,0,0
31.76,79.94,0.013,0.043,1,0
31.76,79.74,-0.195,0.005,2,0
31.78,79.59,-0.157,0.012,3,0
31.8,79.36,-0.225,0.024,4,0
31.83,79.42,0.055,0.03,5,0
31.8,79.36,-0.059,-0.029,6,0
31.85,79.35,-0.004,0.053,7,0
31.88,79.3,-0.054,0.021,8,0
31.91,79.13,-0.168,0.037,9,0
31.87,78.98,-0.155,-0.041,10,0
31.91,78.81,-0.172,0.037,11,0
31.89,78.64,-0.166,-0.016,12,0
31.89,78.43,-0.207,-0.0,13,0
31.85,78.39,-0.04,-0.042,14,0
31.88,78.39,-0.008,0.027,15,0
31.91,78.27,-0.115,0.03,16,0
31.95,78.27,0.003,0.038,17,0
31.97,78.18,-0.096,0.023,18,0
31.94,78.2,0.025,-0.03,19,0
31.91,78.09,-0.112,-0.028,20,0
31.88,77.87,-0.215,-0.028,21,0
31.88,77.9,0.027,-0.003,22,0
31.85,77.7,-0.2,-0.03,23,0
31.85,77.5,-0.203,-0.004,24,0
31.87,77.4,-0.095,0.025,25,0
31.9,77.23,-0.176,0.026,26,0
31.94,77.22,-0.011,0.043,27,0
31.98,77.15,-0.066,0.045,28,0
32.04,77.1,-0.048,0.051,29,0
32.02,77.05,-0.05,-0.012,30,0
32.06,76.96,-0.09,0.037,31,0
32.08,76.92,-0.047,0.021,32,0
32.08,76.76,-0.161,-0.001,33,0
32.12,76.58,-0.174,0.038,34,0
32.1,76.49,-0.092,-0.014,35,0
32.15,76.45,-0.044,0.047,36,0
32.19,76.46,0.014,0.038,37,0
32.17,76.29,-0.167,-0.016,38,0
32.18,76.3,0.006,0.001,39,0
32.19,76.1,-0.198,0.013,40,0
32.16,76.12,0.014,-0.033,41,0
32.18,75.91,-0.209,0.028,42,0
32.22,75.84,-0.065,0.04,43,0
32.22,75.78,-0.057,-0.006,44,0
32.24,75.75,-0.031,0.026,45,0
32.2,75.77,0.02,-0.04,46,0
32.25,75.6,-0.172,0.042,47,0
32.22,75.61,0.014,-0.021,48,0
32.26,75.4,-0.21,0.04,49,0
32.23,75.34,-0.062,-0.038,50,0
32.19,75.28,-0.064,-0.037,51,0
32.15,75.21,-0.068,-0.036,52,0
32.16,75.06,-0.147,0.009,53,0
32.12,75.09,0.023,-0.041,54,0
32.16,75.01,-0.078,0.038,55,0
32.19,74.82,-0.184,0.034,56,0
32.16,74.81,-0.016,-0.036,57,0
32.16,74.63,-0.181,-0.001,58,0
32.17,74.53,-0.099,0.018,59,0
32.2,74.33,-0.201,0.031,60,0
32.23,74.24,-0.087,0.023,61,0
32.22,74.31,0.072,-0.012,62,0
32.17,74.1,-0.216,-0.044,63,0
32.19,73.88,-0.217,0.021,64,0
32.23,73.66,-0.218,0.036,65,0
32.21,73.45,-0.216,-0.013,66,0
32.25,73.45,0.002,0.035,67,0
32.21,73.4,-0.05,-0.037,68,0
32.26,73.23,-0.168,0.05,69,0
32.3,73.03,-0.196,0.033,70,0
32.29,72.97,-0.064,-0.008,71,0
32.32,72.98,0.011,0.029,72,0
32.34,72.94,-0.044,0.026,73,0
32.33,73.01,0.071,-0.014,74,0
32.36,72.98,-0.024,0.034,75,0
32.35,72.91,-0.074,-0.016,76,0
32.32,72.77,-0.138,-0.029,77,0
32.29,72.71,-0.062,-0.031,78,0
32.3,72.69,-0.025,0.009,79,0
32.3,72.55,-0.139,0.007,80,0
32.27,72.55,0.005,-0.03,81,0
32.26,72.57,0.022,-0.017,82,0
32.21,72.53,-0.039,-0.041,83,0
32.17,72.42,-0.112,-0.041,84,0
32.13,72.33,-0.095,-0.043,85,0
32.08,72.28,-0.046,-0.045,86,0
32.06,72.13,-0.147,-0.021,87,0
32.05,72.01,-0.122,-0.011,88,0
32.06,71.9,-0.117,0.006,89,0
32.05,71.83,-0.066,-0.005,90,0
32.03,71.77,-0.057,-0.022,91,0
32.01,71.59,-0.181,-0.018,92,0
32.0,71.43,-0.157,-0.013,93,0
31.99,71.41,-0.027,-0.009,94,0
32.02,71.43,0.021,0.033,95,0
31.98,71.32,-0.113,-0.041,96,0
32.0,71.3,-0.011,0.017,97,0
31.98,71.1,-0.21,-0.025,98,0
32.02,70.99,-0.102,0.04,99,0
32.03,70.93,-0.058,0.016,100,0
31.99,70.95,0.011,-0.044,101,0
32.01,70.91,-0.038,0.018,102,0
32.05,70.96,0.056,0.047,103,0
32.01,70.79,-0.17,-0.039,104,0
31.97,70.65,-0.145,-0.041,105,0
31.97,70.46,-0.189,-0.006,106,0
31.93,70.48,0.025,-0.033,107,0
31.94,70.43,-0.059,0.008,108,0
31.96,70.2,-0.224,0.017,109,0
32.0,70.05,-0.148,0.04,110,0
32.05,69.88,-0.172,0.049,111,0
32.1,69.81,-0.076,0.048,112,0
32.09,69.74,-0.071,-0.008,113,0
32.1,69.74,0.004,0.007,114,0
32.08,69.53,-0.206,-0.019,115,0
32.04,69.35,-0.179,-0.039,116,0
32.06,69.34,-0.016,0.016,117,0
32.03,69.2,-0.137,-0.028,118,0
32.05,69.15,-0.054,0.022,119,0
32.04,69.14,-0.006,-0.005,120,0
32.02,68.96,-0.178,-0.021,121,0
32.05,68.86,-0.099,0.026,122,0
32.08,68.75,-0.115,0.027,123,0
32.05,68.68,-0.067,-0.024,124,0
32.08,68.55,-0.133,0.032,125,0
32.13,68.35,-0.201,0.042,126,0
32.11,68.37,0.021,-0.016,127,0
32.1,68.44,0.069,-0.006,128,0
32.13,68.32,-0.119,0.03,129,0
32.17,68.32,0.002,0.041,130,0
32.17,68.11,-0.213,-0.005,131,0
32.19,67.95,-0.157,0.022,132,0
32.21,67.83,-0.123,0.023,133,0
32.27,67.69,-0.137,0.05,134,0
32.22,67.74,0.048,-0.043,135,0
32.21,67.54,-0.2,-0.008,136,0
32.2,67.44,-0.102,-0.017,137,0
32.21,67.3,-0.138,0.012,138,0
32.21,67.32,0.019,0.005,139,0
32.25,67.37,0.05,0.032,140,0
32.24,67.36,-0.006,-0.009,141,0
32.24,67.3,-0.059,0.005,142,0
32.29,67.13,-0.172,0.053,143,0
32.35,67.0,-0.126,0.052,144,0
32.38,66.92,-0.086,0.038,145,0
32.41,66.71,-0.207,0.023,146,0
32.43,66.5,-0.214,0.023,147,0
32.47,66.29,-0.208,0.04,148,0
32.52,66.14,-0.154,0.046,149,0
32.55,65.97,-0.163,0.031,150,0
32.59,65.85,-0.119,0.037,151,0
32.57,65.71,-0.148,-0.014,152,0
32.57,65.69,-0.013,-0.006,153,0
32.53,65.53,-0.159,-0.031,154,0
32.5,65.34,-0.195,-0.036,155,0
32.51,65.29,-0.045,0.007,156,0
32.54,65.28,-0.009,0.033,157,0
32.55,65.22,-0.062,0.015,158,0
32.57,65.06,-0.166,0.014,159,0
32.54,65.02,-0.036,-0.026,160,0
32.54,64.86,-0.16,-0.005,161,0
32.51,64.73,-0.129,-0.023,162,0
32.55,64.77,0.039,0.04,163,0
32.6,64.76,-0.008,0.05,164,0
32.62,64.81,0.05,0.016,165,0
32.65,64.74,-0.074,0.03,166,0
32.64,64.61,-0.127,-0.006,167,0
32.65,64.52,-0.087,0.005,168,0
32.66,64.42,-0.103,0.01,169,0
32.7,64.45,0.034,0.044,170,0
32.68,64.23,-0.222,-0.027,171,0
32.73,64.25,0.021,0.054,172,0
32.7,64.04,-0.217,-0.035,173,0
32.66,64.04,0.008,-0.034,174,0
32.68,63.86,-0.187,0.014,175,0
32.65,63.91,0.052,-0.021,176,0
32.66,63.8,-0.112,0.002,177,0
32.64,63.78,-0.015,-0.019,178,0
32.69,63.64,-0.14,0.052,179,0
32.72,63.45,-0.19,0.027,180,0
32.67,63.35,-0.101,-0.045,181,0
32.65,63.31,-0.039,-0.024,182,0
32.68,63.2,-0.115,0.034,183,0
32.64,63.01,-0.185,-0.04,184,0
32.6,62.88,-0.132,-0.038,185,0
32.61,62.69,-0.188,0.007,186,0
32.59,62.7,0.006,-0.017,187,0
32.57,62.63,-0.064,-0.023,188,0
32.57,62.53,-0.106,0.002,189,0
32.59,62.55,0.026,0.013,190,0
32.58,62.56,0.002,-0.005,191,0
32.61,62.38,-0.174,0.027,192,0
32.62,62.44,0.057,0.015,193,0
32.59,62.36,-0.074,-0.038,194,0
32.57,62.27,-0.09,-0.012,195,0
32.54,62.17,-0.1,-0.036,196,0
32.56,62.23,0.055,0.024,197,0
32.55,62.26,0.032,-0.016,198,0
32.54,62.19,-0.07,-0.005,199,0
32.58,62.19,-0.001,0.038,200,0
32.61,62.15,-0.036,0.032,201,0
32.61,62.03,-0.124,0.004,202,0
32.61,61.92,-0.107,-0.002,203,0
32.57,61.93,0.012,-0.041,204,0
32.54,61.92,-0.017,-0.034,205,0
32.57,61.73,-0.187,0.033,206,0
32.53,61.51,-0.22,-0.041,207,0
32.58,61.34,-0.168,0.054,208,0
32.56,61.27,-0.069,-0.025,209,0
32.6,61.17,-0.108,0.043,210,0
32.64,60.97,-0.199,0.042,211,0
32.61,60.75,-0.217,-0.03,212,0
32.6,60.66,-0.089,-0.013,213,0
32.56,60.66,-0.002,-0.035,214,0
32.54,60.49,-0.173,-0.024,215,0
32.53,60.53,0.044,-0.01,216,0
32.54,60.55,0.02,0.005,217,0
32.55,60.38,-0.17,0.012,218,0
32.59,60.3,-0.08,0.039,219,0
32.6,60.2,-0.098,0.011,220,0
32.61,60.25,0.045,0.017,221,0
32.65,60.32,0.07,0.038,222,0
32.7,60.18,-0.138,0.051,223,0
32.69,59.99,-0.191,-0.015,224,0
32.72,59.93,-0.059,0.034,225,0
32.75,60.0,0.07,0.033,226,0
32.73,59.88,-0.123,-0.022,227,0
32.78,59.91,0.033,0.046,228,0
32.79,59.9,-0.004,0.007,229,0
32.76,59.8,-0.103,-0.024,230,0
32.78,59.77,-0.032,0.016,231,0
32.74,59.58,-0.188,-0.035,232,0
32.77,59.47,-0.114,0.024,233,0
32.8,59.25,-0.22,0.037,234,0
32.86,59.17,-0.073,0.054,235,0
32.82,59.12,-0.051,-0.039,236,0
32.83,58.98,-0.139,0.012,237,0
32.86,59.04,0.055,0.026,238,0
32.84,58.95,-0.09,-0.02,239,0
32.83,58.97,0.017,-0.005,240,0
32.84,58.92,-0.046,0.012,241,0
32.84,58.98,0.057,-0.003,242,0
32.88,58.94,-0.038,0.035,243,0
32.9,58.97,0.035,0.02,244,0
32.91,59.0,0.024,0.019,245,0
32.94,59.0,0.002,0.029,246,0
32.97,58.98,-0.023,0.031,247,0
32.94,59.01,0.031,-0.036,248,0
32.91,58.94,-0.069,-0.031,249,0
32.92,58.95,0.01,0.013,250,0
32.93,58.92,-0.034,0.011,251,0
32.94,58.73,-0.181,0.011,252,0
32.97,58.6,-0.137,0.032,253,0
32.99,58.64,0.041,0.012,254,0
33.03,58.65,0.012,0.04,255,0
33.07,58.71,0.061,0.044,256,0
33.11,58.52,-0.193,0.038,257,0
33.08,58.53,0.017,-0.023,258,0
33.12,58.54,0.009,0.032,259,0
33.13,58.45,-0.096,0.011,260,0
33.09,58.51,0.063,-0.04,261,0
33.04,58.47,-0.039,-0.043,262,0
33.01,58.41,-0.058,-0.03,263,0
33.01,58.38,-0.033,0.0,264,0
33.06,58.28,-0.1,0.044,265,0
33.03,58.25,-0.033,-0.028,266,0
33.04,58.09,-0.161,0.011,267,0
33.02,58.16,0.073,-0.023,268,0
33.01,58.11,-0.043,-0.013,269,0
33.05,58.09,-0.027,0.045,270,0
33.1,58.06,-0.03,0.044,271,0
33.12,57.99,-0.069,0.02,272,0
33.07,57.93,-0.057,-0.044,273,0
33.06,57.95,0.02,-0.017,274,0
33.04,57.73,-0.225,-0.011,275,0
33.07,57.62,-0.103,0.021,276,0
33.11,57.69,0.069,0.045,277,0
33.11,57.64,-0.056,-0.002,278,0
33.14,57.42,-0.216,0.035,279,0
33.14,57.43,0.01,-0.005,280,0
33.15,57.43,0.003,0.009,281,0
33.17,57.25,-0.181,0.021,282,0
33.18,57.06,-0.197,0.01,283,0
33.17,57.0,-0.054,-0.011,284,0
33.21,56.97,-0.036,0.047,285,0
33.22,56.8,-0.16,0.011,286,0
33.19,56.82,0.017,-0.036,287,0
33.23,56.85,0.024,0.043,288,0
33.27,56.85,0.005,0.035,289,0
33.26,56.72,-0.131,-0.012,290,0
33.22,56.77,0.052,-0.033,291,0
33.25,56.8,0.028,0.032,292,0
33.22,56.69,-0.106,-0.031,293,0
33.26,56.64,-0.049,0.032,294,0
33.24,56.67,0.029,-0.018,295,0
33.28,56.72,0.044,0.04,296,0
33.25,56.74,0.024,-0.029,297,0
33.2,56.74,0.0,-0.045,298,0
33.21,56.72,-0.025,0.006,299,0
33.25,56.67,-0.045,0.045,300,0
33.31,56.56,-0.109,0.054,301,0
33.36,56.37,-0.19,0.053,302,0
33.34,56.26,-0.109,-0.025,303,0
33.31,56.06,-0.201,-0.026,304,0
33.35,56.02,-0.042,0.037,305,0
33.3,56.04,0.022,-0.043,306,0
33.3,56.1,0.058,-0.008,307,0
33.32,55.89,-0.209,0.019,308,0
33.33,55.69,-0.201,0.018,309,0
33.36,55.49,-0.203,0.028,310,0
33.36,55.28,-0.209,-0.005,311,0
33.37,55.1,-0.172,0.018,312,0
33.39,54.94,-0.167,0.013,313,0
33.38,54.85,-0.092,-0.004,314,0
33.41,54.66,-0.182,0.028,315,0
33.39,54.5,-0.159,-0.017,316,0
33.4,54.28,-0.22,0.004,317,0
33.38,54.19,-0.093,-0.017,318,0
33.41,54.01,-0.177,0.026,319,0
33.37,53.92,-0.091,-0.031,320,0
33.41,53.82,-0.104,0.041,321,0
33.43,53.79,-0.024,0.014,322,0
33.44,53.67,-0.122,0.01,323,0
33.48,53.48,-0.198,0.042,324,0
33.52,53.47,-0.008,0.037,325,0
33.57,53.52,0.051,0.047,326,0
33.58,53.59,0.069,0.011,327,0
33.54,53.64,0.054,-0.039,328,0
33.49,53.65,0.008,-0.043,329,0
33.52,53.71,0.056,0.022,330,0
33.57,53.56,-0.147,0.052,331,0
33.57,53.39,-0.166,-0.0,332,0
33.54,53.19,-0.199,-0.032,333,0
33.53,53.25,0.054,-0.01,334,0
33.5,53.3,0.054,-0.025,335,0
33.5,53.35,0.049,-0.005,336,0
33.54,53.27,-0.085,0.047,337,0
33.52,53.18,-0.086,-0.025,338,0
33.56,53.25,0.073,0.045,339,0
33.53,53.23,-0.022,-0.038,340,0
33.52,53.05,-0.176,-0.007,341,0
33.52,52.89,-0.16,-0.003,342,0
33.57,52.92,0.022,0.053,343,0
33.57,52.79,-0.13,0.001,344,0
33.62,52.73,-0.062,0.052,345,0
33.59,52.61,-0.113,-0.026,346,0
33.64,52.52,-0.091,0.044,347,0
33.62,52.46,-0.062,-0.015,348,0
33.65,52.41,-0.048,0.027,349,0
33.66,52.24,-0.175,0.012,350,0
33.7,52.03,-0.211,0.041,351,0
33.66,51.89,-0.137,-0.041,352,0
33.66,51.91,0.02,-0.002,353,0
33.62,51.77,-0.14,-0.04,354,0
33.64,51.68,-0.09,0.023,355,0
33.64,51.7,0.024,-0.006,356,0
33.69,51.64,-0.065,0.047,357,0
33.71,51.68,0.046,0.029,358,0
33.72,51.61,-0.076,0.006,359,0
33.68,51.66,0.049,-0.038,360,0
33.7,51.68,0.025,0.018,361,0
33.74,51.72,0.038,0.044,362,0
33.78,51.67,-0.049,0.037,363,0
33.76,51.48,-0.195,-0.026,364,0
33.81,51.41,-0.07,0.052,365,0
33.82,51.23,-0.174,0.009,366,0
33.82,51.23,-0.005,0.004,367,0
33.84,51.22,-0.006,0.015,368,0
33.83,51.07,-0.155,-0.003,369,0
33.88,51.09,0.022,0.042,370,0
33.92,51.03,-0.064,0.042,371,0
33.89,51.05,0.029,-0.028,372,0
33.88,51.03,-0.021,-0.014,373,0
33.85,50.82,-0.217,-0.023,374,0
33.9,50.82,-0.0,0.051,375,0
33.94,50.6,-0.219,0.033,376,0
33.96,50.55,-0.049,0.026,377,0
33.99,50.45,-0.097,0.023,378,0
33.99,50.52,0.073,-0.0,379,0
33.98,50.51,-0.015,-0.005,380,0
33.96,50.57,0.056,-0.022,381,0
33.99,50.46,-0.104,0.033,382,0
34.03,50.28,-0.181,0.034,383,0
33.98,50.16,-0.116,-0.045,384,0
33.94,50.1,-0.063,-0.037,385,0
33.92,50.13,0.027,-0.027,386,0
33.9,50.09,-0.037,-0.013,387,0
33.96,49.91,-0.178,0.054,388,0
33.98,49.89,-0.022,0.021,389,0
33.97,49.67,-0.221,-0.012,390,0
34.01,49.74,0.071,0.048,391,0
34.01,49.72,-0.019,-0.005,392,0
33.97,49.54,-0.18,-0.038,393,0
34.02,49.51,-0.03,0.048,394,0
34.03,49.31,-0.204,0.012,395,0
34.03,49.18,-0.127,-0.006,396,0
34.04,49.09,-0.088,0.014,397,0
34.05,48.88,-0.214,0.014,398,0
34.03,48.89,0.006,-0.019,399,0
34.05,48.79,-0.096,0.015,400,0
34.06,48.65,-0.139,0.009,401,0
34.03,48.43,-0.221,-0.03,402,0
33.99,48.47,0.042,-0.042,403,0
33.95,48.35,-0.126,-0.042,404,0
33.97,48.3,-0.044,0.028,405,0
33.98,48.28,-0.027,0.009,406,0
34.0,48.34,0.067,0.014,407,0
34.0,48.32,-0.018,0.005,408,0
33.97,48.19,-0.138,-0.032,409,0
33.96,48.23,0.039,-0.012,410,0
33.96,48.22,-0.005,0.006,411,0
33.98,48.18,-0.037,0.019,412,0
33.98,48.04,-0.14,-0.0,413,0
33.98,47.98,-0.062,0.0,414,0
34.03,48.0,0.018,0.046,415,0
34.03,47.98,-0.017,-0.001,416,0
34.0,47.86,-0.118,-0.028,417,0
33.99,47.91,0.043,-0.005,418,0
33.97,47.8,-0.108,-0.026,419,0
33.99,47.8,0.005,0.02,420,0
34.01,47.59,-0.218,0.016,421,0
34.04,47.44,-0.143,0.033,422,0
34.0,47.51,0.064,-0.039,423,0
34.05,47.47,-0.037,0.052,424,0
34.06,47.39,-0.077,0.008,425,0
34.03,47.28,-0.11,-0.03,426,0
34.07,47.25,-0.038,0.046,427,0
34.1,47.17,-0.074,0.026,428,0
34.14,46.99,-0.179,0.038,429,0
34.15,46.86,-0.129,0.012,430,0
34.18,46.79,-0.077,0.03,431,0
34.19,46.8,0.012,0.008,432,0
34.14,46.78,-0.021,-0.045,433,0
34.17,46.74,-0.032,0.023,434,0
34.16,46.76,0.012,-0.009,435,0
34.2,46.74,-0.017,0.043,436,0
34.24,46.71,-0.026,0.041,437,0
34.23,46.71,0.001,-0.006,438,0
34.22,46.71,-0.007,-0.012,439,0
34.18,46.62,-0.088,-0.042,440,0
34.15,46.6,-0.024,-0.029,441,0
34.12,46.64,0.044,-0.028,442,0
34.16,46.64,-0.001,0.04,443,0
34.14,46.49,-0.145,-0.027,444,0
34.14,46.42,-0.068,0.001,445,0
34.11,46.32,-0.107,-0.031,446,0
34.12,46.34,0.023,0.016,447,0
34.1,46.17,-0.17,-0.021,448,0
34.12,46.23,0.06,0.023,449,0
34.16,46.23,-0.004,0.039,450,0
34.2,46.24,0.011,0.038,451,0
34.25,46.08,-0.159,0.049,452,0
34.29,46.02,-0.062,0.045,453,0
34.26,45.96,-0.054,-0.035,454,0
34.24,45.86,-0.104,-0.019,455,0
34.29,45.84,-0.02,0.046,456,0
34.32,45.67,-0.169,0.031,457,0
34.36,45.66,-0.009,0.048,458,0
34.41,45.49,-0.172,0.049,459,0
34.47,45.38,-0.109,0.051,460,0
34.51,45.21,-0.174,0.049,461,0
34.54,45.05,-0.159,0.024,462,0
34.55,44.93,-0.122,0.015,463,0
34.52,44.91,-0.02,-0.035,464,0
34.57,44.94,0.033,0.049,465,0
34.59,44.75,-0.194,0.026,466,0
34.55,44.63,-0.115,-0.043,467,0
34.56,44.6,-0.032,0.006,468,0
34.61,44.66,0.061,0.05,469,0
34.56,44.6,-0.058,-0.044,470,0
34.57,44.47,-0.129,0.003,471,0
34.6,44.45,-0.021,0.037,472,0
34.58,44.29,-0.158,-0.026,473,0
34.54,44.26,-0.037,-0.033,474,0
34.55,44.23,-0.023,0.006,475,0
34.6,44.18,-0.052,0.047,476,0
34.6,43.99,-0.191,0.003,477,0
34.56,43.91,-0.08,-0.041,478,0
34.58,43.84,-0.069,0.025,479,0
34.56,43.79,-0.051,-0.019,480,0
34.6,43.58,-0.214,0.038,481,0
34.59,43.41,-0.162,-0.015,482,0
34.59,43.29,-0.128,-0.0,483,0
34.58,43.16,-0.127,-0.013,484,0
34.6,42.97,-0.193,0.027,485,0
34.65,42.85,-0.116,0.043,486,0
34.65,42.87,0.02,0.002,487,0
34.66,42.9,0.028,0.007,488,0
34.65,42.74,-0.154,-0.003,489,0
34.61,42.77,0.03,-0.041,490,0
34.59,42.84,0.063,-0.019,491,0
34.62,42.86,0.029,0.024,492,0
34.58,42.83,-0.032,-0.035,493,0
34.62,42.89,0.06,0.034,494,0
34.61,42.68,-0.215,-0.01,495,0
34.62,42.59,-0.088,0.016,496,0
34.59,42.65,0.059,-0.033,497,0
34.59,42.6,-0.048,0.002,498,0
34.62,42.39,-0.207,0.028,499,0
34.62,42.21,-0.186,0.002,500,0
34.59,42.06,-0.144,-0.032,501,0
34.6,42.09,0.028,0.007,502,0
34.59,42.12,0.031,-0.011,503,0
34.55,41.95,-0.177,-0.032,504,0
34.59,41.82,-0.126,0.035,505,0
34.59,41.84,0.017,-0.003,506,0
34.57,41.63,-0.208,-0.013,507,0
34.58,41.63,0.006,0.005,508,0
34.58,41.65,0.012,-0.0,509,0
34.56,41.55,-0.093,-0.016,510,0
34.57,41.38,-0.175,0.004,511,0
34.56,41.26,-0.124,-0.012,512,0
34.58,41.25,-0.003,0.022,513,0
34.57,41.19,-0.063,-0.011,514,0
34.62,41.14,-0.049,0.051,515,0
34.6,41.15,0.014,-0.014,516,0
34.62,41.14,-0.012,0.016,517,0
34.59,40.97,-0.172,-0.033,518,0
34.63,41.03,0.062,0.046,519,0
34.67,41.1,0.065,0.036,520,0
34.66,41.0,-0.097,-0.012,521,0
34.69,40.82,-0.185,0.04,522,0
34.65,40.85,0.039,-0.041,523,0
34.65,40.87,0.015,-0.008,524,0
34.66,40.71,-0.157,0.019,525,0
34.72,40.56,-0.156,0.05,526,0
34.76,40.37,-0.186,0.042,527,0
34.79,40.41,0.039,0.037,528,0
34.84,40.42,0.014,0.041,529,0
34.79,40.22,-0.205,-0.045,530,0
34.75,40.1,-0.123,-0.042,531,0
34.77,39.93,-0.164,0.018,532,0
34.74,39.87,-0.059,-0.027,533,0
34.72,39.68,-0.195,-0.015,534,0
34.73,39.71,0.03,0.007,535,0
34.75,39.6,-0.111,0.013,536,0
34.75,39.67,0.073,0.004,537,0
34.79,39.6,-0.076,0.04,538,0
34.77,39.67,0.072,-0.023,539,0
34.78,39.58,-0.091,0.018,540,0
34.83,39.48,-0.093,0.05,541,0
34.8,39.45,-0.032,-0.03,542,0
34.79,39.23,-0.224,-0.009,543,0
34.82,39.16,-0.071,0.028,544,0
34.81,38.98,-0.175,-0.009,545,0
34.86,38.82,-0.163,0.05,546,0
34.9,38.75,-0.068,0.035,547,0
34.91,38.58,-0.174,0.009,548,0
34.94,38.6,0.019,0.028,549,0
34.9,38.43,-0.168,-0.039,550,0
34.87,38.26,-0.165,-0.031,551,0
34.82,38.29,0.027,-0.045,552,0
34.79,38.16,-0.134,-0.036,553,0
34.74,38.04,-0.112,-0.045,554,0
34.72,37.85,-0.198,-0.021,555,0
34.69,37.7,-0.147,-0.029,556,0
34.69,37.69,-0.01,0.001,557,0
34.66,37.47,-0.218,-0.029,558,0
34.67,37.39,-0.084,0.006,559,0
34.67,37.19,-0.199,0.0,560,0
34.71,37.2,0.011,0.045,561,0
34.7,37.12,-0.081,-0.013,562,0
34.69,37.11,-0.001,-0.009,563,0
34.69,37.08,-0.037,0.003,564,0
34.73,36.97,-0.112,0.041,565,0
34.72,37.02,0.057,-0.013,566,0
34.73,36.98,-0.04,0.006,567,0
34.75,36.99,0.007,0.022,568,0
34.79,36.9,-0.089,0.045,569,0
34.82,36.84,-0.059,0.028,570,0
34.83,36.73,-0.108,0.01,571,0
34.83,36.56,-0.171,-0.001,572,0
34.83,36.37,-0.189,0.001,573,0
34.85,36.17,-0.206,0.023,574,0
34.89,36.0,-0.166,0.033,575,0
34.93,35.99,-0.007,0.047,576,0
34.99,35.97,-0.029,0.051,577,0
35.03,36.03,0.062,0.047,578,0
35.0,35.9,-0.128,-0.028,579,0
35.02,35.85,-0.052,0.011,580,0
35.04,35.81,-0.041,0.029,581,0
35.09,35.85,0.039,0.05,582,0
35.13,35.84,-0.006,0.035,583,0
35.14,35.81,-0.028,0.013,584,0
35.12,35.78,-0.033,-0.022,585,0
35.1,35.72,-0.06,-0.022,586,0
35.12,35.54,-0.175,0.02,587,0
35.1,35.53,-0.015,-0.021,588,0
35.14,35.48,-0.052,0.044,589,0
35.15,35.31,-0.164,0.01,590,0
35.15,35.18,-0.133,-0.004,591,0
35.17,35.1,-0.079,0.019,592,0
35.21,35.09,-0.004,0.043,593,0
35.25,34.93,-0.16,0.035,594,0
35.29,34.8,-0.138,0.049,595,0
35.28,34.74,-0.054,-0.019,596,0
35.31,34.59,-0.149,0.036,597,0
35.33,34.6,0.007,0.016,598,0
35.3,34.59,-0.008,-0.027,599,0
32.64,87.72,-0.179,-0.044,0,0
32.61,87.5,-0.215,-0.027,1,0
32.61,87.54,0.039,-0.004,2,0
32.6,87.47,-0.074,-0.001,3,0
32.6,87.27,-0.198,-0.002,4,0
32.58,87.31,0.037,-0.019,5,0
32.59,87.25,-0.058,0.005,6,0
32.56,87.29,0.043,-0.027,7,0
32.59,87.11,-0.187,0.03,8,0
32.55,87.1,-0.006,-0.041,9,0
32.54,87.11,0.006,-0.012,10,0
32.57,87.11,0.006,0.035,11,0
32.54,87.05,-0.067,-0.034,12,0
32.51,87.08,0.033,-0.025,13,0
32.52,87.01,-0.065,0.009,14,0
32.56,87.06,0.05,0.037,15,0
32.56,86.99,-0.076,-0.001,16,0
32.54,86.93,-0.061,-0.016,17,0
32.57,86.76,-0.168,0.023,18,0
32.55,86.74,-0.02,-0.014,19,0
32.52,86.66,-0.077,-0.033,20,0
32.51,86.62,-0.04,-0.012,21,0
32.54,86.41,-0.213,0.033,22,0
32.59,86.4,-0.006,0.049,23,0
32.56,86.4,-0.001,-0.031,24,0
32.54,86.25,-0.148,-0.021,25,0
32.55,86.3,0.045,0.013,26,0
32.59,86.31,0.013,0.034,27,0
32.55,86.25,-0.059,-0.04,28,0
32.58,86.04,-0.212,0.032,29,0
32.55,85.86,-0.183,-0.03,30,0
32.59,85.84,-0.013,0.039,31,0
32.54,85.87,0.029,-0.049,32,0
32.54,85.68,-0.187,0.006,33,0
32.57,85.69,0.002,0.022,34,0
32.55,85.63,-0.056,-0.016,35,0
32.53,85.41,-0.224,-0.021,36,0
32.54,85.32,-0.088,0.014,37,0
32.51,85.31,-0.011,-0.032,38,0
32.48,85.26,-0.048,-0.032,39,0
32.47,85.03,-0.23,-0.01,40,0
32.44,84.94,-0.091,-0.03,41,0
32.4,84.88,-0.054,-0.042,42,0
32.36,84.94,0.059,-0.037,43,0
32.32,84.73,-0.217,-0.036,44,0
32.29,84.54,-0.186,-0.03,45,0
32.31,84.34,-0.196,0.017,46,0
32.31,84.32,-0.022,-0.005,47,0
32.32,84.23,-0.092,0.015,48,0
32.33,84.01,-0.216,0.009,49,0
32.29,84.01,-0.008,-0.042,50,0
32.28,83.81,-0.198,-0.011,51,0
32.24,83.62,-0.193,-0.033,52,0
32.26,83.42,-0.195,0.021,53,0
32.29,83.32,-0.098,0.021,54,0
32.33,83.29,-0.033,0.041,55,0
32.37,83.29,-0.004,0.042,56,0
32.38,83.11,-0.172,0.011,57,0
32.33,83.1,-0.013,-0.048,58,0
32.32,83.04,-0.06,-0.008,59,0
32.33,82.91,-0.13,0.002,60,0
32.32,82.88,-0.034,-0.006,61,0
32.35,82.91,0.031,0.03,62,0
32.31,82.91,0.001,-0.041,63,0
32.29,82.91,-0.002,-0.023,64,0
32.26,82.71,-0.201,-0.023,65,0
32.28,82.71,0.005,0.017,66,0
32.24,82.67,-0.044,-0.037,67,0
32.19,82.54,-0.13,-0.05,68,0
32.24,82.5,-0.032,0.047,69,0
32.22,82.32,-0.187,-0.023,70,0
32.25,82.13,-0.193,0.033,71,0
32.27,82.07,-0.054,0.019,72,0
32.32,81.95,-0.122,0.046,73,0
32.35,81.93,-0.015,0.033,74,0
32.37,81.72,-0.212,0.023,75,0
32.4,81.69,-0.035,0.029,76,0
32.42,81.52,-0.167,0.015,77,0
32.38,81.47,-0.053,-0.038,78,0
32.38,81.44,-0.023,-0.002,79,0
32.33,81.22,-0.227,-0.042,80,0
32.3,81.28,0.059,-0.039,81,0
32.29,81.13,-0.149,-0.009,82,0
32.27,81.0,-0.124,-0.019,83,0
32.25,80.88,-0.122,-0.021,84,0
32.22,80.93,0.046,-0.03,85,0
32.26,80.7,-0.224,0.043,86,0
32.29,80.74,0.035,0.027,87,0
32.33,80.51,-0.224,0.048,88,0
32.33,80.56,0.047,-0.009,89,0
32.29,80.44,-0.123,-0.035,90,0
32.29,80.28,-0.162,-0.002,91,0
32.3,80.06,-0.214,0.009,92,0
32.32,79.85,-0.213,0.021,93,0
32.31,79.91,0.058,-0.008,94,0
32.26,79.93,0.027,-0.049,95,0
32.22,79.77,-0.163,-0.039,96,0
32.24,79.62,-0.147,0.014,97,0
32.22,79.66,0.039,-0.017,98,0
32.25,79.51,-0.153,0.035,99,0
32.27,79.53,0.017,0.017,100,0
32.24,79.49,-0.039,-0.029,101,0
32.22,79.47,-0.019,-0.023,102,0
32.18,79.31,-0.157,-0.039,103,0
32.22,79.27,-0.047,0.04,104,0
32.22,79.16,-0.11,-0.002,105,0
32.23,79.2,0.043,0.013,106,0
32.27,79.08,-0.121,0.038,107,0
32.23,78.94,-0.139,-0.045,108,0
32.24,78.84,-0.099,0.016,109,0
32.23,78.91,0.068,-0.014,110,0
32.19,78.8,-0.104,-0.034,111,0
32.19,78.64,-0.158,-0.003,112,0
32.22,78.44,-0.2,0.032,113,0
32.22,78.29,-0.156,-0.008,114,0
32.22,78.09,-0.198,0.004,115,0
32.25,78.09,-0.001,0.029,116,0
32.2,78.01,-0.077,-0.047,117,0
32.24,77.79,-0.224,0.04,118,0
32.24,77.79,0.006,0.004,119,0
32.23,77.59,-0.202,-0.011,120,0
32.19,77.59,-0.003,-0.042,121,0
32.19,77.41,-0.183,0.0,122,0
32.19,77.34,-0.068,0.0,123,0
32.21,77.35,0.012,0.016,124,0
32.17,77.25,-0.097,-0.036,125,0
32.19,77.03,-0.222,0.021,126,0
32.21,77.09,0.061,0.019,127,0
32.18,77.0,-0.093,-0.032,128,0
32.17,76.78,-0.219,-0.006,129,0
32.17,76.62,-0.158,-0.005,130,0
32.13,76.46,-0.163,-0.043,131,0
32.16,76.24,-0.217,0.036,132,0
32.16,76.12,-0.123,0.002,133,0
32.14,75.97,-0.149,-0.021,134,0
32.11,75.98,0.009,-0.034,135,0
32.06,75.96,-0.02,-0.049,136,0
32.03,75.9,-0.062,-0.033,137,0
32.03,75.82,-0.072,0.002,138,0
32.02,75.7,-0.125,-0.009,139,0
31.99,75.6,-0.103,-0.026,140,0
31.95,75.37,-0.223,-0.039,141,0
31.92,75.14,-0.23,-0.031,142,0
31.96,75.11,-0.03,0.036,143,0
31.95,74.94,-0.172,-0.011,144,0
31.99,74.96,0.015,0.041,145,0
31.96,74.86,-0.1,-0.026,146,0
31.95,74.76,-0.1,-0.012,147,0
31.91,74.77,0.015,-0.043,148,0
31.91,74.72,-0.056,0.001,149,0
31.93,74.73,0.018,0.019,150,0
31.88,74.64,-0.089,-0.048,151,0
31.87,74.71,0.062,-0.011,152,0
31.85,74.6,-0.104,-0.02,153,0
31.86,74.47,-0.133,0.008,154,0
31.88,74.46,-0.005,0.028,155,0
31.89,74.25,-0.216,0.008,156,0
31.85,74.22,-0.032,-0.039,157,0
31.8,74.06,-0.156,-0.049,158,0
31.81,74.03,-0.035,0.007,159,0
31.85,73.96,-0.068,0.043,160,0
31.87,73.75,-0.211,0.02,161,0
31.91,73.74,-0.004,0.035,162,0
31.88,73.7,-0.042,-0.024,163,0
31.86,73.47,-0.231,-0.026,164,0
31.81,73.54,0.068,-0.045,165,0
31.77,73.54,0.004,-0.047,166,0
31.77,73.49,-0.048,-0.001,167,0
31.74,73.5,0.011,-0.021,168,0
31.78,73.52,0.017,0.031,169,0
31.76,73.57,0.047,-0.012,170,0
31.81,73.52,-0.05,0.048,171,0
31.82,73.48,-0.04,0.014,172,0
31.83,73.3,-0.172,0.008,173,0
31.86,73.28,-0.026,0.03,174,0
31.87,73.16,-0.117,0.004,175,0
31.86,73.02,-0.144,-0.01,176,0
31.82,72.9,-0.117,-0.041,177,0
31.79,72.73,-0.167,-0.023,178,0
31.79,72.52,-0.217,-0.003,179,0
31.76,72.37,-0.152,-0.028,180,0
31.74,72.19,-0.179,-0.019,181,0
31.77,72.01,-0.177,0.022,182,0
31.78,72.07,0.058,0.016,183,0
31.79,72.01,-0.053,0.007,184,0
31.84,72.06,0.042,0.048,185,0
31.79,71.96,-0.098,-0.05,186,0
31.83,71.94,-0.018,0.04,187,0
31.82,71.76,-0.182,-0.008,188,0
31.83,71.82,0.065,0.015,189,0
31.83,71.6,-0.224,-0.004,190,0
31.86,71.52,-0.077,0.031,191,0
31.83,71.45,-0.069,-0.034,192,0
31.78,71.25,-0.205,-0.046,193,0
31.8,71.06,-0.184,0.015,194,0
31.82,70.84,-0.223,0.029,195,0
31.78,70.8,-0.043,-0.042,196,0
31.83,70.85,0.048,0.042,197,0
31.85,70.9,0.051,0.029,198,0
31.87,70.74,-0.161,0.017,199,0
31.88,70.73,-0.006,0.006,200,0
31.91,70.68,-0.053,0.037,201,0
31.91,70.68,0.002,-0.006,202,0
31.87,70.49,-0.188,-0.04,203,0
31.91,70.55,0.061,0.045,204,0
31.92,70.54,-0.012,0.003,205,0
31.96,70.5,-0.044,0.045,206,0
31.96,70.54,0.047,-0.0,207,0
31.99,70.56,0.013,0.034,208,0
32.04,70.61,0.06,0.042,209,0
32.02,70.65,0.037,-0.021,210,0
32.04,70.46,-0.19,0.025,211,0
32.08,70.37,-0.096,0.037,212,0
32.08,70.24,-0.125,0.0,213,0
32.08,70.29,0.046,0.006,214,0
32.08,70.19,-0.1,-0.001,215,0
32.03,70.09,-0.1,-0.05,216,0
32.06,69.91,-0.18,0.03,217,0
32.02,69.75,-0.154,-0.047,218,0
32.01,69.66,-0.089,-0.004,219,0
32.04,69.46,-0.204,0.033,220,0
32.03,69.48,0.021,-0.013,221,0
32.04,69.28,-0.206,0.008,222,0
32.05,69.07,-0.204,0.014,223,0
32.02,68.86,-0.206,-0.035,224,0
32.03,68.9,0.036,0.016,225,0
32.06,68.85,-0.055,0.028,226,0
32.05,68.79,-0.052,-0.009,227,0
32.02,68.83,0.04,-0.036,228,0
32.0,68.82,-0.014,-0.012,229,0
32.02,68.87,0.051,0.016,230,0
32.04,68.89,0.023,0.015,231,0
31.99,68.68,-0.217,-0.047,232,0
32.01,68.55,-0.125,0.02,233,0
32.04,68.4,-0.154,0.028,234,0
32.03,68.4,0.005,-0.009,235,0
31.98,68.28,-0.125,-0.047,236,0
31.99,68.32,0.038,0.013,237,0
31.97,68.14,-0.179,-0.023,238,0
31.99,68.17,0.036,0.018,239,0
31.97,68.11,-0.064,-0.018,240,0
31.93,67.99,-0.118,-0.041,241,0
31.94,68.04,0.048,0.007,242,0
31.95,68.07,0.026,0.015,243,0
31.92,68.03,-0.039,-0.033,244,0
31.96,67.99,-0.04,0.037,245,0
31.98,68.03,0.046,0.019,246,0
31.99,67.89,-0.147,0.01,247,0
31.96,67.77,-0.117,-0.026,248,0
31.97,67.62,-0.152,0.01,249,0
31.96,67.39,-0.224,-0.006,250,0
31.92,67.26,-0.138,-0.045,251,0
31.92,67.03,-0.228,0.005,252,0
31.89,66.83,-0.201,-0.037,253,0
31.87,66.89,0.063,-0.016,254,0
31.9,66.89,-0.004,0.031,255,0
31.9,66.78,-0.11,0.003,256,0
31.9,66.58,-0.194,-0.001,257,0
31.93,66.52,-0.059,0.028,258,0
31.93,66.36,-0.165,0.002,259,0
31.93,66.29,-0.072,-0.001,260,0
31.97,66.24,-0.047,0.037,261,0
31.94,66.05,-0.19,-0.025,262,0
31.99,65.96,-0.088,0.048,263,0
31.99,65.95,-0.006,-0.007,264,0
31.98,65.9,-0.059,-0.009,265,0
31.93,65.85,-0.045,-0.045,266,0
31.9,65.71,-0.142,-0.03,267,0
31.91,65.73,0.017,0.007,268,0
31.93,65.72,-0.005,0.021,269,0
31.95,65.6,-0.124,0.024,270,0
31.98,65.55,-0.052,0.03,271,0
32.02,65.61,0.068,0.036,272,0
31.98,65.6,-0.017,-0.04,273,0
32.0,65.43,-0.168,0.021,274,0
31.98,65.47,0.037,-0.017,275,0
31.94,65.53,0.063,-0.047,276,0
31.94,65.37,-0.155,0.004,277,0
31.92,65.17,-0.203,-0.018,278,0
31.87,65.19,0.017,-0.049,279,0
31.91,65.0,-0.182,0.039,280,0
31.89,64.86,-0.148,-0.021,281,0
31.85,64.67,-0.188,-0.039,282,0
31.84,64.47,-0.202,-0.019,283,0
31.8,64.24,-0.222,-0.032,284,0
31.75,64.1,-0.145,-0.048,285,0
31.74,64.04,-0.061,-0.011,286,0
31.77,63.82,-0.213,0.024,287,0
31.81,63.74,-0.086,0.04,288,0
31.83,63.73,-0.007,0.026,289,0
31.81,63.54,-0.194,-0.025,290,0
31.83,63.47,-0.07,0.024,291,0
31.84,63.42,-0.042,0.003,292,0
31.86,63.48,0.055,0.022,293,0
31.85,63.51,0.028,-0.005,294,0
31.81,63.44,-0.066,-0.042,295,0
31.79,63.23,-0.208,-0.024,296,0
31.84,63.16,-0.077,0.048,297,0
31.87,63.16,0.005,0.033,298,0
31.91,63.12,-0.045,0.041,299,0
31.95,63.07,-0.044,0.043,300,0
31.96,63.01,-0.068,0.01,301,0
31.99,62.94,-0.07,0.029,302,0
32.04,62.78,-0.157,0.046,303,0
32.05,62.67,-0.113,0.011,304,0
32.09,62.57,-0.1,0.042,305,0
32.07,62.45,-0.117,-0.02,306,0
32.03,62.49,0.036,-0.042,307,0
32.0,62.36,-0.13,-0.025,308,0
32.02,62.22,-0.138,0.015,309,0
32.03,62.02,-0.198,0.01,310,0
32.05,62.0,-0.015,0.017,311,0
32.06,61.79,-0.214,0.018,312,0
32.05,61.7,-0.088,-0.015,313,0
32.03,61.68,-0.023,-0.013,314,0
32.02,61.66,-0.023,-0.016,315,0
31.98,61.45,-0.211,-0.043,316,0
31.93,61.42,-0.027,-0.045,317,0
31.93,61.44,0.018,0.003,318,0
31.96,61.44,-0.0,0.03,319,0
31.94,61.27,-0.169,-0.02,320,0
31.96,61.16,-0.108,0.02,321,0
31.96,60.97,-0.194,0.0,322,0
31.95,60.81,-0.154,-0.014,323,0
31.95,60.6,-0.215,-0.003,324,0
31.95,60.38,-0.217,0.008,325,0
31.93,60.34,-0.036,-0.021,326,0
31.93,60.15,-0.191,0.002,327,0
31.9,60.1,-0.058,-0.033,328,0
31.89,59.95,-0.144,-0.014,329,0
31.92,59.83,-0.119,0.035,330,0
31.95,59.84,0.004,0.023,331,0
31.94,59.77,-0.065,-0.008,332,0
31.89,59.69,-0.082,-0.046,333,0
31.87,59.69,0.005,-0.025,334,0
31.89,59.47,-0.227,0.028,335,0
31.89,59.33,-0.138,-0.009,336,0
31.91,59.21,-0.122,0.024,337,0
31.95,59.08,-0.13,0.038,338,0
31.98,59.02,-0.06,0.027,339,0
31.96,58.88,-0.139,-0.019,340,0
31.98,58.71,-0.165,0.027,341,0
31.93,58.72,0.01,-0.048,342,0
31.97,58.53,-0.192,0.034,343,0
32.0,58.41,-0.121,0.029,344,0
32.02,58.44,0.031,0.027,345,0
31.99,58.46,0.025,-0.033,346,0
32.01,58.36,-0.106,0.019,347,0
32.0,58.14,-0.215,-0.012,348,0
32.01,58.01,-0.131,0.01,349,0
31.96,57.85,-0.163,-0.046,350,0
31.98,57.83,-0.023,0.016,351,0
31.95,57.64,-0.184,-0.033,352,0
31.92,57.46,-0.179,-0.022,353,0
31.95,57.52,0.057,0.029,354,0
31.99,57.42,-0.103,0.037,355,0
31.99,57.39,-0.023,-0.004,356,0
32.01,57.28,-0.111,0.025,357,0
32.0,57.23,-0.048,-0.012,358,0
31.97,57.03,-0.201,-0.034,359,0
31.92,57.02,-0.019,-0.041,360,0
31.97,56.9,-0.12,0.046,361,0
32.02,56.81,-0.081,0.044,362,0
32.02,56.74,-0.072,0.0,363,0
31.97,56.63,-0.115,-0.045,364,0
32.02,56.62,-0.003,0.047,365,0
32.01,56.4,-0.227,-0.004,366,0
32.0,56.32,-0.077,-0.012,367,0
32.05,56.3,-0.018,0.048,368,0
32.09,56.11,-0.193,0.036,369,0
32.09,55.93,-0.18,0.008,370,0
32.09,55.98,0.051,-0.007,371,0
32.04,55.98,0.004,-0.05,372,0
32.03,55.99,0.009,-0.007,373,0
32.02,56.06,0.067,-0.01,374,0
31.99,55.91,-0.153,-0.035,375,0
31.94,55.92,0.012,-0.044,376,0
31.98,55.91,-0.013,0.041,377,0
31.98,55.69,-0.216,0.002,378,0
32.01,55.53,-0.163,0.025,379,0
31.98,55.44,-0.088,-0.028,380,0
31.99,55.31,-0.128,0.008,381,0
32.01,55.2,-0.116,0.024,382,0
32.02,54.98,-0.217,0.004,383,0
32.03,55.04,0.06,0.012,384,0
32.0,54.92,-0.121,-0.025,385,0
31.98,54.84,-0.077,-0.02,386,0
31.99,54.65,-0.195,0.005,387,0
31.99,54.64,-0.006,-0.001,388,0
31.97,54.67,0.032,-0.015,389,0
32.02,54.67,-0.006,0.044,390,0
32.03,54.45,-0.217,0.016,391,0
32.01,54.35,-0.103,-0.021,392,0
32.03,54.22,-0.121,0.014,393,0
31.99,54.09,-0.13,-0.037,394,0
32.03,53.92,-0.173,0.037,395,0
32.07,53.72,-0.198,0.043,396,0
32.09,53.54,-0.185,0.02,397,0
32.12,53.44,-0.097,0.026,398,0
32.14,53.39,-0.047,0.022,399,0
32.15,53.45,0.062,0.017,400,0
32.19,53.41,-0.045,0.03,401,0
32.18,53.2,-0.206,-0.007,402,0
32.2,53.2,0.0,0.025,403,0
32.18,53.04,-0.159,-0.022,404,0
32.2,53.01,-0.039,0.023,405,0
32.16,52.92,-0.085,-0.048,406,0
32.16,52.95,0.029,0.004,407,0
32.13,52.83,-0.118,-0.034,408,0
32.12,52.62,-0.21,-0.004,409,0
32.14,52.6,-0.017,0.014,410,0
32.17,52.39,-0.213,0.033,411,0
32.16,52.34,-0.05,-0.013,412,0
32.11,52.18,-0.158,-0.047,413,0
32.12,52.05,-0.133,0.012,414,0
32.13,51.83,-0.222,0.01,415,0
32.1,51.84,0.006,-0.028,416,0
32.1,51.82,-0.016,-0.001,417,0
32.11,51.63,-0.188,0.011,418,0
32.15,51.47,-0.163,0.034,419,0
32.1,51.5,0.033,-0.05,420,0
32.13,51.53,0.026,0.035,421,0
32.16,51.53,0.005,0.023,422,0
32.18,51.45,-0.077,0.02,423,0
32.17,51.34,-0.113,-0.004,424,0
32.21,51.2,-0.146,0.039,425,0
32.19,51.22,0.021,-0.017,426,0
32.17,51.04,-0.18,-0.026,427,0
32.21,51.08,0.043,0.044,428,0
32.2,50.93,-0.153,-0.008,429,0
32.17,50.94,0.016,-0.03,430,0
32.16,50.87,-0.071,-0.015,431,0
32.17,50.66,-0.212,0.009,432,0
32.19,50.49,-0.166,0.019,433,0
32.14,50.43,-0.066,-0.05,434,0
32.16,50.4,-0.026,0.024,435,0
32.18,50.41,0.008,0.016,436,0
32.19,50.25,-0.159,0.008,437,0
32.18,50.06,-0.188,-0.006,438,0
32.2,49.98,-0.081,0.015,439,0
32.22,50.01,0.031,0.022,440,0
32.22,50.02,0.01,0.006,441,0
32.23,49.92,-0.104,0.007,442,0
32.2,49.84,-0.077,-0.036,443,0
32.21,49.88,0.034,0.018,444,0
32.26,49.66,-0.213,0.048,445,0
32.27,49.53,-0.137,0.007,446,0
32.26,49.33,-0.192,-0.003,447,0
32.26,49.18,-0.149,-0.006,448,0
32.24,48.99,-0.19,-0.014,449,0
32.2,48.77,-0.221,-0.042,450,0
32.21,48.76,-0.013,0.009,451,0
32.2,48.75,-0.007,-0.013,452,0
32.17,48.6,-0.156,-0.024,453,0
32.21,48.64,0.04,0.032,454,0
32.21,48.6,-0.037,0.008,455,0
32.19,48.42,-0.183,-0.028,456,0
32.15,48.36,-0.061,-0.041,457,0
32.19,48.42,0.061,0.047,458,0
32.19,48.38,-0.034,-0.001,459,0
32.22,48.27,-0.114,0.03,460,0
32.23,48.32,0.051,0.005,461,0
32.23,48.38,0.063,0.0,462,0
32.18,48.31,-0.077,-0.046,463,0
32.22,48.25,-0.058,0.041,464,0
32.18,48.07,-0.181,-0.039,465,0
32.13,48.08,0.013,-0.05,466,0
32.17,47.92,-0.163,0.038,467,0
32.19,47.69,-0.227,0.018,468,0
32.18,47.58,-0.116,-0.008,469,0
32.22,47.38,-0.197,0.04,470,0
32.23,47.3,-0.079,0.012,471,0
32.24,47.27,-0.03,0.005,472,0
32.23,47.28,0.009,-0.003,473,0
32.18,47.16,-0.116,-0.05,474,0
32.16,46.96,-0.207,-0.022,475,0
32.19,46.84,-0.12,0.028,476,0
32.23,46.69,-0.145,0.041,477,0
32.24,46.53,-0.161,0.004,478,0
32.25,46.58,0.047,0.014,479,0
32.21,46.54,-0.039,-0.043,480,0
32.16,46.46,-0.079,-0.046,481,0
32.15,46.37,-0.087,-0.009,482,0
32.19,46.37,-0.006,0.034,483,0
32.15,46.33,-0.039,-0.032,484,0
32.19,46.19,-0.139,0.035,485,0
32.22,46.13,-0.055,0.032,486,0
32.17,46.14,0.005,-0.048,487,0
32.2,45.97,-0.172,0.026,488,0
32.23,45.74,-0.227,0.032,489,0
32.2,45.63,-0.11,-0.033,490,0
32.23,45.51,-0.121,0.03,491,0
32.27,45.56,0.051,0.044,492,0
32.27,45.5,-0.055,-0.007,493,0
32.22,45.3,-0.209,-0.049,494,0
32.21,45.27,-0.025,-0.008,495,0
32.22,45.33,0.06,0.016,496,0
32.18,45.23,-0.105,-0.042,497,0
32.2,45.0,-0.228,0.014,498,0
32.17,45.04,0.043,-0.021,499,0
32.13,44.84,-0.206,-0.042,500,0
32.18,44.86,0.021,0.048,501,0
32.16,44.69,-0.164,-0.023,502,0
32.16,44.7,0.011,0.003,503,0
32.17,44.5,-0.201,0.01,504,0
32.18,44.55,0.045,0.008,505,0
32.17,44.55,0.0,-0.004,506,0
32.12,44.47,-0.075,-0.05,507,0
32.15,44.47,0.0,0.025,508,0
32.15,44.37,-0.103,0.004,509,0
32.12,44.23,-0.143,-0.037,510,0
32.12,44.15,-0.071,0.006,511,0
32.09,44.11,-0.045,-0.035,512,0
32.11,44.06,-0.05,0.027,513,0
32.12,43.99,-0.073,0.003,514,0
32.12,43.92,-0.064,0.001,515,0
32.08,43.88,-0.041,-0.039,516,0
32.09,43.81,-0.073,0.017,517,0
32.12,43.77,-0.039,0.027,518,0
32.07,43.56,-0.21,-0.048,519,0
32.07,43.57,0.009,-0.008,520,0
32.1,43.45,-0.123,0.033,521,0
32.14,43.38,-0.061,0.038,522,0
32.14,43.16,-0.225,0.008,523,0
32.19,42.97,-0.194,0.043,524,0
32.22,42.77,-0.192,0.037,525,0
32.21,42.77,-0.002,-0.015,526,0
32.22,42.8,0.023,0.012,527,0
32.25,42.74,-0.058,0.032,528,0
32.2,42.56,-0.176,-0.05,529,0
32.21,42.62,0.062,0.004,530,0
32.25,42.39,-0.23,0.043,531,0
32.24,42.43,0.038,-0.014,532,0
32.19,42.24,-0.19,-0.044,533,0
32.17,42.15,-0.093,-0.018,534,0
32.22,42.01,-0.137,0.045,535,0
32.21,41.92,-0.093,-0.006,536,0
32.23,41.9,-0.02,0.016,537,0
32.21,41.71,-0.19,-0.022,538,0
32.24,41.66,-0.051,0.027,539,0
32.25,41.45,-0.203,0.016,540,0
32.26,41.47,0.019,0.004,541,0
32.26,41.32,-0.148,0.01,542,0
32.31,41.27,-0.054,0.043,543,0
32.27,41.17,-0.101,-0.034,544,0
32.32,40.98,-0.189,0.043,545,0
32.32,40.85,-0.131,0.008,546,0
32.35,40.75,-0.097,0.03,547,0
32.39,40.78,0.033,0.04,548,0
32.42,40.63,-0.152,0.022,549,0
32.38,40.48,-0.152,-0.038,550,0
32.36,40.5,0.015,-0.017,551,0
32.36,40.35,-0.144,-0.003,552,0
32.34,40.37,0.019,-0.019,553,0
32.3,40.37,0.002,-0.039,554,0
32.26,40.39,0.022,-0.037,555,0
32.25,40.42,0.022,-0.015,556,0
32.27,40.43,0.018,0.02,557,0
32.29,40.21,-0.226,0.022,558,0
32.28,40.0,-0.213,-0.011,559,0
32.32,40.04,0.046,0.039,560,0
32.36,39.93,-0.109,0.044,561,0
32.33,39.84,-0.094,-0.03,562,0
32.37,39.65,-0.191,0.034,563,0
32.33,39.56,-0.091,-0.033,564,0
32.34,39.37,-0.183,0.005,565,0
32.36,39.24,-0.133,0.021,566,0
32.31,39.25,0.005,-0.051,567,0
32.31,39.04,-0.205,0.001,568,0
32.34,39.09,0.052,0.03,569,0
32.36,38.92,-0.177,0.018,570,0
32.33,38.9,-0.017,-0.027,571,0
32.32,38.71,-0.191,-0.009,572,0
32.36,38.59,-0.115,0.042,573,0
32.39,38.64,0.046,0.028,574,0
32.39,38.52,-0.12,-0.003,575,0
32.37,38.31,-0.214,-0.016,576,0
32.39,38.24,-0.063,0.019,577,0
32.35,38.3,0.053,-0.042,578,0
32.39,38.24,-0.059,0.046,579,0
32.43,38.19,-0.049,0.033,580,0
32.39,38.22,0.034,-0.04,581,0
32.34,38.24,0.013,-0.043,582,0
32.3,38.06,-0.176,-0.043,583,0
32.32,38.09,0.032,0.023,584,0
32.36,37.93,-0.163,0.03,585,0
32.31,37.94,0.007,-0.046,586,0
32.28,37.87,-0.061,-0.031,587,0
32.23,37.65,-0.222,-0.044,588,0
32.21,37.55,-0.103,-0.02,589,0
32.26,37.32,-0.227,0.044,590,0
32.28,37.17,-0.155,0.019,591,0
32.23,37.23,0.065,-0.043,592,0
32.26,37.15,-0.08,0.027,593,0
32.24,37.09,-0.063,-0.019,594,0
32.27,36.95,-0.144,0.03,595,0
32.28,36.76,-0.189,0.006,596,0
32.29,36.67,-0.091,0.008,597,0
32.32,36.61,-0.06,0.035,598,0
32.28,36.5,-0.108,-0.038,599,0
31.57,89.54,0.062,0.028,0,0
31.53,89.47,-0.072,-0.038,1,0
31.56,89.39,-0.084,0.029,2,0
31.52,89.4,0.017,-0.043,3,0
31.54,89.45,0.045,0.021,4,0
31.51,89.24,-0.205,-0.026,5,0
31.5,89.03,-0.212,-0.017,6,0
31.51,88.97,-0.058,0.009,7,0
31.47,88.81,-0.159,-0.033,8,0
31.45,88.73,-0.085,-0.022,9,0
31.48,88.79,0.065,0.027,10,0
31.47,88.79,-0.007,-0.008,11,0
31.51,88.72,-0.069,0.036,12,0
31.54,88.56,-0.153,0.035,13,0
31.54,88.38,-0.181,0.001,14,0
31.52,88.28,-0.104,-0.024,15,0
31.47,88.22,-0.062,-0.048,16,0
31.44,88.12,-0.097,-0.032,17,0
31.48,88.06,-0.062,0.047,18,0
31.52,88.13,0.073,0.037,19,0
31.52,88.18,0.053,-0.001,20,0
31.57,88.12,-0.062,0.045,21,0
31.54,87.99,-0.131,-0.029,22,0
31.56,88.04,0.05,0.028,23,0
31.6,88.0,-0.037,0.033,24,0
31.56,87.9,-0.104,-0.038,25,0
31.54,87.69,-0.212,-0.018,26,0
31.53,87.6,-0.092,-0.007,27,0
31.49,87.45,-0.143,-0.047,28,0
31.5,87.34,-0.118,0.01,29,0
31.48,87.22,-0.12,-0.015,30,0
31.45,87.11,-0.107,-0.031,31,0
31.48,86.94,-0.171,0.031,32,0
31.48,86.89,-0.048,0.002,33,0
31.51,86.76,-0.126,0.025,34,0
31.51,86.57,-0.194,-0.002,35,0
31.53,86.55,-0.016,0.021,36,0
31.54,86.53,-0.026,0.008,37,0
31.49,86.57,0.041,-0.042,38,0
31.45,86.37,-0.201,-0.042,39,0
31.5,86.38,0.008,0.042,40,0
31.54,86.18,-0.198,0.047,41,0
31.52,85.96,-0.22,-0.019,42,0
31.57,85.82,-0.137,0.043,43,0
31.52,85.8,-0.021,-0.046,44,0
31.48,85.78,-0.015,-0.035,45,0
31.5,85.57,-0.219,0.02,46,0
31.48,85.45,-0.115,-0.028,47,0
31.52,85.47,0.019,0.041,48,0
31.47,85.45,-0.016,-0.043,49,0
31.42,85.28,-0.173,-0.052,50,0
31.38,85.08,-0.201,-0.038,51,0
31.36,84.98,-0.095,-0.02,52,0
31.37,85.0,0.012,0.005,53,0
31.32,85.03,0.036,-0.046,54,0
31.31,84.85,-0.179,-0.01,55,0
31.35,84.87,0.018,0.04,56,0
31.31,84.67,-0.202,-0.041,57,0
31.33,84.51,-0.162,0.02,58,0
31.37,84.34,-0.171,0.036,59,0
31.38,84.4,0.064,0.014,60,0
31.36,84.38,-0.02,-0.026,61,0
31.37,84.34,-0.036,0.01,62,0
31.34,84.13,-0.216,-0.023,63,0
31.34,84.19,0.061,-0.003,64,0
31.36,84.19,0.004,0.019,65,0
31.35,84.22,0.027,-0.005,66,0
31.4,84.16,-0.061,0.041,67,0
31.4,84.15,-0.013,0.007,68,0
31.35,84.03,-0.116,-0.049,69,0
31.38,83.87,-0.157,0.023,70,0
31.33,83.67,-0.206,-0.051,71,0
31.37,83.56,-0.108,0.044,72,0
31.42,83.52,-0.039,0.045,73,0
31.37,83.53,0.006,-0.051,74,0
31.37,83.51,-0.019,0.006,75,0
31.35,83.28,-0.225,-0.017,76,0
31.39,83.34,0.055,0.036,77,0
31.39,83.24,-0.097,-0.001,78,0
31.41,83.22,-0.016,0.024,79,0
31.42,83.02,-0.207,0.003,80,0
31.46,82.98,-0.038,0.039,81,0
31.5,83.04,0.061,0.047,82,0
31.51,82.91,-0.125,0.01,83,0
31.56,82.96,0.042,0.044,84,0
31.58,82.84,-0.118,0.024,85,0
31.57,82.68,-0.153,-0.014,86,0
31.53,82.63,-0.056,-0.037,87,0
31.49,82.51,-0.118,-0.045,88,0
31.53,82.3,-0.208,0.045,89,0
31.54,82.25,-0.055,0.006,90,0
31.52,82.22,-0.033,-0.012,91,0
31.56,82.12,-0.097,0.04,92,0
31.52,82.14,0.021,-0.046,93,0
31.54,82.08,-0.062,0.02,94,0
31.49,81.99,-0.083,-0.047,95,0
31.46,81.98,-0.017,-0.028,96,0
31.44,81.89,-0.082,-0.025,97,0
31.46,81.87,-0.022,0.02,98,0
31.47,81.93,0.061,0.014,99,0
31.45,81.88,-0.055,-0.023,100,0
31.49,81.83,-0.052,0.045,101,0
31.46,81.71,-0.113,-0.029,102,0
31.46,81.49,-0.225,-0.003,103,0
31.5,81.38,-0.113,0.033,104,0
31.48,81.2,-0.179,-0.019,105,0
31.49,81.04,-0.161,0.012,106,0
31.44,81.06,0.023,-0.044,107,0
31.43,80.9,-0.162,-0.014,108,0
31.47,80.75,-0.149,0.038,109,0
31.43,80.58,-0.171,-0.041,110,0
31.39,80.51,-0.065,-0.033,111,0
31.36,80.3,-0.208,-0.033,112,0
31.38,80.36,0.058,0.019,113,0
31.41,80.18,-0.181,0.027,114,0
31.44,80.05,-0.134,0.034,115,0
31.46,79.84,-0.205,0.022,116,0
31.41,79.63,-0.216,-0.048,117,0
31.4,79.67,0.043,-0.01,118,0
31.39,79.65,-0.023,-0.016,119,0
31.41,79.42,-0.224,0.025,120,0
31.45,79.36,-0.064,0.04,121,0
31.43,79.29,-0.073,-0.027,122,0
31.46,79.1,-0.181,0.039,123,0
31.45,78.91,-0.199,-0.012,124,0
31.41,78.75,-0.16,-0.038,125,0
31.39,78.8,0.052,-0.024,126,0
31.43,78.78,-0.022,0.044,127,0
31.43,78.83,0.051,-0.006,128,0
31.48,78.83,0.0,0.048,129,0
31.52,78.77,-0.059,0.046,130,0
31.56,78.68,-0.091,0.034,131,0
31.51,78.71,0.032,-0.043,132,0
31.52,78.66,-0.048,0.008,133,0
31.49,78.56,-0.099,-0.035,134,0
31.53,78.35,-0.212,0.044,135,0
31.54,78.2,-0.154,0.015,136,0
31.57,78.24,0.039,0.028,137,0
31.54,78.27,0.039,-0.038,138,0
31.54,78.16,-0.115,0.0,139,0
31.53,77.96,-0.203,-0.006,140,0
31.48,77.87,-0.087,-0.049,141,0
31.43,77.82,-0.047,-0.052,142,0
31.39,77.73,-0.092,-0.043,143,0
31.35,77.61,-0.123,-0.036,144,0
31.35,77.6,-0.012,0.003,145,0
31.35,77.42,-0.172,-0.009,146,0
31.3,77.49,0.061,-0.042,147,0
31.32,77.5,0.013,0.021,148,0
31.31,77.32,-0.175,-0.016,149,0
31.33,77.37,0.047,0.027,150,0
31.37,77.3,-0.069,0.039,151,0
31.39,77.29,-0.009,0.017,152,0
31.38,77.24,-0.056,-0.008,153,0
31.38,77.24,0.006,-0.001,154,0
31.37,77.08,-0.163,-0.015,155,0
31.32,77.02,-0.061,-0.044,156,0
31.3,76.97,-0.049,-0.02,157,0
31.32,76.97,-0.001,0.017,158,0
31.34,76.88,-0.085,0.019,159,0
31.34,76.69,-0.198,0.004,160,0
31.3,76.47,-0.213,-0.047,161,0
31.28,76.54,0.072,-0.018,162,0
31.28,76.39,-0.155,0.002,163,0
31.29,76.41,0.017,0.009,164,0
31.29,76.24,-0.161,0.003,165,0
31.33,76.13,-0.113,0.043,166,0
31.34,76.06,-0.073,0.006,167,0
31.37,76.1,0.044,0.029,168,0
31.41,75.96,-0.143,0.044,169,0
31.37,75.83,-0.133,-0.046,170,0
31.37,75.63,-0.197,-0.0,171,0
31.39,75.45,-0.176,0.024,172,0
31.34,75.28,-0.177,-0.046,173,0
31.35,75.22,-0.061,0.01,174,0
31.36,75.15,-0.065,0.011,175,0
31.34,75.18,0.026,-0.029,176,0
31.3,75.15,-0.027,-0.036,177,0
31.28,75.0,-0.15,-0.024,178,0
31.25,74.92,-0.08,-0.024,179,0
31.21,74.76,-0.163,-0.039,180,0
31.21,74.76,-0.001,0.001,181,0
31.2,74.56,-0.193,-0.01,182,0
31.19,74.62,0.06,-0.016,183,0
31.16,74.58,-0.045,-0.032,184,0
31.12,74.35,-0.223,-0.039,185,0
31.07,74.32,-0.038,-0.05,186,0
31.04,74.1,-0.215,-0.031,187,0
31.08,73.89,-0.211,0.042,188,0
31.05,73.87,-0.017,-0.03,189,0
31.07,73.69,-0.187,0.02,190,0
31.1,73.61,-0.077,0.033,191,0
31.14,73.42,-0.188,0.036,192,0
31.16,73.27,-0.153,0.02,193,0
31.18,73.06,-0.214,0.026,194,0
31.14,72.87,-0.187,-0.042,195,0
31.09,72.74,-0.125,-0.047,196,0
31.06,72.59,-0.15,-0.032,197,0
31.09,72.57,-0.021,0.031,198,0
31.12,72.45,-0.123,0.028,199,0
31.15,72.29,-0.157,0.031,200,0
31.14,72.2,-0.089,-0.016,201,0
31.09,72.25,0.045,-0.042,202,0
31.05,72.18,-0.065,-0.039,203,0
31.01,71.98,-0.205,-0.049,204,0
31.01,71.8,-0.177,0.008,205,0
31.05,71.7,-0.101,0.037,206,0
31.07,71.68,-0.02,0.022,207,0
31.06,71.6,-0.085,-0.014,208,0
31.09,71.55,-0.044,0.034,209,0
31.12,71.37,-0.178,0.023,210,0
31.08,71.31,-0.067,-0.04,211,0
31.05,71.32,0.01,-0.025,212,0
31.07,71.34,0.027,0.022,213,0
31.03,71.36,0.02,-0.045,214,0
30.99,71.25,-0.11,-0.036,215,0
31.02,71.2,-0.056,0.028,216,0
30.98,71.03,-0.165,-0.04,217,0
30.98,70.95,-0.08,-0.002,218,0
30.98,70.84,-0.116,0.004,219,0
31.02,70.72,-0.115,0.032,220,0
31.05,70.75,0.026,0.039,221,0
31.08,70.66,-0.088,0.024,222,0
31.07,70.7,0.041,-0.013,223,0
31.11,70.69,-0.016,0.041,224,0
31.11,70.49,-0.201,-0.001,225,0
31.09,70.38,-0.108,-0.016,226,0
31.07,70.24,-0.135,-0.023,227,0
31.04,70.25,0.003,-0.026,228,0
31.03,70.22,-0.029,-0.008,229,0
31.08,70.12,-0.097,0.046,230,0
31.09,70.1,-0.021,0.009,231,0
31.06,69.93,-0.169,-0.029,232,0
31.01,69.83,-0.101,-0.051,233,0
30.99,69.8,-0.032,-0.014,234,0
30.96,69.71,-0.09,-0.039,235,0
30.92,69.53,-0.175,-0.038,236,0
30.88,69.57,0.039,-0.04,237,0
30.84,69.43,-0.137,-0.037,238,0
30.83,69.27,-0.161,-0.011,239,0
30.86,69.09,-0.185,0.031,240,0
30.87,68.97,-0.123,0.014,241,0
30.85,68.95,-0.017,-0.025,242,0
30.87,68.77,-0.181,0.016,243,0
30.88,68.8,0.029,0.012,244,0
30.88,68.86,0.061,0.002,245,0
30.93,68.78,-0.078,0.047,246,0
30.94,68.84,0.059,0.01,247,0
30.98,68.83,-0.004,0.041,248,0
30.95,68.65,-0.182,-0.028,249,0
30.98,68.52,-0.133,0.03,250,0
30.99,68.32,-0.201,0.008,251,0
30.96,68.3,-0.021,-0.025,252,0
30.94,68.13,-0.166,-0.018,253,0
30.91,67.98,-0.154,-0.038,254,0
30.95,68.04,0.064,0.047,255,0
31.0,68.1,0.058,0.046,256,0
30.98,67.93,-0.17,-0.015,257,0
30.99,67.72,-0.209,0.001,258,0
30.96,67.56,-0.158,-0.026,259,0
30.99,67.4,-0.165,0.03,260,0
30.96,67.41,0.017,-0.028,261,0
30.99,67.21,-0.202,0.032,262,0
31.0,67.24,0.029,0.001,263,0
30.98,67.14,-0.104,-0.014,264,0
30.97,67.13,-0.01,-0.015,265,0
30.99,67.04,-0.086,0.021,266,0
30.99,67.09,0.049,0.005,267,0
30.97,66.94,-0.145,-0.019,268,0
30.98,66.85,-0.09,0.007,269,0
31.01,66.9,0.043,0.028,270,0
31.03,66.75,-0.145,0.025,271,0
31.05,66.8,0.044,0.012,272,0
31.03,66.85,0.058,-0.016,273,0
31.02,66.7,-0.154,-0.015,274,0
31.05,66.62,-0.084,0.034,275,0
31.09,66.51,-0.108,0.041,276,0
31.09,66.46,-0.048,-0.001,277,0
31.04,66.52,0.063,-0.045,278,0
31.02,66.36,-0.163,-0.024,279,0
31.0,66.16,-0.202,-0.017,280,0
31.0,66.04,-0.115,0.002,281,0
31.01,66.09,0.047,0.006,282,0
31.05,66.14,0.052,0.042,283,0
31.03,66.19,0.049,-0.021,284,0
31.01,65.99,-0.2,-0.018,285,0
31.02,65.99,0.002,0.008,286,0
31.06,65.86,-0.129,0.042,287,0
31.05,65.81,-0.053,-0.012,288,0
31.02,65.84,0.027,-0.034,289,0
30.99,65.87,0.03,-0.028,290,0
31.04,65.78,-0.09,0.046,291,0
31.02,65.59,-0.185,-0.015,292,0
31.07,65.58,-0.011,0.047,293,0
31.06,65.43,-0.146,-0.013,294,0
31.03,65.49,0.054,-0.023,295,0
31.08,65.56,0.073,0.044,296,0
31.08,65.53,-0.031,0.007,297,0
31.12,65.38,-0.152,0.038,298,0
31.15,65.44,0.056,0.03,299,0
31.13,65.3,-0.136,-0.02,300,0
31.15,65.17,-0.133,0.02,301,0
31.16,64.96,-0.209,0.005,302,0
31.18,64.8,-0.16,0.025,303,0
31.22,64.64,-0.158,0.044,304,0
31.17,64.62,-0.022,-0.05,305,0
31.19,64.55,-0.066,0.017,306,0
31.23,64.36,-0.189,0.042,307,0
31.27,64.38,0.021,0.04,308,0
31.23,64.2,-0.183,-0.04,309,0
31.24,64.08,-0.115,0.003,310,0
31.28,63.89,-0.198,0.042,311,0
31.24,63.74,-0.142,-0.036,312,0
31.29,63.63,-0.117,0.045,313,0
31.33,63.49,-0.142,0.038,314,0
31.37,63.39,-0.096,0.039,315,0
31.34,63.4,0.013,-0.026,316,0
31.35,63.43,0.027,0.013,317,0
31.31,63.41,-0.022,-0.047,318,0
31.32,63.33,-0.077,0.013,319,0
31.33,63.15,-0.177,0.013,320,0
31.28,63.17,0.019,-0.049,321,0
31.31,63.11,-0.067,0.028,322,0
31.34,63.14,0.037,0.03,323,0
31.33,62.98,-0.159,-0.007,324,0
31.34,62.89,-0.09,0.006,325,0
31.32,62.79,-0.106,-0.019,326,0
31.31,62.62,-0.169,-0.005,327,0
31.35,62.42,-0.193,0.039,328,0
31.31,62.39,-0.032,-0.047,329,0
31.33,62.4,0.003,0.018,330,0
31.36,62.41,0.019,0.03,331,0
31.31,62.47,0.054,-0.045,332,0
31.29,62.52,0.052,-0.015,333,0
31.31,62.49,-0.031,0.014,334,0
31.26,62.28,-0.212,-0.049,335,0
31.29,62.1,-0.18,0.034,336,0
31.25,61.92,-0.173,-0.039,337,0
31.23,61.79,-0.133,-0.02,338,0
31.28,61.76,-0.027,0.043,339,0
31.23,61.57,-0.19,-0.049,340,0
31.27,61.44,-0.136,0.045,341,0
31.23,61.42,-0.018,-0.039,342,0
31.26,61.47,0.05,0.025,343,0
31.27,61.4,-0.067,0.011,344,0
31.32,61.2,-0.2,0.048,345,0
31.29,61.25,0.047,-0.032,346,0
31.3,61.08,-0.167,0.011,347,0
31.26,60.96,-0.121,-0.036,348,0
31.23,60.97,0.007,-0.034,349,0
31.23,60.96,-0.01,0.008,350,0
31.25,60.79,-0.17,0.021,351,0
31.28,60.82,0.031,0.027,352,0
31.3,60.7,-0.123,0.02,353,0
31.29,60.76,0.064,-0.017,354,0
31.3,60.8,0.042,0.014,355,0
31.27,60.64,-0.162,-0.028,356,0
31.28,60.47,-0.175,0.012,357,0
31.28,60.47,0.005,-0.007,358,0
31.24,60.45,-0.016,-0.033,359,0
31.25,60.39,-0.069,0.009,360,0
31.24,60.16,-0.226,-0.015,361,0
31.25,60.08,-0.084,0.018,362,0
31.29,60.12,0.042,0.031,363,0
31.26,60.13,0.009,-0.029,364,0
31.25,59.97,-0.158,-0.009,365,0
31.29,59.9,-0.074,0.045,366,0
31.25,59.81,-0.085,-0.043,367,0
31.3,59.6,-0.211,0.046,368,0
31.26,59.39,-0.212,-0.033,369,0
31.29,59.34,-0.044,0.027,370,0
31.29,59.15,-0.19,-0.001,371,0
31.32,58.97,-0.178,0.034,372,0
31.28,58.86,-0.112,-0.042,373,0
31.25,58.78,-0.079,-0.036,374,0
31.26,58.59,-0.196,0.013,375,0
31.3,58.65,0.06,0.046,376,0
31.35,58.49,-0.159,0.045,377,0
31.36,58.47,-0.023,0.011,378,0
31.32,58.29,-0.171,-0.043,379,0
31.33,58.33,0.032,0.015,380,0
31.32,58.35,0.027,-0.008,381,0
31.3,58.34,-0.014,-0.026,382,0
31.32,58.37,0.032,0.026,383,0
31.31,58.29,-0.082,-0.019,384,0
31.27,58.29,0.0,-0.039,385,0
31.31,58.13,-0.163,0.045,386,0
31.33,57.97,-0.161,0.017,387,0
31.37,57.79,-0.18,0.043,388,0
31.37,57.83,0.05,-0.001,389,0
31.4,57.8,-0.036,0.024,390,0
31.44,57.66,-0.138,0.048,391,0
31.49,57.54,-0.122,0.047,392,0
31.5,57.57,0.031,0.005,393,0
31.51,57.56,-0.011,0.015,394,0
31.54,57.54,-0.02,0.034,395,0
31.59,57.37,-0.172,0.044,396,0
31.57,57.26,-0.104,-0.014,397,0
31.58,57.28,0.02,0.01,398,0
31.55,57.35,0.072,-0.031,399,0
31.59,57.33,-0.029,0.038,400,0
31.63,57.17,-0.153,0.038,401,0
31.63,57.18,0.011,-0.004,402,0
31.58,57.2,0.014,-0.045,403,0
31.58,57.17,-0.032,0.001,404,0
31.6,57.02,-0.144,0.017,405,0
31.56,56.94,-0.078,-0.041,406,0
31.56,56.79,-0.155,-0.003,407,0
31.59,56.66,-0.131,0.034,408,0
31.61,56.72,0.059,0.025,409,0
31.6,56.69,-0.03,-0.019,410,0
31.61,56.46,-0.222,0.014,411,0
31.6,56.3,-0.16,-0.013,412,0
31.55,56.2,-0.106,-0.046,413,0
31.57,56.21,0.009,0.015,414,0
31.6,56.05,-0.157,0.031,415,0
31.58,55.97,-0.084,-0.015,416,0
31.6,55.76,-0.207,0.021,417,0
31.56,55.77,0.011,-0.047,418,0
31.56,55.64,-0.13,0.005,419,0
31.6,55.65,0.014,0.042,420,0
31.59,55.63,-0.028,-0.015,421,0
31.61,55.53,-0.098,0.02,422,0
31.61,55.32,-0.204,0.005,423,0
31.6,55.37,0.05,-0.018,424,0
31.54,55.28,-0.097,-0.05,425,0
31.5,55.33,0.054,-0.043,426,0
31.51,55.32,-0.01,0.008,427,0
31.49,55.16,-0.163,-0.02,428,0
31.47,55.1,-0.062,-0.016,429,0
31.47,54.93,-0.171,-0.004,430,0
31.43,54.7,-0.226,-0.038,431,0
31.42,54.55,-0.15,-0.008,432,0
31.37,54.37,-0.178,-0.05,433,0
31.39,54.33,-0.039,0.013,434,0
31.41,54.13,-0.197,0.021,435,0
31.39,53.94,-0.199,-0.021,436,0
31.39,53.99,0.056,0.005,437,0
31.38,53.99,-0.0,-0.009,438,0
31.37,54.05,0.058,-0.011,439,0
31.39,53.98,-0.066,0.013,440,0
31.39,53.88,-0.104,0.005,441,0
31.36,53.81,-0.069,-0.03,442,0
31.36,53.63,-0.176,-0.003,443,0
31.31,53.55,-0.081,-0.044,444,0
31.34,53.51,-0.045,0.025,445,0
31.35,53.32,-0.186,0.013,446,0
31.3,53.3,-0.023,-0.049,447,0
31.32,53.36,0.062,0.018,448,0
31.32,53.42,0.063,0.002,449,0
31.33,53.34,-0.083,0.003,450,0
31.36,53.22,-0.12,0.032,451,0
31.4,53.27,0.055,0.042,452,0
31.44,53.25,-0.02,0.038,453,0
31.42,53.24,-0.016,-0.021,454,0
31.38,53.05,-0.191,-0.043,455,0
31.36,53.05,0.005,-0.019,456,0
31.4,52.88,-0.169,0.044,457,0
31.43,52.86,-0.024,0.027,458,0
31.39,52.82,-0.035,-0.034,459,0
31.35,52.63,-0.189,-0.047,460,0
31.3,52.44,-0.19,-0.045,461,0
31.33,52.47,0.027,0.026,462,0
31.31,52.39,-0.08,-0.014,463,0
31.32,52.46,0.072,0.005,464,0
31.36,52.37,-0.089,0.04,465,0
31.38,52.29,-0.082,0.019,466,0
31.37,52.07,-0.226,-0.01,467,0
31.36,52.01,-0.058,-0.012,468,0
31.37,51.87,-0.133,0.015,469,0
31.36,51.78,-0.095,-0.012,470,0
31.37,51.73,-0.054,0.008,471,0
31.4,51.78,0.051,0.037,472,0
31.43,51.58,-0.199,0.03,473,0
31.42,51.47,-0.11,-0.017,474,0
31.37,51.45,-0.019,-0.048,475,0
31.32,51.48,0.031,-0.048,476,0
31.3,51.38,-0.104,-0.016,477,0
31.3,51.36,-0.016,-0.005,478,0
31.32,51.14,-0.215,0.022,479,0
31.33,51.21,0.067,0.005,480,0
31.37,51.17,-0.041,0.045,481,0
31.33,51.08,-0.094,-0.041,482,0
31.34,51.04,-0.035,0.013,483,0
31.36,50.86,-0.185,0.018,484,0
31.33,50.7,-0.159,-0.031,485,0
31.34,50.68,-0.018,0.008,486,0
31.3,50.67,-0.01,-0.034,487,0
31.27,50.55,-0.121,-0.036,488,0
31.26,50.37,-0.178,-0.01,489,0
31.24,50.21,-0.164,-0.022,490,0
31.27,50.28,0.07,0.034,491,0
31.31,50.24,-0.042,0.04,492,0
31.31,50.2,-0.04,0.004,493,0
31.3,50.14,-0.055,-0.018,494,0
31.34,50.03,-0.108,0.041,495,0
31.33,49.93,-0.102,-0.008,496,0
31.31,49.79,-0.136,-0.019,497,0
31.35,49.65,-0.147,0.038,498,0
31.37,49.7,0.051,0.023,499,0
31.34,49.56,-0.134,-0.026,500,0
31.38,49.36,-0.204,0.038,501,0
31.37,49.32,-0.042,-0.012,502,0
31.38,49.37,0.052,0.007,503,0
31.35,49.37,-0.0,-0.027,504,0
31.38,49.36,-0.014,0.034,505,0
31.38,49.21,-0.143,-0.007,506,0
31.41,49.05,-0.158,0.036,507,0
31.39,49.09,0.037,-0.025,508,0
31.4,49.02,-0.068,0.016,509,0
31.41,48.99,-0.029,0.004,510,0
31.36,48.81,-0.182,-0.047,511,0
31.35,48.69,-0.128,-0.01,512,0
31.35,48.64,-0.044,-0.004,513,0
31.39,48.7,0.055,0.047,514,0
31.4,48.67,-0.025,0.002,515,0
31.4,48.68,0.005,0.001,516,0
31.37,48.71,0.031,-0.025,517,0
31.33,48.56,-0.151,-0.041,518,0
31.37,48.33,-0.224,0.038,519,0
31.33,48.28,-0.055,-0.039,520,0
31.29,48.26,-0.019,-0.04,521,0
31.24,48.18,-0.082,-0.047,522,0
31.28,48.05,-0.128,0.038,523,0
31.25,47.98,-0.07,-0.032,524,0
31.27,47.94,-0.037,0.027,525,0
31.27,47.83,-0.115,-0.004,526,0
31.3,47.78,-0.05,0.034,527,0
31.28,47.59,-0.188,-0.027,528,0
31.25,47.38,-0.213,-0.024,529,0
31.23,47.28,-0.096,-0.021,530,0
31.19,47.33,0.053,-0.037,531,0
31.2,47.29,-0.043,0.005,532,0
31.16,47.31,0.021,-0.038,533,0
31.15,47.31,-0.005,-0.016,534,0
31.11,47.12,-0.185,-0.04,535,0
31.1,47.11,-0.006,-0.006,536,0
31.13,47.15,0.032,0.035,537,0
31.14,47.08,-0.067,0.008,538,0
31.15,46.91,-0.169,0.007,539,0
31.18,46.87,-0.038,0.032,540,0
31.18,46.94,0.063,0.004,541,0
31.21,46.84,-0.097,0.029,542,0
31.22,46.89,0.051,0.009,543,0
31.2,46.95,0.057,-0.026,544,0
31.18,46.83,-0.118,-0.022,545,0
31.16,46.68,-0.148,-0.019,546,0
31.11,46.57,-0.11,-0.043,547,0
31.12,46.41,-0.159,0.002,548,0
31.15,46.3,-0.115,0.037,549,0
31.12,46.16,-0.137,-0.033,550,0
31.08,46.18,0.023,-0.036,551,0
31.04,46.16,-0.025,-0.038,552,0
31.01,46.19,0.031,-0.032,553,0
30.98,46.1,-0.089,-0.033,554,0
30.99,46.0,-0.104,0.014,555,0
30.96,45.78,-0.22,-0.029,556,0
30.97,45.69,-0.091,0.006,557,0
30.99,45.61,-0.075,0.018,558,0
30.98,45.63,0.014,-0.012,559,0
31.01,45.65,0.021,0.031,560,0
31.03,45.43,-0.216,0.027,561,0
31.05,45.5,0.071,0.013,562,0
31.09,45.49,-0.013,0.038,563,0
31.06,45.43,-0.055,-0.024,564,0
31.11,45.43,0.0,0.044,565,0
31.14,45.25,-0.18,0.029,566,0
31.15,45.05,-0.199,0.015,567,0
31.19,44.97,-0.08,0.037,568,0
31.16,44.77,-0.207,-0.025,569,0
31.14,44.84,0.072,-0.022,570,0
31.09,44.87,0.026,-0.046,571,0
31.12,44.71,-0.157,0.028,572,0
31.17,44.73,0.024,0.043,573,0
31.19,44.56,-0.177,0.03,574,0
31.17,44.51,-0.043,-0.024,575,0
31.14,44.4,-0.109,-0.034,576,0
31.16,44.4,-0.0,0.021,577,0
31.18,44.4,0.0,0.024,578,0
31.14,44.24,-0.166,-0.038,579,0
31.16,44.31,0.072,0.011,580,0
31.12,44.15,-0.156,-0.038,581,0
31.11,43.97,-0.186,-0.012,582,0
31.08,44.04,0.071,-0.03,583,0
31.05,44.08,0.037,-0.029,584,0
31.02,43.92,-0.16,-0.026,585,0
30.98,43.83,-0.085,-0.045,586,0
30.99,43.81,-0.018,0.015,587,0
30.98,43.72,-0.098,-0.006,588,0
30.93,43.77,0.054,-0.051,589,0
30.9,43.8,0.031,-0.038,590,0
30.91,43.72,-0.082,0.009,591,0
30.89,43.72,-0.001,-0.02,592,0
30.84,43.76,0.044,-0.046,593,0
30.82,43.62,-0.143,-0.015,594,0
30.87,43.41,-0.209,0.042,595,0
30.84,43.24,-0.174,-0.029,596,0
30.86,43.18,-0.051,0.025,597,0
30.83,43.2,0.019,-0.035,598,0
30.8,42.99,-0.217,-0.025,599,0
35.54,87.61,0.101,0.031,0,0
35.57,87.67,0.06,0.031,1,0
35.52,87.76,0.092,-0.048,2,0
35.49,87.72,-0.047,-0.033,3,0
35.52,87.58,-0.134,0.031,4,0
35.56,87.49,-0.095,0.039,5,0
35.59,87.32,-0.165,0.032,6,0
35.63,87.36,0.034,0.042,7,0
35.67,87.25,-0.105,0.039,8,0
35.7,87.21,-0.044,0.028,9,0
35.74,87.05,-0.152,0.043,10,0
35.76,87.06,0.01,0.02,11,0
35.74,86.98,-0.086,-0.023,12,0
35.77,86.83,-0.151,0.029,13,0
35.81,86.82,-0.003,0.037,14,0
35.76,86.92,0.095,-0.044,15,0
35.77,86.84,-0.075,0.005,16,0
35.81,86.82,-0.022,0.043,17,0
35.83,86.69,-0.137,0.019,18,0
35.81,86.69,0.006,-0.015,19,0
35.77,86.77,0.079,-0.043,20,0
35.78,86.63,-0.136,0.011,21,0
35.79,86.69,0.058,0.009,22,0
35.78,86.72,0.024,-0.011,23,0
35.76,86.76,0.045,-0.021,24,0
35.76,86.65,-0.106,0.002,25,0
35.81,86.69,0.039,0.046,26,0
35.82,86.66,-0.037,0.014,27,0
35.85,86.61,-0.047,0.028,28,0
35.82,86.45,-0.16,-0.031,29,0
35.78,86.31,-0.144,-0.041,30,0
35.78,86.14,-0.169,0.004,31,0
35.73,86.24,0.107,-0.045,32,0
35.78,86.27,0.026,0.049,33,0
35.81,86.25,-0.017,0.032,34,0
35.77,86.29,0.04,-0.044,35,0
35.82,86.38,0.092,0.048,36,0
35.86,86.22,-0.161,0.036,37,0
35.85,86.3,0.076,-0.001,38,0
35.89,86.33,0.025,0.031,39,0
35.9,86.42,0.097,0.011,40,0
35.91,86.35,-0.077,0.01,41,0
35.88,86.35,0.003,-0.024,42,0
35.89,86.27,-0.076,0.011,43,0
35.93,86.31,0.038,0.041,44,0
35.89,86.16,-0.15,-0.039,45,0
35.93,86.03,-0.13,0.041,46,0
35.96,86.13,0.101,0.026,47,0
35.97,86.02,-0.108,0.007,48,0
35.92,85.89,-0.128,-0.047,49,0
35.89,85.97,0.074,-0.034,50,0
35.85,85.82,-0.149,-0.032,51,0
35.87,85.84,0.021,0.019,52,0
35.91,85.74,-0.105,0.039,53,0
35.96,85.67,-0.068,0.047,54,0
35.98,85.76,0.09,0.025,55,0
35.99,85.58,-0.182,0.005,56,0
36.04,85.45,-0.124,0.048,57,0
36.03,85.36,-0.094,-0.005,58,0
35.98,85.45,0.089,-0.047,59,0
35.99,85.41,-0.032,0.003,60,0
36.0,85.38,-0.03,0.009,61,0
35.97,85.3,-0.084,-0.022,62,0
35.94,85.12,-0.177,-0.033,63,0
35.95,85.2,0.075,0.012,64,0
35.96,85.13,-0.07,0.002,65,0
35.97,85.05,-0.078,0.012,66,0
35.94,85.13,0.08,-0.03,67,0
35.94,85.15,0.022,0.0,68,0
35.98,85.16,0.004,0.041,69,0
35.99,85.09,-0.064,0.014,70,0
36.04,84.97,-0.12,0.046,71,0
36.02,84.97,-0.003,-0.018,72,0
35.99,84.86,-0.113,-0.031,73,0
35.99,84.95,0.094,-0.002,74,0
35.96,85.01,0.056,-0.033,75,0
35.92,84.93,-0.075,-0.034,76,0
35.96,84.87,-0.057,0.039,77,0
35.92,84.8,-0.078,-0.041,78,0
35.88,84.86,0.06,-0.036,79,0
35.89,84.87,0.013,0.008,80,0
35.86,84.96,0.095,-0.034,81,0
35.82,84.87,-0.097,-0.042,82,0
35.86,84.96,0.094,0.046,83,0
35.83,85.01,0.048,-0.027,84,0
35.82,84.87,-0.137,-0.017,85,0
35.84,84.92,0.044,0.021,86,0
35.83,84.85,-0.062,-0.006,87,0
35.86,84.81,-0.044,0.023,88,0
35.85,84.67,-0.137,-0.008,89,0
35.87,84.74,0.065,0.023,90,0
35.92,84.76,0.016,0.046,91,0
35.91,84.59,-0.17,-0.011,92,0
35.88,84.5,-0.082,-0.023,93,0
35.9,84.48,-0.028,0.015,94,0
35.86,84.46,-0.017,-0.039,95,0
35.82,84.34,-0.121,-0.038,96,0
35.85,84.35,0.014,0.027,97,0
35.82,84.18,-0.171,-0.022,98,0
35.86,84.16,-0.022,0.036,99,0
35.83,84.19,0.029,-0.033,100,0
35.79,84.25,0.063,-0.041,101,0
35.75,84.32,0.072,-0.04,102,0
35.77,84.39,0.066,0.029,103,0
35.76,84.32,-0.071,-0.02,104,0
35.79,84.33,0.016,0.039,105,0
35.8,84.36,0.031,0.005,106,0
35.8,84.44,0.078,0.005,107,0
35.85,84.42,-0.022,0.05,108,0
35.81,84.32,-0.093,-0.048,109,0
35.77,84.37,0.046,-0.038,110,0
35.77,84.29,-0.085,0.006,111,0
35.76,84.12,-0.165,-0.018,112,0
35.72,84.03,-0.091,-0.036,113,0
35.67,84.1,0.068,-0.049,114,0
35.64,84.15,0.056,-0.031,115,0
35.68,84.25,0.096,0.042,116,0
35.7,84.22,-0.033,0.015,117,0
35.73,84.18,-0.039,0.034,118,0
35.76,84.15,-0.027,0.028,119,0
35.77,84.26,0.105,0.015,120,0
35.81,84.16,-0.098,0.038,121,0
35.84,84.2,0.042,0.028,122,0
35.83,84.05,-0.147,-0.006,123,0
35.81,83.91,-0.144,-0.02,124,0
35.83,83.78,-0.129,0.012,125,0
35.82,83.81,0.032,-0.006,126,0
35.78,83.67,-0.139,-0.042,127,0
35.76,83.54,-0.128,-0.019,128,0
35.74,83.38,-0.164,-0.021,129,0
35.74,83.38,0.001,0.004,130,0
35.71,83.44,0.056,-0.038,131,0
35.75,83.47,0.037,0.045,132,0
35.76,83.57,0.092,0.008,133,0
35.8,83.64,0.076,0.037,134,0
35.83,83.49,-0.156,0.037,135,0
35.87,83.44,-0.049,0.033,136,0
35.88,83.38,-0.061,0.012,137,0
35.86,83.49,0.11,-0.021,138,0
35.82,83.51,0.024,-0.04,139,0
35.84,83.38,-0.135,0.021,140,0
35.84,83.23,-0.15,0.006,141,0
35.88,83.06,-0.166,0.038,142,0
35.83,83.0,-0.056,-0.047,143,0
35.8,83.03,0.024,-0.032,144,0
35.75,82.85,-0.182,-0.049,145,0
35.78,82.94,0.098,0.026,146,0
35.75,82.92,-0.021,-0.03,147,0
35.79,82.86,-0.064,0.038,148,0
35.8,82.68,-0.182,0.014,149,0
35.77,82.59,-0.085,-0.031,150,0
35.77,82.48,-0.11,0.004,151,0
35.8,82.37,-0.112,0.022,152,0
35.8,82.47,0.098,0.006,153,0
35.79,82.33,-0.134,-0.007,154,0
35.76,82.4,0.06,-0.032,155,0
35.79,82.45,0.051,0.028,156,0
35.79,82.28,-0.164,-0.004,157,0
35.78,82.26,-0.023,-0.006,158,0
35.81,82.32,0.064,0.026,159,0
35.84,82.42,0.097,0.037,160,0
35.85,82.29,-0.13,0.006,161,0
35.89,82.37,0.084,0.039,162,0
35.93,82.34,-0.032,0.04,163,0
35.97,82.36,0.019,0.039,164,0
36.0,82.24,-0.122,0.032,165,0
36.02,82.18,-0.061,0.026,166,0
36.04,82.15,-0.031,0.014,167,0
36.09,82.23,0.082,0.047,168,0
36.11,82.32,0.091,0.026,169,0
36.08,82.37,0.048,-0.031,170,0
36.06,82.32,-0.046,-0.024,171,0
36.1,82.31,-0.017,0.047,172,0
36.15,82.16,-0.15,0.048,173,0
36.17,82.03,-0.126,0.017,174,0
36.14,82.08,0.055,-0.029,175,0
36.15,81.97,-0.115,0.012,176,0
36.16,81.82,-0.153,0.005,177,0
36.2,81.79,-0.03,0.048,178,0
36.17,81.71,-0.078,-0.031,179,0
36.2,81.75,0.038,0.024,180,0
36.2,81.58,-0.164,-0.002,181,0
36.22,81.61,0.03,0.027,182,0
36.18,81.71,0.099,-0.047,183,0
36.17,81.81,0.103,-0.001,184,0
36.19,81.75,-0.067,0.016,185,0
36.2,81.69,-0.056,0.014,186,0
36.21,81.62,-0.072,0.009,187,0
36.25,81.44,-0.181,0.041,188,0
36.21,81.42,-0.021,-0.039,189,0
36.19,81.43,0.013,-0.023,190,0
36.2,81.48,0.048,0.013,191,0
36.2,81.44,-0.043,-0.005,192,0
36.2,81.38,-0.06,-0.003,193,0
36.16,81.34,-0.032,-0.038,194,0
36.15,81.45,0.108,-0.007,195,0
36.17,81.53,0.073,0.015,196,0
36.15,81.51,-0.02,-0.019,197,0
36.12,81.52,0.015,-0.031,198,0
36.17,81.54,0.02,0.05,199,0
36.13,81.6,0.064,-0.034,200,0
36.12,81.54,-0.066,-0.012,201,0
36.11,81.64,0.103,-0.009,202,0
36.08,81.57,-0.067,-0.032,203,0
36.09,81.65,0.078,0.008,204,0
36.07,81.5,-0.155,-0.017,205,0
36.08,81.38,-0.122,0.012,206,0
36.12,81.37,-0.005,0.04,207,0
36.11,81.24,-0.134,-0.017,208,0
36.12,81.24,-0.002,0.018,209,0
36.08,81.24,0.006,-0.048,210,0
36.06,81.19,-0.049,-0.019,211,0
36.09,81.05,-0.142,0.037,212,0
36.07,80.87,-0.176,-0.022,213,0
36.1,80.83,-0.04,0.027,214,0
36.11,80.77,-0.059,0.01,215,0
36.06,80.89,0.116,-0.043,216,0
36.08,80.84,-0.051,0.013,217,0
36.08,80.8,-0.037,0.007,218,0
36.09,80.79,-0.017,0.01,219,0
36.11,80.69,-0.091,0.019,220,0
36.1,80.59,-0.106,-0.014,221,0
36.11,80.59,0.003,0.008,222,0
36.07,80.53,-0.061,-0.042,223,0
36.1,80.5,-0.03,0.031,224,0
36.13,80.56,0.058,0.036,225,0
36.13,80.41,-0.149,-0.003,226,0
36.13,80.31,-0.096,-0.003,227,0
36.11,80.41,0.1,-0.015,228,0
36.12,80.35,-0.063,0.009,229,0
36.08,80.41,0.06,-0.039,230,0
36.11,80.34,-0.069,0.028,231,0
36.09,80.32,-0.023,-0.023,232,0
36.12,80.23,-0.088,0.03,233,0
36.13,80.1,-0.133,0.015,234,0
36.17,80.16,0.059,0.038,235,0
36.14,80.07,-0.085,-0.032,236,0
36.19,80.14,0.068,0.049,237,0
36.15,80.01,-0.134,-0.035,238,0
36.14,79.96,-0.045,-0.01,239,0
36.15,79.86,-0.096,0.011,240,0
36.19,79.7,-0.164,0.035,241,0
36.19,79.57,-0.129,0.004,242,0
36.2,79.46,-0.107,0.003,243,0
36.15,79.51,0.048,-0.049,244,0
36.15,79.59,0.08,0.008,245,0
36.17,79.47,-0.126,0.017,246,0
36.17,79.3,-0.17,-0.001,247,0
36.18,79.31,0.017,0.005,248,0
36.19,79.2,-0.112,0.01,249,0
36.22,79.16,-0.041,0.034,250,0
36.18,79.2,0.04,-0.039,251,0
36.23,79.12,-0.079,0.049,252,0
36.2,79.01,-0.112,-0.034,253,0
36.23,79.12,0.105,0.03,254,0
36.18,79.21,0.092,-0.044,255,0
36.2,79.09,-0.119,0.019,256,0
36.23,79.12,0.033,0.027,257,0
36.24,79.06,-0.062,0.01,258,0
36.25,79.14,0.078,0.01,259,0
36.2,79.15,0.011,-0.047,260,0
36.19,79.26,0.108,-0.013,261,0
36.19,79.16,-0.095,0.007,262,0
36.16,79.21,0.047,-0.03,263,0
36.17,79.16,-0.051,0.005,264,0
36.22,79.23,0.071,0.05,265,0
36.23,79.18,-0.053,0.008,266,0
36.22,79.14,-0.032,-0.001,267,0
36.18,79.18,0.034,-0.047,268,0
36.18,79.03,-0.147,-0.002,269,0
36.19,78.97,-0.058,0.015,270,0
36.15,78.8,-0.172,-0.038,271,0
36.15,78.84,0.042,-0.006,272,0
36.11,78.92,0.084,-0.037,273,0
36.15,78.81,-0.114,0.043,274,0
36.2,78.72,-0.092,0.048,275,0
36.21,78.58,-0.143,0.01,276,0
36.21,78.41,-0.17,-0.001,277,0
36.26,78.42,0.017,0.046,278,0
36.3,78.41,-0.015,0.044,279,0
36.29,78.47,0.063,-0.012,280,0
36.24,78.38,-0.093,-0.045,281,0
36.27,78.24,-0.14,0.029,282,0
36.31,78.09,-0.148,0.042,283,0
36.31,78.09,0.001,-0.006,284,0
36.29,78.05,-0.039,-0.018,285,0
36.26,78.0,-0.055,-0.031,286,0
36.23,78.09,0.099,-0.031,287,0
36.21,78.09,-0.0,-0.016,288,0
36.23,77.98,-0.118,0.014,289,0
36.22,77.99,0.015,-0.005,290,0
36.22,77.82,-0.174,0.001,291,0
36.21,77.78,-0.039,-0.01,292,0
36.23,77.76,-0.02,0.019,293,0
36.24,77.67,-0.085,0.011,294,0
36.22,77.67,-0.003,-0.017,295,0
36.26,77.52,-0.154,0.033,296,0
36.23,77.4,-0.113,-0.027,297,0
36.26,77.22,-0.181,0.034,298,0
36.24,77.33,0.108,-0.02,299,0
36.22,77.37,0.036,-0.027,300,0
36.25,77.23,-0.133,0.034,301,0
36.21,77.32,0.087,-0.044,302,0
36.2,77.36,0.04,-0.01,303,0
36.24,77.38,0.015,0.045,304,0
36.2,77.47,0.096,-0.042,305,0
36.2,77.5,0.032,-0.002,306,0
36.21,77.6,0.094,0.015,307,0
36.21,77.61,0.007,-0.003,308,0
36.24,77.47,-0.136,0.028,309,0
36.24,77.45,-0.022,0.005,310,0
36.23,77.34,-0.109,-0.015,311,0
36.25,77.25,-0.087,0.018,312,0
36.21,77.24,-0.017,-0.032,313,0
36.2,77.23,-0.007,-0.019,314,0
36.18,77.25,0.022,-0.015,315,0
36.16,77.28,0.031,-0.018,316,0
36.21,77.22,-0.061,0.049,317,0
36.2,77.14,-0.084,-0.012,318,0
36.16,76.98,-0.158,-0.043,319,0
36.11,76.9,-0.082,-0.044,320,0
36.07,76.97,0.073,-0.044,321,0
36.03,76.88,-0.09,-0.04,322,0
36.01,76.83,-0.048,-0.018,323,0
36.04,76.79,-0.041,0.027,324,0
36.02,76.8,0.009,-0.014,325,0
36.02,76.66,-0.14,-0.005,326,0
36.04,76.63,-0.024,0.025,327,0
36.01,76.67,0.037,-0.038,328,0
36.0,76.72,0.054,-0.003,329,0
35.98,76.65,-0.076,-0.019,330,0
35.99,76.71,0.059,0.008,331,0
35.97,76.58,-0.123,-0.02,332,0
35.94,76.67,0.088,-0.029,333,0
35.94,76.59,-0.083,-0.0,334,0
35.92,76.57,-0.023,-0.027,335,0
35.89,76.42,-0.145,-0.027,336,0
35.92,76.26,-0.158,0.03,337,0
35.89,76.29,0.024,-0.025,338,0
35.93,76.3,0.01,0.043,339,0
35.93,76.41,0.111,-0.006,340,0
35.93,76.24,-0.172,-0.002,341,0
35.89,76.21,-0.022,-0.032,342,0
35.85,76.31,0.091,-0.042,343,0
35.85,76.36,0.056,-0.001,344,0
35.8,76.32,-0.04,-0.048,345,0
35.8,76.39,0.065,-0.006,346,0
35.75,76.3,-0.088,-0.043,347,0
35.75,76.17,-0.128,-0.005,348,0
35.73,76.08,-0.091,-0.017,349,0
35.78,76.09,0.015,0.043,350,0
35.78,76.13,0.036,-0.001,351,0
35.78,76.19,0.059,0.002,352,0
35.78,76.04,-0.152,0.007,353,0
35.78,75.89,-0.151,-0.007,354,0
35.76,75.85,-0.039,-0.02,355,0
35.76,75.92,0.078,0.0,356,0
35.75,75.96,0.038,-0.005,357,0
35.72,75.89,-0.069,-0.033,358,0
35.73,75.95,0.06,0.01,359,0
35.71,75.79,-0.163,-0.018,360,0
35.7,75.67,-0.12,-0.01,361,0
35.71,75.66,-0.007,0.008,362,0
35.72,75.75,0.084,0.014,363,0
35.77,75.69,-0.054,0.048,364,0
35.78,75.61,-0.08,0.012,365,0
35.81,75.6,-0.01,0.03,366,0
35.78,75.63,0.024,-0.038,367,0
35.78,75.6,-0.023,0.006,368,0
35.79,75.57,-0.039,0.009,369,0
35.77,75.54,-0.023,-0.026,370,0
35.79,75.64,0.097,0.022,371,0
35.81,75.5,-0.134,0.021,372,0
35.8,75.48,-0.021,-0.008,373,0
35.84,75.46,-0.026,0.041,374,0
35.82,75.33,-0.132,-0.02,375,0
35.87,75.23,-0.1,0.045,376,0
35.85,75.28,0.05,-0.019,377,0
35.89,75.32,0.043,0.041,378,0
35.91,75.34,0.018,0.023,379,0
35.91,75.33,-0.008,-0.005,380,0
35.94,75.31,-0.014,0.038,381,0
35.98,75.38,0.064,0.04,382,0
36.01,75.3,-0.084,0.022,383,0
36.01,75.22,-0.078,0.003,384,0
36.03,75.32,0.101,0.025,385,0
35.99,75.39,0.07,-0.044,386,0
35.98,75.25,-0.14,-0.005,387,0
36.01,75.24,-0.008,0.024,388,0
36.05,75.24,-0.0,0.041,389,0
36.08,75.31,0.071,0.035,390,0
36.06,75.37,0.063,-0.019,391,0
36.08,75.35,-0.021,0.015,392,0
36.07,75.44,0.089,-0.004,393,0
36.03,75.28,-0.158,-0.048,394,0
36.04,75.2,-0.084,0.009,395,0
36.08,75.11,-0.093,0.047,396,0
36.12,75.2,0.095,0.032,397,0
36.15,75.26,0.054,0.03,398,0
36.15,75.14,-0.121,0.0,399,0
36.15,75.21,0.079,0.003,400,0
36.15,75.15,-0.065,0.003,401,0
36.18,74.99,-0.158,0.023,402,0
36.15,75.0,0.009,-0.028,403,0
36.17,74.97,-0.032,0.026,404,0
36.14,75.04,0.072,-0.038,405,0
36.11,74.88,-0.158,-0.025,406,0
36.11,74.99,0.113,-0.0,407,0
36.09,74.97,-0.021,-0.022,408,0
36.1,75.07,0.092,0.008,409,0
36.05,75.15,0.083,-0.047,410,0
36.07,75.2,0.056,0.016,411,0
36.1,75.28,0.077,0.035,412,0
36.14,75.27,-0.011,0.035,413,0
36.13,75.34,0.067,-0.005,414,0
36.12,75.33,-0.01,-0.012,415,0
36.16,75.19,-0.138,0.037,416,0
36.17,75.28,0.095,0.009,417,0
36.2,75.17,-0.116,0.03,418,0
36.23,75.01,-0.156,0.034,419,0
36.23,74.92,-0.089,0.001,420,0
36.26,74.97,0.042,0.026,421,0
36.28,74.92,-0.043,0.026,422,0
36.3,74.97,0.048,0.018,423,0
36.32,74.85,-0.124,0.018,424,0
36.35,74.67,-0.177,0.025,425,0
36.32,74.52,-0.146,-0.025,426,0
36.27,74.52,-0.007,-0.048,427,0
36.28,74.62,0.105,0.004,428,0
36.33,74.69,0.073,0.049,429,0
36.34,74.6,-0.091,0.015,430,0
36.3,74.51,-0.088,-0.037,431,0
36.26,74.55,0.034,-0.045,432,0
36.26,74.38,-0.165,0.004,433,0
36.29,74.45,0.065,0.031,434,0
36.32,74.52,0.074,0.023,435,0
36.3,74.35,-0.17,-0.016,436,0
36.28,74.43,0.081,-0.019,437,0
36.25,74.47,0.032,-0.029,438,0
36.24,74.3,-0.162,-0.015,439,0
36.27,74.33,0.026,0.03,440,0
36.25,74.3,-0.034,-0.011,441,0
36.3,74.23,-0.062,0.042,442,0
36.32,74.07,-0.159,0.02,443,0
36.33,74.04,-0.03,0.011,444,0
36.3,74.03,-0.012,-0.028,445,0
36.31,73.92,-0.11,0.013,446,0
36.33,73.95,0.028,0.013,447,0
36.37,73.93,-0.019,0.048,448,0
36.41,74.04,0.11,0.035,449,0
36.4,73.99,-0.054,-0.013,450,0
36.39,74.09,0.104,-0.004,451,0
36.41,73.98,-0.109,0.016,452,0
36.44,74.06,0.075,0.033,453,0
36.44,73.95,-0.111,-0.0,454,0
36.43,73.82,-0.127,-0.015,455,0
36.39,73.9,0.08,-0.039,456,0
36.38,73.8,-0.096,-0.01,457,0
36.33,73.83,0.021,-0.045,458,0
36.33,73.68,-0.143,0.002,459,0
36.33,73.57,-0.111,-0.001,460,0
36.37,73.53,-0.046,0.036,461,0
36.36,73.51,-0.019,-0.007,462,0
36.35,73.55,0.047,-0.011,463,0
36.39,73.37,-0.181,0.042,464,0
36.4,73.28,-0.094,0.003,465,0
36.37,73.21,-0.069,-0.024,466,0
36.39,73.05,-0.162,0.021,467,0
36.35,72.99,-0.059,-0.046,468,0
36.4,72.84,-0.151,0.051,469,0
36.44,72.79,-0.044,0.046,470,0
36.42,72.8,0.008,-0.029,471,0
36.45,72.78,-0.022,0.033,472,0
36.44,72.87,0.093,-0.008,473,0
36.49,72.77,-0.103,0.048,474,0
36.44,72.87,0.106,-0.045,475,0
36.45,72.89,0.018,0.005,476,0
36.5,72.75,-0.142,0.049,477,0
36.46,72.57,-0.18,-0.035,478,0
36.46,72.51,-0.057,-0.007,479,0
36.46,72.61,0.097,0.002,480,0
36.47,72.46,-0.152,0.014,481,0
36.47,72.48,0.02,-0.004,482,0
36.48,72.45,-0.024,0.009,483,0
36.51,72.45,-0.005,0.03,484,0
36.51,72.54,0.095,0.008,485,0
36.47,72.53,-0.01,-0.045,486,0
36.45,72.5,-0.034,-0.023,487,0
36.49,72.54,0.044,0.043,488,0
36.5,72.62,0.075,0.013,489,0
36.45,72.64,0.025,-0.049,490,0
36.46,72.51,-0.131,0.001,491,0
36.43,72.56,0.046,-0.021,492,0
36.43,72.56,0.001,-0.004,493,0
36.41,72.46,-0.102,-0.017,494,0
36.37,72.56,0.105,-0.038,495,0
36.41,72.59,0.029,0.034,496,0
36.41,72.64,0.047,0.005,497,0
36.38,72.72,0.085,-0.036,498,0
36.37,72.69,-0.036,-0.004,499,0
36.33,72.77,0.084,-0.047,500,0
36.36,72.88,0.108,0.031,501,0
36.41,72.99,0.105,0.049,502,0
36.43,73.04,0.054,0.027,503,0
36.47,73.11,0.069,0.033,504,0
36.49,73.16,0.05,0.027,505,0
36.48,72.99,-0.172,-0.019,506,0
36.48,72.87,-0.12,0.001,507,0
36.43,72.84,-0.026,-0.043,508,0
36.44,72.8,-0.035,0.006,509,0
36.47,72.75,-0.05,0.026,510,0
36.44,72.86,0.106,-0.027,511,0
36.43,72.75,-0.113,-0.009,512,0
36.43,72.79,0.045,-0.004,513,0
36.39,72.86,0.066,-0.04,514,0
36.4,72.89,0.032,0.011,515,0
36.36,72.9,0.004,-0.038,516,0
36.33,73.0,0.103,-0.03,517,0
36.37,73.06,0.065,0.038,518,0
36.34,73.17,0.108,-0.031,519,0
36.3,73.03,-0.144,-0.036,520,0
36.27,72.92,-0.103,-0.033,521,0
36.25,72.75,-0.171,-0.023,522,0
36.21,72.77,0.014,-0.032,523,0
36.25,72.84,0.078,0.04,524,0
36.28,72.85,0.001,0.023,525,0
36.27,72.77,-0.076,-0.003,526,0
36.3,72.59,-0.181,0.027,527,0
36.26,72.43,-0.163,-0.044,528,0
36.28,72.45,0.024,0.02,529,0
36.25,72.52,0.069,-0.022,530,0
36.22,72.51,-0.013,-0.033,531,0
36.25,72.43,-0.071,0.029,532,0
36.27,72.5,0.069,0.015,533,0
36.26,72.34,-0.165,-0.001,534,0
36.22,72.34,0.002,-0.039,535,0
36.19,72.35,0.007,-0.035,536,0
36.2,72.39,0.042,0.005,537,0
36.2,72.35,-0.043,0.01,538,0
36.2,72.39,0.038,-0.002,539,0
36.25,72.43,0.041,0.049,540,0
36.26,72.5,0.077,0.008,541,0
36.23,72.38,-0.121,-0.031,542,0
36.23,72.22,-0.159,0.0,543,0
36.19,72.13,-0.093,-0.035,544,0
36.17,72.03,-0.096,-0.023,545,0
36.19,72.12,0.084,0.015,546,0
36.18,72.0,-0.119,-0.007,547,0
36.21,71.85,-0.15,0.034,548,0
36.18,71.68,-0.167,-0.03,549,0
36.18,71.61,-0.068,-0.006,550,0
36.15,71.64,0.023,-0.028,551,0
36.12,71.6,-0.04,-0.034,552,0
36.14,71.53,-0.063,0.02,553,0
36.18,71.4,-0.132,0.044,554,0
36.13,71.26,-0.137,-0.046,555,0
36.16,71.26,-0.004,0.029,556,0
36.2,71.15,-0.112,0.04,557,0
36.17,71.09,-0.059,-0.036,558,0
36.14,71.08,-0.011,-0.03,559,0
36.15,71.18,0.105,0.009,560,0
36.14,71.0,-0.18,-0.003,561,0
36.1,71.0,-0.001,-0.046,562,0
36.07,70.85,-0.154,-0.025,563,0
36.1,70.76,-0.083,0.031,564,0
36.06,70.87,0.107,-0.047,565,0
36.07,70.83,-0.044,0.012,566,0
36.1,70.67,-0.156,0.026,567,0
36.09,70.5,-0.172,-0.004,568,0
36.05,70.36,-0.135,-0.038,569,0
36.04,70.34,-0.021,-0.011,570,0
36.04,70.17,-0.17,0.002,571,0
36.06,70.25,0.083,0.016,572,0
36.03,70.22,-0.034,-0.031,573,0
36.06,70.05,-0.175,0.033,574,0
36.11,69.96,-0.088,0.043,575,0
36.13,70.01,0.049,0.025,576,0
36.18,70.06,0.055,0.051,577,0
36.15,69.91,-0.15,-0.032,578,0
36.2,69.97,0.06,0.047,579,0
36.15,69.93,-0.041,-0.049,580,0
36.12,69.83,-0.106,-0.025,581,0
36.17,69.66,-0.167,0.049,582,0
36.2,69.72,0.065,0.027,583,0
36.23,69.63,-0.095,0.029,584,0
36.2,69.72,0.088,-0.031,585,0
36.21,69.58,-0.14,0.016,586,0
36.2,69.4,-0.178,-0.015,587,0
36.21,69.28,-0.118,0.01,588,0
36.17,69.32,0.044,-0.035,589,0
36.22,69.36,0.037,0.044,590,0
36.23,69.4,0.036,0.009,591,0
36.26,69.31,-0.091,0.033,592,0
36.26,69.36,0.057,-0.002,593,0
36.27,69.23,-0.129,0.013,594,0
36.24,69.11,-0.12,-0.031,595,0
36.23,69.12,0.01,-0.014,596,0
36.27,68.97,-0.154,0.043,597,0
36.23,68.93,-0.042,-0.041,598,0
36.26,68.88,-0.043,0.033,599,0
34.3,78.3,0.01,-0.021,0,0
34.25,78.22,-0.076,-0.046,1,0
34.21,78.0,-0.227,-0.047,2,0
34.16,77.93,-0.066,-0.046,3,0
34.16,77.98,0.048,-0.004,4,0
34.11,78.02,0.038,-0.048,5,0
34.11,78.02,0.003,-0.003,6,0
34.12,77.9,-0.117,0.018,7,0
34.13,77.75,-0.153,0.003,8,0
34.11,77.67,-0.077,-0.016,9,0
34.1,77.58,-0.095,-0.015,10,0
34.14,77.6,0.025,0.041,11,0
34.09,77.57,-0.036,-0.045,12,0
34.14,77.47,-0.099,0.043,13,0
34.13,77.5,0.034,-0.007,14,0
34.12,77.35,-0.157,-0.012,15,0
34.13,77.11,-0.231,0.018,16,0
34.14,77.01,-0.107,0.008,17,0
34.18,77.06,0.055,0.04,18,0
34.13,76.86,-0.205,-0.054,19,0
34.16,76.71,-0.151,0.027,20,0
34.14,76.51,-0.199,-0.014,21,0
34.13,76.28,-0.225,-0.017,22,0
34.14,76.26,-0.017,0.019,23,0
34.16,76.31,0.042,0.02,24,0
34.13,76.35,0.044,-0.037,25,0
34.14,76.3,-0.056,0.016,26,0
34.11,76.1,-0.2,-0.038,27,0
34.07,75.96,-0.14,-0.034,28,0
34.06,75.88,-0.076,-0.006,29,0
34.1,75.72,-0.157,0.037,30,0
34.06,75.5,-0.227,-0.042,31,0
34.1,75.32,-0.171,0.039,32,0
34.07,75.21,-0.115,-0.03,33,0
34.08,75.03,-0.182,0.014,34,0
34.03,74.79,-0.235,-0.051,35,0
34.05,74.6,-0.188,0.017,36,0
34.09,74.51,-0.091,0.037,37,0
34.03,74.32,-0.194,-0.056,38,0
33.97,74.35,0.033,-0.057,39,0
33.94,74.18,-0.176,-0.036,40,0
33.88,73.96,-0.22,-0.056,41,0
33.85,73.87,-0.083,-0.032,42,0
33.86,73.72,-0.151,0.014,43,0
33.83,73.61,-0.117,-0.033,44,0
33.77,73.4,-0.205,-0.057,45,0
33.77,73.32,-0.083,-0.0,46,0
33.82,73.31,-0.005,0.043,47,0
33.77,73.11,-0.202,-0.045,48,0
33.72,73.11,0.001,-0.055,49,0
33.74,73.16,0.048,0.028,50,0
33.76,73.04,-0.123,0.018,51,0
33.79,72.99,-0.05,0.025,52,0
33.78,72.79,-0.197,-0.008,53,0
33.8,72.83,0.042,0.017,54,0
33.79,72.77,-0.064,-0.004,55,0
33.81,72.76,-0.006,0.015,56,0
33.81,72.75,-0.016,0.004,57,0
33.81,72.62,-0.122,-0.003,58,0
33.78,72.61,-0.018,-0.027,59,0
33.82,72.66,0.058,0.038,60,0
33.85,72.71,0.045,0.029,61,0
33.84,72.64,-0.074,-0.009,62,0
33.81,72.47,-0.161,-0.033,63,0
33.84,72.25,-0.223,0.035,64,0
33.88,72.26,0.007,0.04,65,0
33.89,72.17,-0.084,0.011,66,0
33.85,72.01,-0.164,-0.045,67,0
33.87,71.8,-0.209,0.026,68,0
33.82,71.85,0.048,-0.049,69,0
33.85,71.64,-0.209,0.031,70,0
33.86,71.5,-0.143,0.009,71,0
33.84,71.43,-0.072,-0.02,72,0
33.84,71.26,-0.16,-0.007,73,0
33.87,71.25,-0.01,0.039,74,0
33.91,71.11,-0.146,0.04,75,0
33.88,70.93,-0.182,-0.031,76,0
33.83,70.94,0.016,-0.056,77,0
33.8,70.81,-0.129,-0.025,78,0
33.79,70.65,-0.166,-0.016,79,0
33.76,70.42,-0.229,-0.025,80,0
33.76,70.46,0.045,0.003,81,0
33.76,70.3,-0.163,0.001,82,0
33.79,70.27,-0.027,0.029,83,0
33.75,70.16,-0.109,-0.042,84,0
33.7,69.94,-0.222,-0.051,85,0
33.73,69.75,-0.197,0.031,86,0
33.75,69.72,-0.022,0.024,87,0
33.75,69.7,-0.026,-0.003,88,0
33.74,69.49,-0.211,-0.007,89,0
33.75,69.52,0.038,0.008,90,0
33.75,69.44,-0.084,0.002,91,0
33.79,69.43,-0.008,0.039,92,0
33.83,69.24,-0.193,0.032,93,0
33.82,69.04,-0.196,-0.004,94,0
33.77,68.95,-0.088,-0.05,95,0
33.75,68.79,-0.16,-0.025,96,0
33.71,68.6,-0.197,-0.035,97,0
33.72,68.63,0.036,0.006,98,0
33.69,68.45,-0.18,-0.026,99,0
33.66,68.5,0.047,-0.035,100,0
33.6,68.56,0.06,-0.056,101,0
33.56,68.41,-0.15,-0.041,102,0
33.58,68.2,-0.21,0.02,103,0
33.58,68.25,0.047,-0.002,104,0
33.58,68.11,-0.139,-0.002,105,0
33.61,68.08,-0.032,0.037,106,0
33.63,68.03,-0.05,0.021,107,0
33.61,68.08,0.054,-0.023,108,0
33.62,67.85,-0.233,0.009,109,0
33.57,67.88,0.029,-0.046,110,0
33.56,67.65,-0.229,-0.011,111,0
33.51,67.46,-0.186,-0.052,112,0
33.46,67.35,-0.11,-0.055,113,0
33.45,67.14,-0.213,-0.001,114,0
33.44,67.06,-0.082,-0.011,115,0
33.46,66.83,-0.229,0.015,116,0
33.42,66.81,-0.015,-0.04,117,0
33.37,66.87,0.057,-0.045,118,0
33.41,66.85,-0.018,0.035,119,0
33.39,66.74,-0.11,-0.022,120,0
33.4,66.54,-0.201,0.008,121,0
33.39,66.38,-0.159,-0.004,122,0
33.38,66.26,-0.126,-0.008,123,0
33.4,66.15,-0.109,0.018,124,0
33.43,65.98,-0.171,0.024,125,0
33.46,66.01,0.029,0.034,126,0
33.43,65.99,-0.012,-0.026,127,0
33.47,65.97,-0.021,0.04,128,0
33.43,65.83,-0.147,-0.04,129,0
33.42,65.63,-0.195,-0.013,130,0
33.45,65.69,0.058,0.028,131,0
33.47,65.54,-0.148,0.025,132,0
33.48,65.31,-0.231,0.005,133,0
33.42,65.17,-0.138,-0.057,134,0
33.44,65.08,-0.088,0.017,135,0
33.4,65.03,-0.05,-0.037,136,0
33.39,65.01,-0.019,-0.008,137,0
33.36,64.82,-0.194,-0.034,138,0
33.34,64.75,-0.071,-0.015,139,0
33.33,64.66,-0.091,-0.016,140,0
33.37,64.47,-0.188,0.037,141,0
33.38,64.46,-0.011,0.018,142,0
33.37,64.26,-0.2,-0.011,143,0
33.35,64.31,0.048,-0.018,144,0
33.35,64.37,0.058,-0.006,145,0
33.36,64.38,0.016,0.013,146,0
33.34,64.26,-0.122,-0.022,147,0
33.32,64.23,-0.029,-0.017,148,0
33.28,64.04,-0.192,-0.044,149,0
33.31,64.1,0.057,0.038,150,0
33.3,64.04,-0.052,-0.013,151,0
33.33,64.11,0.061,0.028,152,0
33.36,64.0,-0.106,0.028,153,0
33.36,63.84,-0.157,0.005,154,0
33.39,63.75,-0.096,0.026,155,0
33.39,63.71,-0.04,0.0,156,0
33.37,63.66,-0.047,-0.021,157,0
33.41,63.43,-0.227,0.04,158,0
33.4,63.23,-0.206,-0.006,159,0
33.39,63.14,-0.088,-0.009,160,0
33.35,62.99,-0.148,-0.043,161,0
33.38,62.82,-0.168,0.029,162,0
33.35,62.83,0.005,-0.027,163,0
33.34,62.68,-0.146,-0.015,164,0
33.32,62.67,-0.017,-0.019,165,0
33.27,62.47,-0.193,-0.046,166,0
33.29,62.26,-0.212,0.022,167,0
33.26,62.15,-0.108,-0.032,168,0
33.24,62.14,-0.017,-0.022,169,0
33.24,62.0,-0.131,0.0,170,0
33.28,61.82,-0.187,0.04,171,0
33.25,61.78,-0.04,-0.03,172,0
33.27,61.62,-0.153,0.025,173,0
33.23,61.62,-0.008,-0.047,174,0
33.22,61.59,-0.025,-0.008,175,0
33.22,61.41,-0.18,-0.002,176,0
33.21,61.33,-0.079,-0.011,177,0
33.21,61.1,-0.237,0.01,178,0
33.18,60.93,-0.168,-0.035,179,0
33.2,60.89,-0.035,0.022,180,0
33.23,60.8,-0.088,0.029,181,0
33.25,60.81,0.004,0.015,182,0
33.22,60.73,-0.08,-0.03,183,0
33.21,60.73,0.002,-0.004,184,0
33.2,60.79,0.06,-0.017,185,0
33.14,60.81,0.022,-0.055,186,0
33.16,60.83,0.016,0.024,187,0
33.13,60.89,0.06,-0.039,188,0
33.16,60.7,-0.19,0.03,189,0
33.16,60.55,-0.145,0.008,190,0
33.19,60.4,-0.155,0.023,191,0
33.22,60.21,-0.182,0.029,192,0
33.2,60.01,-0.203,-0.017,193,0
33.22,59.87,-0.145,0.017,194,0
33.16,59.79,-0.08,-0.057,195,0
33.15,59.83,0.046,-0.008,196,0
33.17,59.62,-0.208,0.016,197,0
33.15,59.65,0.023,-0.019,198,0
33.11,59.71,0.058,-0.037,199,0
33.12,59.49,-0.219,0.013,200,0
33.11,59.28,-0.207,-0.013,201,0
33.12,59.29,0.01,0.005,202,0
33.06,59.33,0.035,-0.052,203,0
33.03,59.11,-0.211,-0.03,204,0
33.0,59.16,0.043,-0.036,205,0
32.99,59.2,0.037,-0.01,206,0
32.94,58.99,-0.203,-0.047,207,0
32.96,58.96,-0.031,0.017,208,0
32.95,58.9,-0.061,-0.011,209,0
32.93,58.86,-0.043,-0.016,210,0
32.89,58.85,-0.004,-0.047,211,0
32.87,58.8,-0.049,-0.019,212,0
32.89,58.84,0.04,0.019,213,0
32.9,58.89,0.044,0.011,214,0
32.91,58.83,-0.053,0.018,215,0
32.91,58.61,-0.223,-0.007,216,0
32.92,58.4,-0.209,0.007,217,0
32.92,58.42,0.015,0.006,218,0
32.9,58.43,0.008,-0.024,219,0
32.84,58.3,-0.129,-0.056,220,0
32.8,58.1,-0.202,-0.037,221,0
32.77,57.99,-0.107,-0.035,222,0
32.78,57.91,-0.079,0.013,223,0
32.82,57.68,-0.231,0.035,224,0
32.83,57.61,-0.071,0.01,225,0
32.82,57.62,0.013,-0.005,226,0
32.78,57.38,-0.237,-0.044,227,0
32.8,57.28,-0.098,0.019,228,0
32.79,57.26,-0.024,-0.011,229,0
32.74,57.31,0.045,-0.047,230,0
32.75,57.08,-0.23,0.012,231,0
32.76,56.87,-0.205,0.004,232,0
32.71,56.93,0.055,-0.042,233,0
32.73,56.96,0.03,0.01,234,0
32.73,56.98,0.025,0.001,235,0
32.69,57.04,0.058,-0.032,236,0
32.65,56.95,-0.091,-0.045,237,0
32.63,56.77,-0.179,-0.023,238,0
32.61,56.6,-0.17,-0.013,239,0
32.64,56.49,-0.112,0.029,240,0
32.59,56.52,0.032,-0.057,241,0
32.58,56.52,0.001,-0.003,242,0
32.6,56.48,-0.036,0.014,243,0
32.58,56.35,-0.128,-0.022,244,0
32.57,56.38,0.022,-0.007,245,0
32.58,56.14,-0.234,0.008,246,0
32.55,56.11,-0.038,-0.028,247,0
32.5,56.11,0.001,-0.044,248,0
32.54,56.13,0.025,0.039,249,0
32.57,55.94,-0.19,0.025,250,0
32.51,55.82,-0.121,-0.054,251,0
32.52,55.88,0.06,0.003,252,0
32.52,55.87,-0.009,-0.002,253,0
32.48,55.89,0.016,-0.031,254,0
32.43,55.85,-0.038,-0.055,255,0
32.44,55.85,0.002,0.011,256,0
32.43,55.72,-0.131,-0.014,257,0
32.39,55.69,-0.031,-0.033,258,0
32.43,55.71,0.017,0.034,259,0
32.44,55.58,-0.129,0.018,260,0
32.4,55.6,0.025,-0.043,261,0
32.42,55.46,-0.142,0.016,262,0
32.45,55.47,0.013,0.032,263,0
32.43,55.48,0.009,-0.018,264,0
32.47,55.24,-0.237,0.035,265,0
32.45,55.07,-0.173,-0.021,266,0
32.48,55.13,0.056,0.038,267,0
32.5,55.08,-0.044,0.019,268,0
32.46,55.11,0.03,-0.042,269,0
32.47,55.13,0.016,0.013,270,0
32.48,55.1,-0.03,0.005,271,0
32.48,55.12,0.021,0.0,272,0
32.51,54.97,-0.152,0.028,273,0
32.47,54.88,-0.087,-0.035,274,0
32.51,54.65,-0.235,0.034,275,0
32.51,54.63,-0.017,0.003,276,0
32.53,54.64,0.005,0.024,277,0
32.5,54.49,-0.143,-0.034,278,0
32.48,54.3,-0.194,-0.02,279,0
32.47,54.08,-0.217,-0.01,280,0
32.49,53.95,-0.129,0.023,281,0
32.47,53.88,-0.073,-0.019,282,0
32.49,53.73,-0.151,0.014,283,0
32.5,53.56,-0.165,0.009,284,0
32.53,53.61,0.042,0.029,285,0
32.52,53.44,-0.168,-0.002,286,0
32.5,53.23,-0.21,-0.025,287,0
32.53,53.23,0.008,0.031,288,0
32.52,53.08,-0.155,-0.007,289,0
32.56,52.92,-0.16,0.042,290,0
32.59,52.83,-0.091,0.025,291,0
32.57,52.77,-0.063,-0.015,292,0
32.55,52.81,0.05,-0.025,293,0
32.53,52.65,-0.164,-0.024,294,0
32.56,52.64,-0.015,0.034,295,0
32.56,52.43,-0.205,-0.003,296,0
32.54,52.22,-0.215,-0.012,297,0
32.57,52.13,-0.09,0.023,298,0
32.57,51.93,-0.198,0.002,299,0
32.56,51.92,-0.009,-0.008,300,0
32.54,51.71,-0.209,-0.021,301,0
32.57,51.52,-0.192,0.028,302,0
32.59,51.47,-0.046,0.019,303,0
32.58,51.48,0.005,-0.011,304,0
32.56,51.31,-0.17,-0.019,305,0
32.58,51.11,-0.192,0.021,306,0
32.6,51.01,-0.108,0.016,307,0
32.62,51.07,0.059,0.02,308,0
32.6,50.95,-0.111,-0.011,309,0
32.58,50.76,-0.196,-0.022,310,0
32.53,50.65,-0.106,-0.055,311,0
32.55,50.48,-0.177,0.025,312,0
32.53,50.38,-0.099,-0.021,313,0
32.55,50.38,0.003,0.018,314,0
32.59,50.29,-0.094,0.042,315,0
32.58,50.27,-0.012,-0.009,316,0
32.55,50.25,-0.021,-0.036,317,0
32.52,50.16,-0.092,-0.027,318,0
32.47,49.99,-0.17,-0.056,319,0
32.45,49.81,-0.183,-0.013,320,0
32.48,49.82,0.008,0.027,321,0
32.45,49.73,-0.087,-0.025,322,0
32.42,49.63,-0.101,-0.039,323,0
32.41,49.4,-0.223,-0.001,324,0
32.43,49.27,-0.139,0.02,325,0
32.43,49.15,-0.12,-0.005,326,0
32.46,49.2,0.056,0.032,327,0
32.46,49.02,-0.182,-0.006,328,0
32.4,48.87,-0.148,-0.053,329,0
32.37,48.76,-0.113,-0.032,330,0
32.38,48.52,-0.235,0.008,331,0
32.34,48.4,-0.125,-0.037,332,0
32.29,48.3,-0.095,-0.051,333,0
32.25,48.32,0.012,-0.037,334,0
32.27,48.18,-0.137,0.015,335,0
32.25,48.23,0.052,-0.017,336,0
32.21,48.12,-0.113,-0.043,337,0
32.17,48.06,-0.057,-0.036,338,0
32.19,47.98,-0.08,0.015,339,0
32.19,47.99,0.013,0.003,340,0
32.2,47.88,-0.116,0.01,341,0
32.17,47.65,-0.229,-0.031,342,0
32.17,47.69,0.037,-0.005,343,0
32.18,47.57,-0.12,0.011,344,0
32.19,47.38,-0.185,0.012,345,0
32.21,47.38,-0.004,0.02,346,0
32.19,47.22,-0.16,-0.023,347,0
32.18,46.98,-0.231,-0.005,348,0
32.2,47.0,0.012,0.02,349,0
32.2,46.9,-0.096,0.0,350,0
32.24,46.89,-0.016,0.038,351,0
32.27,46.75,-0.14,0.028,352,0
32.24,46.64,-0.11,-0.032,353,0
32.2,46.4,-0.236,-0.038,354,0
32.17,46.36,-0.041,-0.025,355,0
32.19,46.26,-0.103,0.016,356,0
32.22,46.17,-0.088,0.031,357,0
32.2,46.08,-0.088,-0.023,358,0
32.18,45.92,-0.162,-0.014,359,0
32.2,45.7,-0.215,0.013,360,0
32.22,45.47,-0.23,0.026,361,0
32.18,45.39,-0.08,-0.043,362,0
32.14,45.21,-0.184,-0.036,363,0
32.17,45.09,-0.118,0.026,364,0
32.13,44.99,-0.102,-0.037,365,0
32.09,44.77,-0.22,-0.04,366,0
32.05,44.81,0.045,-0.043,367,0
32.07,44.61,-0.207,0.019,368,0
32.1,44.62,0.013,0.026,369,0
32.09,44.58,-0.043,-0.008,370,0
32.13,44.52,-0.056,0.04,371,0
32.09,44.31,-0.206,-0.041,372,0
32.04,44.31,-0.004,-0.042,373,0
32.02,44.34,0.027,-0.02,374,0
32.05,44.18,-0.152,0.026,375,0
32.05,44.07,-0.117,-0.002,376,0
32.01,43.84,-0.229,-0.04,377,0
31.99,43.63,-0.207,-0.015,378,0
31.96,43.57,-0.065,-0.037,379,0
31.92,43.59,0.019,-0.039,380,0
31.88,43.36,-0.229,-0.039,381,0
31.92,43.24,-0.114,0.039,382,0
31.92,43.17,-0.068,-0.002,383,0
31.96,42.96,-0.21,0.041,384,0
31.97,42.81,-0.158,0.011,385,0
31.99,42.65,-0.158,0.026,386,0
31.99,42.43,-0.22,-0.003,387,0
31.98,42.45,0.022,-0.012,388,0
32.0,42.48,0.027,0.019,389,0
32.02,42.52,0.038,0.023,390,0
32.05,42.3,-0.214,0.035,391,0
32.07,42.2,-0.105,0.021,392,0
32.09,42.23,0.028,0.011,393,0
32.06,42.27,0.044,-0.028,394,0
32.02,42.09,-0.179,-0.039,395,0
31.98,42.1,0.012,-0.039,396,0
31.96,42.14,0.037,-0.02,397,0
31.91,41.97,-0.171,-0.046,398,0
31.87,41.97,0.004,-0.041,399,0
31.86,41.82,-0.155,-0.013,400,0
31.89,41.87,0.055,0.034,401,0
31.86,41.64,-0.237,-0.035,402,0
31.88,41.57,-0.069,0.017,403,0
31.85,41.56,-0.011,-0.025,404,0
31.88,41.34,-0.22,0.031,405,0
31.89,41.28,-0.054,0.004,406,0
31.86,41.34,0.058,-0.025,407,0
31.83,41.31,-0.029,-0.035,408,0
31.78,41.26,-0.057,-0.045,409,0
31.82,41.23,-0.028,0.042,410,0
31.82,41.14,-0.09,-0.003,411,0
31.85,40.92,-0.212,0.032,412,0
31.83,40.72,-0.203,-0.019,413,0
31.78,40.59,-0.134,-0.053,414,0
31.78,40.64,0.054,-0.001,415,0
31.73,40.53,-0.109,-0.045,416,0
31.72,40.42,-0.109,-0.015,417,0
31.7,40.3,-0.12,-0.024,418,0
31.72,40.12,-0.187,0.029,419,0
31.7,40.05,-0.072,-0.027,420,0
31.7,40.1,0.055,0.001,421,0
31.72,39.94,-0.159,0.018,422,0
31.66,39.88,-0.062,-0.055,423,0
31.65,39.86,-0.021,-0.007,424,0
31.63,39.78,-0.074,-0.027,425,0
31.64,39.55,-0.237,0.017,426,0
31.66,39.61,0.06,0.018,427,0
31.61,39.62,0.016,-0.055,428,0
31.55,39.4,-0.225,-0.056,429,0
31.5,39.37,-0.024,-0.047,430,0
31.53,39.42,0.05,0.027,431,0
31.49,39.36,-0.06,-0.041,432,0
31.52,39.36,-0.007,0.033,433,0
31.56,39.35,-0.005,0.037,434,0
31.53,39.38,0.026,-0.034,435,0
31.5,39.15,-0.228,-0.031,436,0
31.44,39.08,-0.067,-0.054,437,0
31.47,38.91,-0.171,0.033,438,0
31.44,38.78,-0.134,-0.038,439,0
31.38,38.6,-0.176,-0.057,440,0
31.36,38.41,-0.188,-0.022,441,0
31.38,38.19,-0.226,0.024,442,0
31.41,38.22,0.034,0.023,443,0
31.45,38.09,-0.135,0.04,444,0
31.48,37.88,-0.204,0.031,445,0
31.45,37.71,-0.17,-0.024,446,0
31.47,37.57,-0.14,0.014,447,0
31.43,37.6,0.031,-0.035,448,0
31.43,37.49,-0.117,-0.007,449,0
31.42,37.41,-0.072,-0.001,450,0
31.39,37.38,-0.03,-0.037,451,0
31.41,37.2,-0.18,0.02,452,0
31.37,37.02,-0.18,-0.041,453,0
31.35,37.04,0.017,-0.018,454,0
31.33,36.85,-0.189,-0.015,455,0
31.33,36.61,-0.236,-0.004,456,0
31.35,36.48,-0.134,0.017,457,0
31.36,36.4,-0.077,0.007,458,0
31.38,36.2,-0.202,0.026,459,0
31.4,36.2,-0.002,0.018,460,0
31.43,35.99,-0.211,0.031,461,0
31.45,35.77,-0.221,0.021,462,0
31.43,35.76,-0.013,-0.018,463,0
31.44,35.79,0.034,0.004,464,0
31.47,35.74,-0.054,0.038,465,0
31.44,35.53,-0.203,-0.033,466,0
31.4,35.44,-0.089,-0.038,467,0
31.38,35.35,-0.094,-0.026,468,0
31.34,35.22,-0.127,-0.041,469,0
31.32,35.26,0.034,-0.019,470,0
31.35,35.2,-0.06,0.029,471,0
31.35,35.15,-0.046,-0.001,472,0
31.32,35.18,0.032,-0.023,473,0
31.28,35.24,0.058,-0.048,474,0
31.26,35.04,-0.199,-0.018,475,0
31.22,34.83,-0.215,-0.034,476,0
31.19,34.73,-0.094,-0.034,477,0
31.23,34.62,-0.118,0.037,478,0
31.2,34.63,0.018,-0.03,479,0
31.21,34.49,-0.143,0.009,480,0
31.24,34.41,-0.086,0.034,481,0
31.19,34.24,-0.163,-0.047,482,0
31.21,34.28,0.033,0.013,483,0
31.19,34.31,0.029,-0.015,484,0
31.21,34.2,-0.104,0.019,485,0
31.21,33.97,-0.23,-0.0,486,0
31.23,33.78,-0.191,0.017,487,0
31.2,33.7,-0.078,-0.03,488,0
31.17,33.73,0.024,-0.03,489,0
31.18,33.55,-0.181,0.013,490,0
31.19,33.33,-0.219,0.012,491,0
31.17,33.35,0.02,-0.022,492,0
31.14,33.2,-0.143,-0.03,493,0
31.1,33.18,-0.022,-0.043,494,0
31.05,33.12,-0.064,-0.047,495,0
31.08,32.95,-0.167,0.027,496,0
31.06,32.87,-0.083,-0.013,497,0
31.05,32.9,0.037,-0.011,498,0
31.04,32.71,-0.196,-0.011,499,0
31.02,32.76,0.054,-0.02,500,0
31.05,32.75,-0.016,0.029,501,0
31.0,32.55,-0.192,-0.048,502,0
31.02,32.48,-0.075,0.013,503,0
31.04,32.32,-0.162,0.022,504,0
31.07,32.17,-0.142,0.036,505,0
31.08,32.17,-0.001,0.002,506,0
31.11,32.16,-0.017,0.04,507,0
31.11,32.01,-0.147,-0.003,508,0
31.1,31.92,-0.09,-0.014,509,0
31.12,31.87,-0.048,0.026,510,0
31.09,31.69,-0.179,-0.036,511,0
31.05,31.52,-0.168,-0.04,512,0
31.04,31.46,-0.061,-0.002,513,0
31.02,31.33,-0.132,-0.022,514,0
30.97,31.28,-0.053,-0.052,515,0
30.99,31.14,-0.136,0.014,516,0
31.02,31.1,-0.039,0.039,517,0
31.06,30.95,-0.156,0.031,518,0
31.05,30.81,-0.138,-0.007,519,0
31.07,30.81,-0.003,0.016,520,0
31.09,30.73,-0.079,0.026,521,0
31.13,30.65,-0.076,0.04,522,0
31.12,30.51,-0.142,-0.014,523,0
31.07,30.51,-0.0,-0.044,524,0
31.02,30.51,-0.002,-0.056,525,0
31.0,30.42,-0.086,-0.018,526,0
31.0,30.22,-0.201,0.001,527,0
30.97,30.03,-0.188,-0.027,528,0
31.0,29.86,-0.173,0.021,529,0
31.01,29.88,0.024,0.016,530,0
31.01,29.67,-0.214,0.001,531,0
30.97,29.48,-0.188,-0.041,532,0
30.95,29.3,-0.183,-0.022,533,0
30.95,29.29,-0.012,-0.004,534,0
30.97,29.15,-0.132,0.022,535,0
30.95,29.2,0.042,-0.017,536,0
30.99,29.19,-0.011,0.042,537,0
30.99,29.08,-0.104,-0.002,538,0
31.01,28.9,-0.182,0.019,539,0
31.02,28.93,0.026,0.007,540,0
31.05,28.71,-0.211,0.037,541,0
31.02,28.71,-0.0,-0.033,542,0
30.99,28.56,-0.156,-0.029,543,0
30.99,28.49,-0.066,0.002,544,0
31.0,28.49,-0.002,0.003,545,0
30.98,28.45,-0.042,-0.018,546,0
30.97,28.46,0.011,-0.013,547,0
30.95,28.26,-0.198,-0.017,548,0
30.97,28.1,-0.16,0.026,549,0
31.0,27.97,-0.135,0.027,550,0
30.98,28.02,0.051,-0.021,551,0
30.93,27.84,-0.18,-0.051,552,0
30.94,27.85,0.013,0.007,553,0
30.9,27.62,-0.233,-0.034,554,0
30.92,27.4,-0.216,0.016,555,0
30.88,27.19,-0.213,-0.035,556,0
30.85,27.06,-0.127,-0.037,557,0
30.8,27.01,-0.052,-0.044,558,0
30.79,26.86,-0.149,-0.011,559,0
30.79,26.65,-0.212,0.002,560,0
30.74,26.52,-0.124,-0.057,561,0
30.78,26.3,-0.224,0.039,562,0
30.73,26.34,0.041,-0.043,563,0
30.68,26.25,-0.092,-0.054,564,0
30.66,26.13,-0.118,-0.017,565,0
30.68,26.17,0.039,0.018,566,0
30.63,26.18,0.011,-0.052,567,0
30.66,26.24,0.054,0.03,568,0
30.62,26.11,-0.121,-0.035,569,0
30.66,26.03,-0.081,0.037,570,0
30.66,25.8,-0.235,-0.0,571,0
30.62,25.63,-0.17,-0.04,572,0
30.57,25.47,-0.157,-0.048,573,0
30.58,25.48,0.01,0.009,574,0
30.59,25.5,0.019,0.01,575,0
30.62,25.32,-0.177,0.029,576,0
30.6,25.15,-0.179,-0.016,577,0
30.64,24.91,-0.235,0.036,578,0
30.61,24.86,-0.053,-0.029,579,0
30.6,24.65,-0.21,-0.014,580,0
30.56,24.45,-0.197,-0.037,581,0
30.54,24.24,-0.208,-0.022,582,0
30.51,24.27,0.032,-0.029,583,0
30.47,24.31,0.036,-0.038,584,0
30.46,24.13,-0.185,-0.01,585,0
30.45,24.16,0.03,-0.005,586,0
30.44,24.06,-0.095,-0.015,587,0
30.38,24.1,0.037,-0.054,588,0
30.35,24.12,0.019,-0.036,589,0
30.32,23.95,-0.163,-0.028,590,0
30.27,23.9,-0.051,-0.053,591,0
30.25,23.75,-0.155,-0.014,592,0
30.23,23.53,-0.217,-0.025,593,1
30.22,23.39,-0.136,-0.006,594,1
30.26,23.29,-0.106,0.042,595,1
30.26,23.3,0.013,-0.008,596,1
30.22,23.25,-0.054,-0.038,597,1
30.18,23.1,-0.148,-0.039,598,1
30.15,23.13,0.026,-0.029,599,1
31.29,81.53,-0.161,-0.024,0,0
31.31,81.54,0.008,0.021,1,0
31.29,81.46,-0.076,-0.02,2,0
31.29,81.31,-0.15,-0.001,3,0
31.25,81.39,0.073,-0.042,4,0
31.27,81.42,0.036,0.019,5,0
31.23,81.31,-0.115,-0.036,6,0
31.19,81.33,0.026,-0.045,7,0
31.13,81.27,-0.058,-0.054,8,0
31.09,81.26,-0.02,-0.041,9,0
31.11,81.18,-0.072,0.015,10,0
31.11,81.04,-0.146,0.007,11,0
31.06,81.1,0.067,-0.058,12,0
31.05,80.98,-0.125,-0.008,13,0
31.08,80.85,-0.125,0.03,14,0
31.11,80.77,-0.082,0.036,15,0
31.09,80.6,-0.174,-0.019,16,0
31.07,80.46,-0.143,-0.026,17,0
31.01,80.41,-0.049,-0.057,18,0
31.01,80.42,0.013,-0.0,19,0
31.01,80.26,-0.16,-0.005,20,0
30.99,80.11,-0.148,-0.016,21,0
31.02,79.98,-0.135,0.026,22,0
31.03,79.94,-0.036,0.015,23,0
31.02,79.8,-0.138,-0.013,24,0
31.01,79.86,0.061,-0.006,25,0
31.0,79.72,-0.144,-0.013,26,0
30.98,79.61,-0.107,-0.021,27,0
30.97,79.55,-0.064,-0.013,28,0
30.99,79.52,-0.031,0.027,29,0
30.96,79.56,0.037,-0.033,30,0
30.95,79.45,-0.102,-0.012,31,0
30.93,79.43,-0.022,-0.02,32,0
30.93,79.28,-0.156,-0.003,33,0
30.96,79.29,0.016,0.038,34,0
30.97,79.09,-0.206,0.007,35,0
30.92,79.12,0.038,-0.05,36,0
30.91,79.01,-0.114,-0.007,37,0
30.86,78.97,-0.044,-0.055,38,0
30.85,78.76,-0.208,-0.013,39,0
30.8,78.81,0.051,-0.042,40,0
30.75,78.84,0.027,-0.057,41,0
30.72,78.76,-0.071,-0.025,42,0
30.73,78.75,-0.017,0.007,43,0
30.71,78.77,0.025,-0.02,44,0
30.67,78.63,-0.139,-0.035,45,0
30.7,78.53,-0.103,0.03,46,0
30.74,78.31,-0.216,0.031,47,0
30.7,78.16,-0.158,-0.034,48,0
30.69,78.01,-0.146,-0.016,49,0
30.65,77.94,-0.074,-0.037,50,0
30.65,77.83,-0.107,0.006,51,0
30.6,77.8,-0.027,-0.056,52,0
30.61,77.7,-0.105,0.012,53,0
30.56,77.74,0.04,-0.046,54,0
30.52,77.79,0.054,-0.04,55,0
30.51,77.62,-0.171,-0.017,56,0
30.54,77.65,0.031,0.033,57,0
30.56,77.62,-0.034,0.019,58,0
30.58,77.58,-0.042,0.019,59,0
30.58,77.48,-0.091,0.006,60,0
30.55,77.39,-0.097,-0.037,61,0
30.55,77.39,0.002,0.009,62,0
30.5,77.41,0.016,-0.054,63,0
30.46,77.32,-0.085,-0.038,64,0
30.44,77.22,-0.102,-0.028,65,0
30.45,77.24,0.018,0.011,66,0
30.47,77.22,-0.018,0.028,67,0
30.46,77.14,-0.075,-0.01,68,0
30.48,77.04,-0.106,0.016,69,0
30.52,76.9,-0.132,0.041,70,0
30.47,76.77,-0.129,-0.056,71,0
30.44,76.75,-0.025,-0.028,72,0
30.46,76.57,-0.185,0.024,73,0
30.41,76.55,-0.018,-0.053,74,0
30.41,76.52,-0.032,-0.002,75,0
30.42,76.52,0.003,0.018,76,0
30.41,76.46,-0.063,-0.018,77,0
30.35,76.45,-0.009,-0.055,78,0
30.31,76.34,-0.109,-0.04,79,0
30.26,76.13,-0.208,-0.051,80,0
30.26,76.13,0.003,-0.001,81,0
30.29,76.19,0.062,0.031,82,0
30.25,75.97,-0.222,-0.039,83,0
30.25,75.99,0.017,-0.0,84,0
30.24,75.99,0.004,-0.008,85,0
30.25,75.95,-0.042,0.009,86,0
30.25,75.89,-0.056,-0.005,87,0
30.2,75.72,-0.178,-0.046,88,0
30.21,75.54,-0.18,0.012,89,0
30.23,75.6,0.063,0.019,90,0
30.2,75.61,0.005,-0.035,91,0
30.21,75.41,-0.199,0.015,92,0
30.21,75.46,0.05,-0.005,93,0
30.18,75.48,0.02,-0.028,94,0
30.16,75.33,-0.148,-0.018,95,0
30.1,75.19,-0.139,-0.055,96,0
30.11,75.18,-0.011,0.001,97,0
30.11,75.16,-0.02,0.008,98,0
30.06,75.23,0.065,-0.05,99,0
30.1,75.23,0.005,0.037,100,0
30.14,75.09,-0.136,0.041,101,0
30.09,75.05,-0.046,-0.057,102,0
30.1,74.91,-0.142,0.019,103,0
30.09,74.86,-0.043,-0.017,104,0
30.07,74.65,-0.218,-0.02,105,0
30.07,74.47,-0.172,0.003,106,0
30.06,74.49,0.02,-0.015,107,0
30.02,74.27,-0.226,-0.033,108,0
29.98,74.22,-0.044,-0.042,109,0
29.95,74.3,0.074,-0.035,110,0
29.96,74.34,0.047,0.016,111,0
29.98,74.2,-0.143,0.02,112,0
29.99,74.22,0.017,0.011,113,0
30.0,74.23,0.009,0.011,114,0
29.95,74.25,0.02,-0.051,115,0
29.91,74.24,-0.009,-0.047,116,0
29.93,74.15,-0.085,0.028,117,0
29.94,73.93,-0.225,0.005,118,0
29.91,73.99,0.06,-0.031,119,0
29.86,73.83,-0.16,-0.047,120,0
29.85,73.87,0.039,-0.006,121,0
29.87,73.9,0.033,0.017,122,0
29.82,73.95,0.05,-0.048,123,0
29.79,73.92,-0.031,-0.033,124,0
29.82,73.92,0.005,0.034,125,0
29.86,73.9,-0.029,0.032,126,0
29.81,73.87,-0.03,-0.049,127,0
29.84,73.64,-0.226,0.036,128,0
29.8,73.65,0.006,-0.047,129,0
29.8,73.44,-0.21,0.001,130,0
29.8,73.26,-0.179,0.005,131,0
29.83,73.04,-0.214,0.03,132,0
29.82,72.88,-0.165,-0.007,133,0
29.82,72.81,-0.064,-0.007,134,0
29.85,72.86,0.043,0.038,135,0
29.81,72.65,-0.207,-0.043,136,0
29.77,72.47,-0.181,-0.042,137,0
29.77,72.53,0.057,-0.003,138,0
29.79,72.5,-0.031,0.019,139,0
29.81,72.52,0.024,0.026,140,0
29.85,72.39,-0.128,0.036,141,0
29.79,72.36,-0.028,-0.057,142,0
29.78,72.18,-0.182,-0.008,143,0
29.76,72.13,-0.052,-0.025,144,0
29.76,72.07,-0.057,0.006,145,0
29.73,71.98,-0.086,-0.031,146,0
29.73,71.78,-0.204,-0.004,147,0
29.73,71.68,-0.099,0.001,148,0
29.73,71.49,-0.193,0.002,149,0
29.76,71.53,0.042,0.027,150,0
29.75,71.36,-0.175,-0.011,151,0
29.69,71.25,-0.109,-0.057,152,0
29.65,71.03,-0.216,-0.045,153,0
29.65,70.81,-0.221,0.004,154,0
29.65,70.72,-0.089,0.005,155,0
29.7,70.74,0.015,0.041,156,0
29.7,70.64,-0.1,0.009,157,0
29.67,70.67,0.038,-0.03,158,0
29.7,70.51,-0.161,0.022,159,0
29.7,70.4,-0.112,0.007,160,0
29.68,70.37,-0.034,-0.025,161,0
29.7,70.3,-0.07,0.024,162,0
29.64,70.22,-0.081,-0.058,163,0
29.66,70.04,-0.173,0.015,164,0
29.67,69.91,-0.138,0.008,165,0
29.64,69.88,-0.029,-0.029,166,0
29.62,69.85,-0.029,-0.021,167,0
29.56,69.74,-0.104,-0.057,168,0
29.59,69.55,-0.199,0.034,169,0
29.58,69.61,0.061,-0.013,170,0
29.54,69.45,-0.152,-0.04,171,0
29.54,69.5,0.047,-0.001,172,0
29.56,69.4,-0.105,0.023,173,0
29.53,69.38,-0.015,-0.033,174,0
29.55,69.27,-0.113,0.018,175,0
29.58,69.04,-0.226,0.033,176,0
29.56,68.9,-0.138,-0.021,177,0
29.58,68.72,-0.186,0.018,178,0
29.52,68.7,-0.019,-0.054,179,0
29.54,68.58,-0.12,0.011,180,0
29.53,68.48,-0.099,-0.008,181,0
29.52,68.28,-0.203,-0.005,182,0
29.5,68.18,-0.094,-0.022,183,0
29.51,68.24,0.056,0.01,184,0
29.54,68.3,0.065,0.029,185,0
29.51,68.33,0.022,-0.031,186,0
29.5,68.36,0.037,-0.007,187,0
29.48,68.18,-0.182,-0.023,188,0
29.46,68.17,-0.011,-0.013,189,0
29.46,68.09,-0.077,-0.007,190,0
29.47,67.95,-0.143,0.013,191,0
29.51,67.85,-0.103,0.041,192,0
29.48,67.91,0.062,-0.035,193,0
29.46,67.69,-0.215,-0.018,194,0
29.48,67.61,-0.087,0.019,195,0
29.46,67.67,0.065,-0.018,196,0
29.41,67.62,-0.051,-0.046,197,0
29.41,67.57,-0.052,-0.002,198,0
29.44,67.49,-0.081,0.033,199,0
29.48,67.53,0.04,0.032,200,0
29.42,67.34,-0.186,-0.053,201,0
29.42,67.19,-0.149,0.002,202,0
29.38,67.08,-0.11,-0.042,203,0
29.39,66.98,-0.103,0.004,204,0
29.37,66.76,-0.223,-0.017,205,0
29.36,66.55,-0.204,-0.013,206,0
29.36,66.6,0.053,-0.0,207,0
29.39,66.43,-0.173,0.031,208,0
29.43,66.32,-0.113,0.04,209,0
29.46,66.36,0.046,0.036,210,0
29.42,66.34,-0.029,-0.043,211,0
29.42,66.38,0.048,0.002,212,0
29.42,66.44,0.059,-0.004,213,0
29.44,66.28,-0.162,0.017,214,0
29.46,66.27,-0.006,0.028,215,0
29.46,66.17,-0.106,-0.007,216,0
29.44,66.16,-0.013,-0.013,217,0
29.48,65.99,-0.17,0.033,218,0
29.45,65.89,-0.096,-0.028,219,0
29.44,65.74,-0.152,-0.006,220,0
29.48,65.53,-0.212,0.036,221,0
29.51,65.54,0.016,0.031,222,0
29.46,65.56,0.018,-0.049,223,0
29.46,65.39,-0.166,-0.006,224,0
29.47,65.22,-0.169,0.018,225,0
29.51,65.02,-0.201,0.041,226,0
29.46,64.92,-0.106,-0.056,227,0
29.43,64.96,0.043,-0.029,228,0
29.47,64.75,-0.211,0.039,229,0
29.5,64.73,-0.017,0.035,230,0
29.51,64.55,-0.182,0.003,231,0
29.45,64.55,-0.002,-0.052,232,0
29.47,64.56,0.011,0.016,233,0
29.5,64.53,-0.028,0.027,234,0
29.51,64.57,0.035,0.015,235,0
29.47,64.51,-0.057,-0.037,236,0
29.44,64.32,-0.191,-0.038,237,0
29.43,64.33,0.017,-0.009,238,0
29.43,64.15,-0.181,0.005,239,0
29.39,64.09,-0.063,-0.045,240,0
29.38,64.04,-0.049,-0.004,241,0
29.41,64.01,-0.033,0.025,242,0
29.37,63.9,-0.111,-0.042,243,0
29.4,63.91,0.009,0.036,244,0
29.43,63.72,-0.186,0.032,245,0
29.47,63.59,-0.127,0.039,246,0
29.42,63.56,-0.032,-0.053,247,0
29.39,63.39,-0.171,-0.025,248,0
29.39,63.23,-0.157,-0.001,249,0
29.38,63.15,-0.081,-0.016,250,0
29.4,63.11,-0.044,0.022,251,0
29.37,63.07,-0.04,-0.032,252,0
29.35,63.12,0.045,-0.018,253,0
29.35,63.16,0.048,-0.002,254,0
29.37,63.23,0.067,0.019,255,0
29.41,63.28,0.05,0.039,256,0
29.45,63.06,-0.216,0.04,257,0
29.44,62.95,-0.115,-0.005,258,0
29.39,62.99,0.038,-0.05,259,0
29.36,62.96,-0.029,-0.034,260,0
29.34,63.01,0.054,-0.014,261,0
29.29,62.91,-0.104,-0.048,262,0
29.29,62.84,-0.068,-0.001,263,0
29.25,62.91,0.067,-0.043,264,0
29.28,62.91,0.003,0.033,265,0
29.3,62.88,-0.034,0.019,266,0
29.24,62.91,0.029,-0.058,267,0
29.28,62.75,-0.152,0.035,268,0
29.23,62.67,-0.079,-0.046,269,0
29.2,62.5,-0.177,-0.036,270,0
29.16,62.29,-0.205,-0.039,271,0
29.13,62.26,-0.028,-0.027,272,0
29.07,62.16,-0.105,-0.057,273,0
29.07,62.08,-0.077,-0.009,274,0
29.01,62.05,-0.034,-0.051,275,0
28.99,62.12,0.071,-0.023,276,0
28.94,61.96,-0.159,-0.05,277,0
28.95,61.91,-0.054,0.008,278,0
28.91,61.97,0.064,-0.044,279,0
28.91,61.84,-0.126,0.004,280,0
28.91,61.87,0.024,0.001,281,0
28.87,61.66,-0.205,-0.039,282,0
28.83,61.58,-0.081,-0.037,283,0
28.81,61.37,-0.214,-0.029,284,0
28.78,61.2,-0.171,-0.029,285,0
28.75,61.27,0.073,-0.031,286,0
28.74,61.18,-0.092,-0.003,287,0
28.71,60.95,-0.226,-0.031,288,0
28.7,60.86,-0.097,-0.014,289,0
28.68,60.92,0.061,-0.017,290,0
28.64,60.73,-0.188,-0.036,291,0
28.68,60.8,0.07,0.034,292,0
28.69,60.84,0.039,0.011,293,0
28.66,60.75,-0.085,-0.026,294,0
28.67,60.76,0.007,0.002,295,0
28.67,60.77,0.01,0.005,296,0
28.68,60.84,0.067,0.01,297,0
28.72,60.87,0.03,0.039,298,0
28.73,60.67,-0.199,0.011,299,0
28.69,60.73,0.062,-0.042,300,0
28.66,60.66,-0.065,-0.024,301,0
28.64,60.52,-0.146,-0.02,302,0
28.59,60.58,0.065,-0.055,303,0
28.59,60.6,0.018,-0.003,304,0
28.53,60.48,-0.12,-0.058,305,0
28.54,60.36,-0.122,0.016,306,0
28.57,60.35,-0.008,0.022,307,0
28.59,60.22,-0.13,0.025,308,0
28.61,60.07,-0.148,0.013,309,0
28.61,60.03,-0.041,0.008,310,0
28.62,59.88,-0.152,0.008,311,0
28.57,59.93,0.05,-0.054,312,0
28.56,59.85,-0.079,-0.011,313,0
28.5,59.64,-0.211,-0.057,314,0
28.52,59.49,-0.153,0.024,315,0
28.5,59.27,-0.223,-0.027,316,0
28.45,59.31,0.042,-0.047,317,0
28.39,59.16,-0.143,-0.057,318,0
28.4,59.17,0.002,0.002,319,0
28.39,59.18,0.01,-0.004,320,0
28.41,59.0,-0.173,0.022,321,0
28.38,58.78,-0.219,-0.038,322,0
28.39,58.67,-0.112,0.018,323,0
28.41,58.68,0.004,0.015,324,0
28.4,58.46,-0.214,-0.007,325,0
28.4,58.51,0.048,-0.004,326,0
28.44,58.4,-0.106,0.036,327,0
28.45,58.37,-0.038,0.011,328,0
28.43,58.15,-0.22,-0.014,329,0
28.39,58.08,-0.064,-0.043,330,0
28.39,57.95,-0.13,0.002,331,0
28.43,57.83,-0.125,0.039,332,0
28.44,57.72,-0.112,0.011,333,0
28.4,57.7,-0.014,-0.038,334,0
28.37,57.54,-0.165,-0.035,335,0
28.32,57.53,-0.01,-0.045,336,0
28.28,57.32,-0.21,-0.039,337,0
28.25,57.39,0.069,-0.028,338,0
28.25,57.42,0.029,-0.008,339,0
28.19,57.34,-0.074,-0.053,340,0
28.18,57.35,0.004,-0.015,341,0
28.19,57.13,-0.214,0.014,342,0
28.18,57.09,-0.045,-0.01,343,0
28.18,57.15,0.064,0.001,344,0
28.19,56.94,-0.214,0.01,345,0
28.2,56.75,-0.191,0.011,346,0
28.23,56.55,-0.198,0.025,347,0
28.23,56.57,0.02,0.004,348,0
28.26,56.64,0.067,0.028,349,0
28.22,56.43,-0.203,-0.038,350,0
28.18,56.46,0.031,-0.044,351,0
28.13,56.35,-0.109,-0.048,352,0
28.1,56.23,-0.126,-0.031,353,0
28.05,56.1,-0.125,-0.054,354,0
28.03,55.93,-0.177,-0.019,355,0
27.98,55.76,-0.17,-0.047,356,0
27.96,55.71,-0.048,-0.018,357,0
27.95,55.57,-0.138,-0.013,358,0
27.99,55.55,-0.021,0.04,359,0
27.96,55.37,-0.182,-0.027,360,0
27.95,55.32,-0.046,-0.011,361,0
27.94,55.1,-0.224,-0.011,362,0
27.95,54.95,-0.144,0.013,363,0
27.97,54.82,-0.137,0.014,364,0
27.92,54.88,0.061,-0.053,365,0
27.95,54.81,-0.067,0.031,366,0
27.98,54.82,0.005,0.033,367,0
27.93,54.86,0.042,-0.05,368,0
27.9,54.86,-0.001,-0.03,369,0
27.92,54.85,-0.003,0.024,370,0
27.94,54.8,-0.055,0.014,371,0
27.92,54.75,-0.053,-0.016,372,0
27.94,54.76,0.012,0.022,373,0
27.9,54.83,0.073,-0.045,374,0
27.87,54.73,-0.104,-0.034,375,0
27.86,54.71,-0.015,-0.001,376,0
27.84,54.76,0.051,-0.022,377,0
27.8,54.83,0.067,-0.045,378,0
27.81,54.72,-0.111,0.016,379,0
27.77,54.58,-0.136,-0.045,380,0
27.76,54.5,-0.08,-0.003,381,0
27.73,54.41,-0.092,-0.037,382,0
27.71,54.3,-0.11,-0.018,383,0
27.73,54.17,-0.127,0.023,384,0
27.68,54.06,-0.108,-0.054,385,0
27.66,53.96,-0.108,-0.015,386,0
27.61,53.73,-0.224,-0.054,387,0
27.64,53.73,-0.007,0.03,388,0
27.64,53.53,-0.2,0.005,389,0
27.59,53.38,-0.146,-0.058,390,0
27.54,53.32,-0.063,-0.046,391,0
27.54,53.35,0.032,0.0,392,0
27.58,53.3,-0.049,0.04,393,0
27.6,53.09,-0.209,0.016,394,0
27.55,53.06,-0.035,-0.044,395,0
27.55,52.87,-0.186,0.002,396,0
27.57,52.75,-0.125,0.01,397,0
27.55,52.75,0.004,-0.012,398,0
27.54,52.64,-0.115,-0.012,399,0
27.51,52.59,-0.047,-0.035,400,0
27.51,52.4,-0.193,0.006,401,0
27.49,52.23,-0.17,-0.019,402,0
27.51,52.01,-0.211,0.013,403,0
27.46,51.92,-0.097,-0.045,404,0
27.44,51.98,0.064,-0.024,405,0
27.43,52.0,0.018,-0.009,406,0
27.4,51.86,-0.138,-0.026,407,0
27.44,51.88,0.017,0.04,408,0
27.4,51.83,-0.049,-0.045,409,0
27.41,51.7,-0.131,0.016,410,0
27.38,51.76,0.063,-0.03,411,0
27.36,51.62,-0.141,-0.026,412,0
27.31,51.55,-0.072,-0.046,413,0
27.31,51.33,-0.221,-0.002,414,0
27.31,51.32,-0.011,0.001,415,0
27.29,51.19,-0.122,-0.023,416,0
27.32,51.03,-0.163,0.03,417,0
27.33,51.06,0.027,0.018,418,0
27.32,50.95,-0.107,-0.018,419,0
27.32,50.98,0.034,0.001,420,0
27.27,50.96,-0.021,-0.044,421,0
27.27,50.89,-0.078,-0.009,422,0
27.25,50.75,-0.132,-0.018,423,0
27.29,50.53,-0.223,0.039,424,0
27.31,50.43,-0.104,0.023,425,0
27.28,50.45,0.026,-0.027,426,0
27.27,50.35,-0.099,-0.014,427,0
27.3,50.22,-0.137,0.028,428,0
27.28,50.04,-0.18,-0.016,429,0
27.22,50.09,0.05,-0.057,430,0
27.24,49.92,-0.167,0.022,431,0
27.24,49.71,-0.207,-0.008,432,0
27.22,49.49,-0.218,-0.021,433,0
27.16,49.33,-0.167,-0.058,434,0
27.17,49.23,-0.094,0.009,435,0
27.12,49.2,-0.036,-0.049,436,0
27.07,49.12,-0.077,-0.049,437,0
27.04,49.02,-0.099,-0.024,438,0
26.99,48.93,-0.094,-0.052,439,0
26.96,48.74,-0.188,-0.033,440,0
26.93,48.54,-0.204,-0.034,441,0
26.91,48.41,-0.128,-0.014,442,0
26.92,48.26,-0.147,0.013,443,0
26.94,48.32,0.064,0.015,444,0
26.89,48.21,-0.117,-0.049,445,0
26.9,48.23,0.017,0.011,446,0
26.89,48.3,0.07,-0.012,447,0
26.9,48.09,-0.21,0.014,448,0
26.94,47.9,-0.189,0.035,449,0
26.94,47.69,-0.202,0.006,450,0
26.94,47.62,-0.069,-0.001,451,0
26.98,47.52,-0.107,0.038,452,0
27.01,47.57,0.055,0.026,453,0
26.97,47.47,-0.105,-0.037,454,0
27.0,47.34,-0.127,0.03,455,0
26.96,47.28,-0.06,-0.039,456,0
26.96,47.15,-0.13,0.002,457,0
26.97,47.0,-0.147,0.009,458,0
26.97,46.92,-0.088,-0.004,459,0
26.98,46.69,-0.224,0.01,460,0
26.94,46.48,-0.212,-0.04,461,0
26.95,46.33,-0.153,0.016,462,0
26.94,46.24,-0.083,-0.011,463,0
26.94,46.24,-0.007,-0.004,464,0
26.88,46.08,-0.153,-0.058,465,0
26.88,46.05,-0.034,-0.002,466,0
26.88,45.87,-0.177,0.002,467,0
26.85,45.78,-0.097,-0.034,468,0
26.87,45.61,-0.169,0.023,469,0
26.87,45.59,-0.019,0.002,470,0
26.89,45.51,-0.083,0.02,471,0
26.89,45.32,-0.186,-0.002,472,0
26.86,45.35,0.032,-0.03,473,0
26.89,45.14,-0.214,0.028,474,0
26.86,45.19,0.05,-0.026,475,0
26.89,45.19,0.003,0.023,476,0
26.92,45.24,0.054,0.031,477,0
26.92,45.16,-0.088,0.003,478,0
26.88,45.11,-0.048,-0.04,479,0
26.87,44.93,-0.177,-0.011,480,0
26.9,44.77,-0.155,0.035,481,0
26.92,44.6,-0.178,0.014,482,0
26.93,44.63,0.034,0.007,483,0
26.89,44.42,-0.212,-0.035,484,0
26.89,44.25,-0.172,-0.001,485,0
26.93,44.1,-0.151,0.041,486,0
26.93,43.89,-0.207,0.003,487,0
26.96,43.73,-0.158,0.021,488,0
26.93,43.66,-0.071,-0.029,489,0
26.9,43.5,-0.163,-0.029,490,0
26.9,43.47,-0.028,0.002,491,0
26.93,43.4,-0.069,0.031,492,0
26.94,43.18,-0.224,0.009,493,0
26.91,43.05,-0.127,-0.026,494,0
26.94,42.85,-0.201,0.026,495,0
26.89,42.83,-0.019,-0.046,496,0
26.93,42.72,-0.11,0.033,497,0
26.91,42.63,-0.094,-0.015,498,0
26.91,42.61,-0.019,0.004,499,0
26.95,42.44,-0.166,0.037,500,0
26.89,42.25,-0.189,-0.058,501,0
26.91,42.28,0.023,0.02,502,0
26.88,42.34,0.069,-0.037,503,0
26.9,42.16,-0.18,0.019,504,0
26.9,42.07,-0.097,0.004,505,0
26.93,42.08,0.007,0.033,506,0
26.92,42.0,-0.078,-0.012,507,0
26.96,41.84,-0.161,0.035,508,0
26.97,41.73,-0.102,0.014,509,0
26.92,41.72,-0.016,-0.055,510,0
26.95,41.61,-0.107,0.034,511,0
26.89,41.6,-0.007,-0.056,512,0
26.84,41.62,0.015,-0.058,513,0
26.78,41.56,-0.059,-0.053,514,0
26.73,41.45,-0.113,-0.055,515,0
26.69,41.4,-0.042,-0.041,516,0
26.66,41.33,-0.075,-0.028,517,0
26.61,41.29,-0.037,-0.05,518,0
26.61,41.31,0.021,0.006,519,0
26.59,41.32,0.011,-0.029,520,0
26.62,41.11,-0.21,0.031,521,0
26.63,40.97,-0.145,0.009,522,0
26.62,41.0,0.034,-0.011,523,0
26.61,41.0,0.001,-0.008,524,0
26.59,40.91,-0.098,-0.016,525,0
26.63,40.79,-0.115,0.034,526,0
26.61,40.82,0.026,-0.015,527,0
26.64,40.64,-0.178,0.026,528,0
26.62,40.49,-0.153,-0.018,529,0
26.63,40.5,0.015,0.008,530,0
26.65,40.38,-0.119,0.026,531,0
26.63,40.4,0.017,-0.018,532,0
26.6,40.46,0.06,-0.032,533,0
26.55,40.36,-0.103,-0.051,534,0
26.52,40.3,-0.054,-0.032,535,0
26.52,40.25,-0.048,0.006,536,0
26.52,40.09,-0.164,-0.006,537,0
26.52,39.93,-0.161,0.0,538,0
26.53,39.94,0.005,0.009,539,0
26.55,39.93,-0.002,0.025,540,0
26.58,39.92,-0.014,0.026,541,0
26.53,39.87,-0.047,-0.051,542,0
26.54,39.83,-0.047,0.012,543,0
26.54,39.73,-0.098,0.0,544,0
26.51,39.69,-0.04,-0.027,545,0
26.54,39.56,-0.132,0.028,546,0
26.56,39.51,-0.047,0.022,547,0
26.59,39.34,-0.164,0.024,548,0
26.57,39.35,0.006,-0.015,549,0
26.53,39.19,-0.161,-0.045,550,0
26.53,39.03,-0.16,0.001,551,0
26.48,39.07,0.042,-0.048,552,0
26.49,38.88,-0.196,0.013,553,0
26.53,38.82,-0.051,0.035,554,0
26.54,38.76,-0.066,0.007,555,0
26.57,38.73,-0.028,0.033,556,0
26.54,38.6,-0.127,-0.03,557,0
26.5,38.66,0.054,-0.036,558,0
26.51,38.44,-0.221,0.012,559,0
26.5,38.26,-0.172,-0.013,560,0
26.54,38.26,-0.004,0.04,561,0
26.5,38.3,0.036,-0.045,562,0
26.5,38.13,-0.168,0.001,563,0
26.53,38.06,-0.067,0.033,564,0
26.5,38.12,0.055,-0.028,565,0
26.54,38.14,0.022,0.034,566,0
26.52,37.96,-0.178,-0.019,567,0
26.51,37.87,-0.088,-0.008,568,0
26.54,37.79,-0.079,0.026,569,0
26.53,37.8,0.006,-0.006,570,0
26.48,37.85,0.046,-0.046,571,0
26.49,37.75,-0.091,0.006,572,0
26.44,37.72,-0.032,-0.053,573,0
26.48,37.69,-0.029,0.039,574,0
26.46,37.55,-0.139,-0.02,575,0
26.47,37.34,-0.211,0.011,576,0
26.43,37.41,0.07,-0.038,577,0
26.43,37.4,-0.009,-0.001,578,0
26.4,37.29,-0.115,-0.028,579,0
26.4,37.29,-0.002,-0.001,580,0
26.43,37.22,-0.065,0.029,581,0
26.37,37.08,-0.145,-0.056,582,0
26.37,37.05,-0.022,-0.007,583,0
26.37,37.03,-0.02,0.004,584,0
26.39,36.98,-0.056,0.021,585,0
26.4,36.81,-0.168,0.009,586,0
26.34,36.66,-0.154,-0.058,587,0
26.38,36.61,-0.04,0.033,588,0
26.36,36.43,-0.18,-0.019,589,0
26.38,36.24,-0.19,0.025,590,0
26.41,36.04,-0.208,0.03,591,0
26.39,35.93,-0.101,-0.02,592,0
26.34,35.75,-0.187,-0.049,593,0
26.37,35.62,-0.129,0.032,594,0
26.38,35.61,-0.007,0.01,595,0
26.35,35.51,-0.104,-0.031,596,0
26.39,35.43,-0.077,0.034,597,0
26.36,35.49,0.058,-0.026,598,0
26.34,35.49,-0.001,-0.023,599,0
32.91,78.96,-0.236,-0.05,0,0
32.89,78.88,-0.081,-0.021,1,0
32.88,78.88,-0.002,-0.013,2,0
32.84,78.8,-0.079,-0.042,3,0
32.82,78.77,-0.033,-0.019,4,0
32.8,78.65,-0.114,-0.02,5,0
32.76,78.51,-0.14,-0.04,6,0
32.79,78.54,0.03,0.031,7,0
32.81,78.38,-0.16,0.022,8,0
32.8,78.32,-0.061,-0.008,9,0
32.76,78.17,-0.149,-0.041,10,0
32.73,78.19,0.016,-0.035,11,0
32.76,78.11,-0.079,0.036,12,0
32.71,78.17,0.061,-0.053,13,0
32.74,78.17,-0.005,0.029,14,0
32.77,78.17,0.008,0.032,15,0
32.76,78.16,-0.019,-0.01,16,0
32.75,78.21,0.05,-0.014,17,0
32.75,77.98,-0.224,0.007,18,0
32.73,77.99,0.005,-0.028,19,0
32.72,78.02,0.037,-0.004,20,0
32.69,77.91,-0.115,-0.038,21,0
32.66,77.91,0.001,-0.022,22,0
32.67,77.69,-0.223,0.006,23,0
32.62,77.61,-0.078,-0.052,24,0
32.65,77.55,-0.055,0.032,25,0
32.62,77.54,-0.014,-0.034,26,0
32.56,77.5,-0.038,-0.054,27,0
32.57,77.49,-0.007,0.009,28,0
32.56,77.5,0.009,-0.007,29,0
32.59,77.41,-0.093,0.03,30,0
32.6,77.42,0.008,0.003,31,0
32.63,77.33,-0.092,0.029,32,0
32.59,77.19,-0.137,-0.04,33,0
32.55,77.03,-0.157,-0.034,34,0
32.52,76.91,-0.121,-0.028,35,0
32.5,76.68,-0.234,-0.023,36,0
32.47,76.45,-0.225,-0.034,37,0
32.45,76.44,-0.012,-0.017,38,0
32.42,76.41,-0.031,-0.025,39,0
32.47,76.33,-0.085,0.043,40,0
32.46,76.26,-0.066,-0.005,41,0
32.43,76.21,-0.046,-0.033,42,0
32.38,76.05,-0.163,-0.053,43,0
32.41,75.91,-0.137,0.028,44,0
32.36,75.9,-0.01,-0.05,45,0
32.34,75.86,-0.041,-0.012,46,0
32.35,75.68,-0.187,0.007,47,0
32.36,75.52,-0.157,0.01,48,0
32.31,75.52,0.005,-0.05,49,0
32.26,75.36,-0.168,-0.046,50,0
32.27,75.39,0.035,0.005,51,0
32.25,75.38,-0.009,-0.022,52,0
32.28,75.23,-0.154,0.029,53,0
32.24,75.0,-0.233,-0.036,54,0
32.19,74.85,-0.144,-0.051,55,0
32.21,74.64,-0.209,0.02,56,0
32.2,74.6,-0.038,-0.008,57,0
32.19,74.53,-0.078,-0.009,58,0
32.23,74.47,-0.055,0.041,59,0
32.21,74.27,-0.204,-0.024,60,0
32.2,74.18,-0.084,-0.012,61,0
32.23,74.03,-0.158,0.036,62,0
32.19,73.94,-0.081,-0.039,63,0
32.19,73.71,-0.237,-0.003,64,0
32.22,73.69,-0.021,0.029,65,0
32.23,73.54,-0.142,0.009,66,0
32.24,73.57,0.024,0.015,67,0
32.22,73.57,0.004,-0.027,68,0
32.18,73.51,-0.067,-0.039,69,0
32.15,73.46,-0.044,-0.033,70,0
32.13,73.51,0.053,-0.012,71,0
32.11,73.5,-0.017,-0.019,72,0
32.13,73.42,-0.073,0.017,73,0
32.09,73.41,-0.011,-0.038,74,0
32.09,73.3,-0.112,-0.007,75,0
32.05,73.34,0.04,-0.034,76,0
32.04,73.36,0.017,-0.011,77,0
32.03,73.33,-0.028,-0.017,78,0
32.03,73.15,-0.183,0.004,79,0
32.04,73.11,-0.041,0.009,80,0
32.02,73.07,-0.034,-0.018,81,0
32.02,73.13,0.057,-0.002,82,0
32.04,73.16,0.03,0.022,83,0
32.04,73.06,-0.097,-0.005,84,0
32.0,72.91,-0.149,-0.04,85,0
31.98,72.79,-0.124,-0.019,86,0
31.95,72.65,-0.136,-0.024,87,0
31.96,72.6,-0.051,0.004,88,0
31.94,72.37,-0.231,-0.013,89,0
31.9,72.18,-0.192,-0.042,90,0
31.87,72.16,-0.02,-0.033,91,0
31.86,72.06,-0.096,-0.01,92,0
31.86,71.98,-0.087,0.003,93,0
31.9,72.03,0.056,0.033,94,0
31.91,71.86,-0.17,0.013,95,0
31.86,71.8,-0.066,-0.051,96,0
31.88,71.8,0.006,0.021,97,0
31.91,71.69,-0.109,0.027,98,0
31.92,71.72,0.024,0.017,99,0
31.91,71.67,-0.05,-0.01,100,0
31.91,71.63,-0.037,0.0,101,0
31.96,71.64,0.005,0.044,102,0
31.97,71.57,-0.064,0.015,103,0
32.0,71.36,-0.217,0.024,104,0
31.97,71.24,-0.112,-0.024,105,0
31.97,71.07,-0.177,-0.002,106,0
32.0,71.12,0.059,0.033,107,0
32.01,71.05,-0.075,0.008,108,0
32.0,70.82,-0.226,-0.01,109,0
32.0,70.65,-0.175,-0.003,110,0
31.95,70.52,-0.132,-0.048,111,0
31.9,70.43,-0.09,-0.049,112,0
31.88,70.36,-0.064,-0.018,113,0
31.9,70.42,0.058,0.021,114,0
31.87,70.37,-0.05,-0.038,115,0
31.83,70.38,0.01,-0.034,116,0
31.83,70.22,-0.159,-0.004,117,0
31.83,70.11,-0.115,-0.002,118,0
31.87,70.13,0.02,0.041,119,0
31.85,70.1,-0.032,-0.015,120,0
31.86,69.9,-0.193,0.004,121,0
31.82,69.87,-0.034,-0.037,122,0
31.84,69.91,0.043,0.024,123,0
31.85,69.86,-0.057,0.008,124,0
31.81,69.72,-0.138,-0.046,125,0
31.81,69.74,0.026,-0.0,126,0
31.81,69.55,-0.192,0.002,127,0
31.8,69.55,-0.001,-0.003,128,0
31.82,69.43,-0.122,0.011,129,0
31.81,69.42,-0.009,-0.004,130,0
31.84,69.22,-0.198,0.026,131,0
31.83,69.18,-0.043,-0.006,132,0
31.82,69.22,0.037,-0.016,133,0
31.86,69.21,-0.01,0.042,134,0
31.81,68.98,-0.227,-0.043,135,0
31.77,68.88,-0.102,-0.042,136,0
31.73,68.78,-0.094,-0.04,137,0
31.72,68.71,-0.072,-0.016,138,0
31.68,68.66,-0.056,-0.032,139,0
31.7,68.5,-0.155,0.016,140,0
31.73,68.46,-0.039,0.03,141,0
31.74,68.42,-0.04,0.006,142,0
31.69,68.32,-0.102,-0.05,143,0
31.64,68.3,-0.024,-0.05,144,0
31.63,68.21,-0.091,-0.009,145,0
31.66,68.15,-0.054,0.031,146,0
31.69,68.15,-0.003,0.032,147,0
31.65,68.21,0.061,-0.036,148,0
31.64,68.08,-0.132,-0.01,149,0
31.63,68.08,0.002,-0.011,150,0
31.65,68.06,-0.016,0.022,151,0
31.66,68.08,0.014,0.011,152,0
31.62,68.1,0.026,-0.045,153,0
31.63,67.96,-0.139,0.008,154,0
31.65,67.93,-0.034,0.022,155,0
31.69,67.83,-0.106,0.036,156,0
31.7,67.69,-0.131,0.009,157,0
31.7,67.61,-0.081,0.007,158,0
31.72,67.58,-0.035,0.019,159,0
31.74,67.5,-0.083,0.016,160,0
31.69,67.34,-0.154,-0.05,161,0
31.68,67.21,-0.128,-0.004,162,0
31.73,67.04,-0.175,0.042,163,0
31.7,66.89,-0.145,-0.024,164,0
31.65,66.8,-0.093,-0.05,165,0
31.61,66.84,0.038,-0.045,166,0
31.57,66.65,-0.192,-0.032,167,0
31.55,66.6,-0.044,-0.023,168,0
31.54,66.38,-0.223,-0.015,169,0
31.49,66.44,0.059,-0.044,170,0
31.48,66.39,-0.05,-0.016,171,0
31.48,66.43,0.042,-0.002,172,0
31.43,66.22,-0.216,-0.051,173,0
31.46,66.17,-0.046,0.033,174,0
31.45,66.07,-0.103,-0.01,175,0
31.48,65.85,-0.222,0.033,176,0
31.52,65.68,-0.168,0.042,177,0
31.53,65.68,0.003,0.008,178,0
31.53,65.55,-0.131,-0.004,179,0
31.57,65.39,-0.159,0.043,180,0
31.55,65.33,-0.066,-0.026,181,0
31.59,65.36,0.037,0.044,182,0
31.58,65.37,0.008,-0.013,183,0
31.62,65.39,0.019,0.04,184,0
31.57,65.4,0.006,-0.048,185,0
31.53,65.22,-0.173,-0.041,186,0
31.49,65.08,-0.142,-0.033,187,0
31.51,64.99,-0.088,0.011,188,0
31.49,65.01,0.023,-0.019,189,0
31.47,65.06,0.046,-0.018,190,0
31.43,65.03,-0.026,-0.039,191,0
31.44,65.07,0.035,0.012,192,0
31.41,65.03,-0.039,-0.032,193,0
31.45,64.94,-0.085,0.041,194,0
31.42,64.94,-0.006,-0.034,195,0
31.42,64.71,-0.227,0.002,196,0
31.42,64.5,-0.211,0.001,197,0
31.43,64.54,0.039,0.011,198,0
31.48,64.49,-0.045,0.045,199,0
31.44,64.32,-0.17,-0.037,200,0
31.47,64.11,-0.211,0.031,201,0
31.42,64.1,-0.017,-0.048,202,0
31.44,63.96,-0.134,0.019,203,0
31.44,63.89,-0.077,0.003,204,0
31.39,63.89,0.001,-0.053,205,0
31.36,63.79,-0.098,-0.034,206,0
31.34,63.64,-0.15,-0.016,207,0
31.31,63.54,-0.097,-0.029,208,0
31.27,63.36,-0.185,-0.043,209,0
31.27,63.34,-0.015,0.002,210,0
31.28,63.27,-0.075,0.01,211,0
31.27,63.31,0.039,-0.006,212,0
31.31,63.29,-0.016,0.037,213,0
31.3,63.24,-0.055,-0.012,214,0
31.28,63.13,-0.105,-0.021,215,0
31.31,63.18,0.047,0.035,216,0
31.32,62.96,-0.215,0.012,217,0
31.32,62.84,-0.117,0.0,218,0
31.36,62.8,-0.044,0.039,219,0
31.32,62.83,0.029,-0.045,220,0
31.29,62.83,-0.002,-0.025,221,0
31.29,62.67,-0.156,-0.007,222,0
31.24,62.64,-0.028,-0.049,223,0
31.26,62.58,-0.061,0.027,224,0
31.26,62.41,-0.177,-0.006,225,0
31.21,62.3,-0.103,-0.052,226,0
31.21,62.36,0.061,0.004,227,0
31.17,62.34,-0.022,-0.042,228,0
31.18,62.23,-0.116,0.012,229,0
31.22,62.29,0.061,0.042,230,0
31.17,62.28,-0.007,-0.052,231,0
31.21,62.09,-0.192,0.041,232,0
31.25,62.04,-0.048,0.042,233,0
31.26,62.03,-0.013,0.003,234,0
31.24,61.98,-0.044,-0.016,235,0
31.2,61.99,0.008,-0.043,236,0
31.18,62.02,0.029,-0.013,237,0
31.14,61.92,-0.102,-0.043,238,0
31.18,61.9,-0.014,0.044,239,0
31.22,61.79,-0.114,0.04,240,0
31.27,61.55,-0.238,0.045,241,0
31.31,61.54,-0.014,0.037,242,0
31.33,61.38,-0.155,0.026,243,0
31.29,61.42,0.039,-0.041,244,0
31.25,61.44,0.017,-0.042,245,0
31.29,61.4,-0.034,0.043,246,0
31.3,61.25,-0.157,0.004,247,0
31.33,61.02,-0.226,0.035,248,0
31.32,60.85,-0.175,-0.011,249,0
31.29,60.73,-0.111,-0.033,250,0
31.27,60.62,-0.112,-0.019,251,0
31.22,60.61,-0.016,-0.046,252,0
31.23,60.63,0.021,0.007,253,0
31.24,60.49,-0.14,0.009,254,0
31.22,60.33,-0.155,-0.015,255,0
31.17,60.18,-0.156,-0.052,256,0
31.14,59.99,-0.189,-0.03,257,0
31.09,60.01,0.02,-0.049,258,0
31.08,59.86,-0.147,-0.015,259,0
31.11,59.73,-0.13,0.033,260,0
31.14,59.54,-0.196,0.026,261,0
31.09,59.54,0.006,-0.044,262,0
31.09,59.42,-0.123,-0.006,263,0
31.05,59.22,-0.199,-0.033,264,0
31.08,59.15,-0.068,0.023,265,0
31.11,59.02,-0.131,0.036,266,0
31.12,58.9,-0.124,0.006,267,0
31.12,58.76,-0.138,0.003,268,0
31.08,58.57,-0.191,-0.037,269,0
31.07,58.54,-0.032,-0.017,270,0
31.09,58.56,0.026,0.026,271,0
31.04,58.42,-0.148,-0.05,272,0
31.07,58.24,-0.173,0.031,273,0
31.1,58.24,-0.0,0.027,274,0
31.14,58.1,-0.141,0.042,275,0
31.12,58.09,-0.015,-0.021,276,0
31.14,57.87,-0.219,0.017,277,0
31.18,57.69,-0.175,0.039,278,0
31.2,57.74,0.053,0.023,279,0
31.17,57.78,0.04,-0.029,280,0
31.16,57.71,-0.073,-0.007,281,0
31.2,57.53,-0.184,0.036,282,0
31.15,57.36,-0.169,-0.055,283,0
31.11,57.26,-0.097,-0.031,284,0
31.08,57.09,-0.168,-0.03,285,0
31.07,56.96,-0.13,-0.017,286,0
31.02,56.95,-0.016,-0.047,287,0
31.0,56.91,-0.032,-0.026,288,0
30.96,56.93,0.011,-0.04,289,0
30.93,56.72,-0.21,-0.029,290,0
30.92,56.71,-0.003,-0.009,291,0
30.92,56.63,-0.083,0.004,292,0
30.87,56.49,-0.143,-0.049,293,0
30.82,56.51,0.024,-0.054,294,0
30.8,56.28,-0.234,-0.023,295,0
30.79,56.11,-0.165,-0.005,296,0
30.75,56.0,-0.107,-0.045,297,0
30.76,55.82,-0.18,0.015,298,0
30.76,55.83,0.003,-0.005,299,0
30.77,55.61,-0.22,0.017,300,0
30.81,55.53,-0.077,0.042,301,0
30.78,55.32,-0.212,-0.034,302,0
30.73,55.11,-0.213,-0.046,303,0
30.7,54.89,-0.218,-0.032,304,0
30.69,54.79,-0.094,-0.014,305,0
30.73,54.75,-0.049,0.04,306,0
30.75,54.51,-0.234,0.025,307,0
30.74,54.3,-0.215,-0.009,308,0
30.76,54.07,-0.224,0.012,309,0
30.73,54.02,-0.049,-0.023,310,0
30.71,53.88,-0.148,-0.022,311,0
30.66,53.77,-0.102,-0.05,312,0
30.67,53.73,-0.045,0.01,313,0
30.7,53.49,-0.237,0.031,314,0
30.71,53.5,0.009,0.011,315,0
30.74,53.34,-0.165,0.026,316,0
30.78,53.12,-0.216,0.039,317,0
30.8,52.94,-0.184,0.019,318,0
30.75,52.7,-0.234,-0.052,319,0
30.7,52.52,-0.183,-0.049,320,0
30.69,52.57,0.05,-0.012,321,0
30.7,52.43,-0.137,0.01,322,0
30.73,52.48,0.045,0.036,323,0
30.71,52.24,-0.232,-0.022,324,0
30.67,52.26,0.011,-0.038,325,0
30.63,52.24,-0.016,-0.045,326,0
30.57,52.24,-0.001,-0.052,327,0
30.52,52.12,-0.115,-0.051,328,0
30.49,51.98,-0.143,-0.029,329,0
30.5,51.96,-0.016,0.002,330,0
30.54,51.73,-0.232,0.043,331,0
30.57,51.61,-0.117,0.034,332,0
30.59,51.44,-0.176,0.019,333,0
30.55,51.24,-0.196,-0.041,334,0
30.5,51.04,-0.197,-0.051,335,0
30.47,51.1,0.059,-0.032,336,0
30.43,51.16,0.055,-0.042,337,0
30.38,51.12,-0.039,-0.05,338,0
30.39,51.0,-0.125,0.011,339,0
30.4,50.79,-0.209,0.011,340,0
30.35,50.73,-0.054,-0.05,341,0
30.37,50.52,-0.215,0.021,342,0
30.34,50.36,-0.161,-0.024,343,0
30.3,50.19,-0.171,-0.045,344,0
30.26,50.02,-0.17,-0.037,345,0
30.25,49.83,-0.184,-0.017,346,0
30.27,49.89,0.054,0.025,347,0
30.29,49.7,-0.19,0.018,348,0
30.32,49.53,-0.162,0.028,349,0
30.29,49.42,-0.114,-0.027,350,0
30.27,49.22,-0.2,-0.024,351,0
30.24,49.13,-0.088,-0.025,352,0
30.25,49.13,0.003,0.006,353,0
30.19,49.03,-0.11,-0.054,354,0
30.19,48.87,-0.159,-0.004,355,0
30.16,48.76,-0.109,-0.028,356,0
30.18,48.74,-0.014,0.018,357,0
30.16,48.68,-0.063,-0.019,358,0
30.15,48.57,-0.107,-0.01,359,0
30.16,48.54,-0.037,0.008,360,0
30.13,48.56,0.022,-0.031,361,0
30.13,48.52,-0.039,0.0,362,0
30.09,48.47,-0.05,-0.037,363,0
30.06,48.37,-0.096,-0.032,364,0
30.08,48.26,-0.117,0.023,365,0
30.04,48.12,-0.138,-0.037,366,0
30.08,48.0,-0.123,0.041,367,0
30.06,47.87,-0.127,-0.022,368,0
30.03,47.88,0.016,-0.028,369,0
30.02,47.88,-0.009,-0.016,370,0
30.04,47.69,-0.191,0.024,371,0
30.04,47.71,0.024,-0.004,372,0
30.03,47.66,-0.052,-0.013,373,0
30.0,47.51,-0.148,-0.028,374,0
29.98,47.51,-0.003,-0.018,375,0
30.01,47.34,-0.163,0.03,376,0
29.97,47.31,-0.029,-0.039,377,0
29.99,47.34,0.025,0.023,378,0
30.03,47.39,0.047,0.037,379,0
30.05,47.27,-0.12,0.017,380,0
30.03,47.23,-0.038,-0.021,381,0
30.04,47.16,-0.07,0.015,382,0
30.03,47.13,-0.028,-0.014,383,0
30.06,47.12,-0.009,0.033,384,0
30.09,47.06,-0.065,0.034,385,0
30.06,47.04,-0.014,-0.039,386,0
30.09,46.87,-0.177,0.036,387,0
30.08,46.85,-0.011,-0.016,388,0
30.04,46.89,0.039,-0.04,389,0
30.03,46.69,-0.207,-0.007,390,0
30.02,46.5,-0.191,-0.009,391,0
30.06,46.45,-0.045,0.038,392,0
30.08,46.5,0.047,0.02,393,0
30.04,46.42,-0.074,-0.032,394,0
30.08,46.27,-0.157,0.039,395,0
30.08,46.12,-0.152,-0.0,396,0
30.07,46.03,-0.088,-0.012,397,0
30.02,45.99,-0.037,-0.052,398,0
30.0,45.99,-0.003,-0.016,399,0
29.98,45.91,-0.076,-0.025,400,0
29.99,45.81,-0.097,0.009,401,0
30.01,45.76,-0.053,0.02,402,0
30.03,45.75,-0.01,0.024,403,0
29.99,45.54,-0.215,-0.045,404,0
30.0,45.56,0.02,0.012,405,0
29.95,45.47,-0.088,-0.045,406,0
29.95,45.5,0.031,-0.003,407,0
29.94,45.32,-0.179,-0.009,408,0
29.89,45.09,-0.229,-0.053,409,0
29.88,45.1,0.004,-0.008,410,0
29.87,44.97,-0.124,-0.008,411,0
29.9,44.78,-0.188,0.028,412,0
29.86,44.55,-0.237,-0.045,413,0
29.84,44.47,-0.077,-0.013,414,0
29.84,44.38,-0.093,0.0,415,0
29.85,44.35,-0.024,0.001,416,0
29.86,44.16,-0.196,0.018,417,0
29.82,44.09,-0.066,-0.043,418,0
29.86,44.15,0.056,0.043,419,0
29.83,44.03,-0.118,-0.035,420,0
29.85,44.02,-0.007,0.023,421,0
29.82,43.91,-0.105,-0.037,422,0
29.84,43.87,-0.045,0.029,423,0
29.89,43.86,-0.013,0.044,424,0
29.87,43.81,-0.048,-0.016,425,0
29.85,43.78,-0.027,-0.02,426,0
29.89,43.66,-0.116,0.037,427,0
29.84,43.48,-0.181,-0.044,428,0
29.88,43.29,-0.196,0.038,429,0
29.89,43.31,0.02,0.004,430,0
29.83,43.34,0.032,-0.054,431,0
29.84,43.22,-0.119,0.002,432,0
29.85,43.13,-0.086,0.012,433,0
29.8,43.19,0.06,-0.044,434,0
29.82,43.15,-0.045,0.015,435,0
29.79,43.03,-0.123,-0.026,436,0
29.8,42.93,-0.1,0.007,437,0
29.81,42.82,-0.103,0.012,438,0
29.85,42.71,-0.114,0.034,439,0
29.82,42.54,-0.171,-0.022,440,0
29.77,42.48,-0.058,-0.052,441,0
29.73,42.53,0.049,-0.044,442,0
29.75,42.4,-0.133,0.022,443,0
29.74,42.17,-0.23,-0.015,444,0
29.74,42.14,-0.022,0.002,445,0
29.74,41.99,-0.156,0.004,446,0
29.69,41.98,-0.01,-0.047,447,0
29.67,41.81,-0.17,-0.028,448,0
29.66,41.65,-0.156,-0.007,449,0
29.69,41.61,-0.038,0.028,450,0
29.65,41.57,-0.041,-0.034,451,0
29.65,41.54,-0.032,-0.002,452,0
29.6,41.33,-0.208,-0.05,453,0
29.63,41.26,-0.069,0.025,454,0
29.64,41.1,-0.158,0.018,455,0
29.68,41.15,0.049,0.032,456,0
29.64,41.06,-0.09,-0.033,457,0
29.61,40.85,-0.216,-0.03,458,0
29.57,40.77,-0.075,-0.045,459,0
29.54,40.54,-0.235,-0.027,460,0
29.55,40.5,-0.042,0.004,461,0
29.57,40.46,-0.041,0.022,462,0
29.54,40.23,-0.224,-0.024,463,0
29.51,40.26,0.032,-0.039,464,0
29.47,40.3,0.036,-0.04,465,0
29.5,40.23,-0.069,0.033,466,0
29.54,40.25,0.018,0.038,467,0
29.54,40.13,-0.117,-0.0,468,0
29.58,39.9,-0.228,0.042,469,0
29.58,39.93,0.025,0.005,470,0
29.54,39.76,-0.164,-0.04,471,0
29.57,39.81,0.048,0.022,472,0
29.6,39.65,-0.161,0.035,473,0
29.58,39.69,0.042,-0.025,474,0
29.54,39.53,-0.16,-0.039,475,0
29.51,39.31,-0.22,-0.023,476,0
29.46,39.1,-0.216,-0.049,477,0
29.51,39.0,-0.095,0.044,478,0
29.54,38.8,-0.209,0.029,479,0
29.49,38.84,0.04,-0.045,480,0
29.47,38.87,0.038,-0.017,481,0
29.5,38.66,-0.214,0.024,482,0
29.51,38.45,-0.208,0.015,483,0
29.51,38.24,-0.212,-0.005,484,0
29.47,38.06,-0.177,-0.041,485,0
29.47,38.04,-0.026,0.003,486,0
29.5,37.89,-0.145,0.03,487,0
29.46,37.66,-0.233,-0.041,488,0
29.47,37.69,0.034,0.012,489,0
29.51,37.46,-0.237,0.042,490,0
29.54,37.37,-0.082,0.025,491,0
29.49,37.16,-0.211,-0.046,492,0
29.49,36.96,-0.198,-0.002,493,0
29.47,36.98,0.017,-0.025,494,0
29.46,36.78,-0.197,-0.006,495,0
29.48,36.76,-0.029,0.022,496,0
29.52,36.7,-0.056,0.042,497,0
29.52,36.61,-0.095,-0.004,498,0
29.49,36.51,-0.091,-0.025,499,0
29.5,36.4,-0.109,0.006,500,0
29.52,36.24,-0.166,0.024,501,0
29.56,36.02,-0.214,0.037,502,0
29.57,35.94,-0.088,0.007,503,0
29.61,35.73,-0.205,0.044,504,0
29.61,35.53,-0.201,0.003,505,0
29.58,35.38,-0.152,-0.03,506,0
29.56,35.19,-0.192,-0.02,507,0
29.52,35.21,0.025,-0.047,508,0
29.55,35.04,-0.167,0.037,509,0
29.5,34.87,-0.173,-0.05,510,0
29.49,34.81,-0.059,-0.012,511,0
29.48,34.77,-0.039,-0.016,512,0
29.45,34.66,-0.116,-0.03,513,0
29.41,34.52,-0.135,-0.038,514,0
29.43,34.38,-0.141,0.021,515,0
29.41,34.29,-0.089,-0.024,516,0
29.37,34.08,-0.215,-0.041,517,0
29.36,33.95,-0.129,-0.006,518,0
29.4,33.95,0.005,0.039,519,0
29.4,33.86,-0.098,-0.001,520,0
29.37,33.83,-0.027,-0.027,521,0
29.41,33.75,-0.08,0.036,522,0
29.41,33.64,-0.11,0.006,523,0
29.45,33.55,-0.086,0.043,524,0
29.5,33.49,-0.059,0.043,525,0
29.45,33.26,-0.229,-0.044,526,0
29.47,33.32,0.059,0.015,527,0
29.46,33.19,-0.136,-0.01,528,0
29.5,33.23,0.044,0.037,529,0
29.48,33.06,-0.176,-0.018,530,0
29.51,32.97,-0.087,0.034,531,0
29.47,32.99,0.018,-0.036,532,0
29.43,32.94,-0.047,-0.046,533,0
29.41,32.75,-0.191,-0.014,534,0
29.39,32.74,-0.01,-0.019,535,0
29.37,32.61,-0.128,-0.029,536,0
29.36,32.64,0.024,-0.007,537,0
29.31,32.6,-0.039,-0.047,538,0
29.32,32.62,0.02,0.01,539,0
29.35,32.46,-0.156,0.029,540,0
29.38,32.23,-0.236,0.027,541,0
29.42,32.14,-0.085,0.041,542,0
29.38,32.03,-0.112,-0.037,543,0
29.4,31.8,-0.226,0.015,544,0
29.42,31.7,-0.104,0.026,545,0
29.37,31.72,0.025,-0.055,546,0
29.4,31.68,-0.047,0.026,547,0
29.4,31.56,-0.115,0.005,548,0
29.44,31.53,-0.036,0.044,549,0
29.4,31.53,0.003,-0.045,550,0
29.36,31.33,-0.197,-0.041,551,0
29.32,31.23,-0.096,-0.038,552,0
29.28,31.15,-0.088,-0.044,553,0
29.3,31.01,-0.133,0.024,554,0
29.27,30.82,-0.19,-0.032,555,0
29.23,30.75,-0.072,-0.037,556,0
29.21,30.68,-0.071,-0.027,557,0
29.2,30.6,-0.077,-0.008,558,0
29.2,30.63,0.022,-0.002,559,0
29.2,30.5,-0.131,0.006,560,0
29.15,30.44,-0.059,-0.052,561,0
29.1,30.28,-0.156,-0.051,562,0
29.07,30.27,-0.013,-0.028,563,0
29.03,30.21,-0.056,-0.043,564,0
29.05,30.09,-0.126,0.023,565,0
29.09,30.06,-0.027,0.039,566,0
29.04,29.92,-0.134,-0.052,567,0
29.06,29.94,0.018,0.023,568,0
29.1,29.76,-0.18,0.042,569,0
29.14,29.81,0.045,0.038,570,0
29.15,29.62,-0.189,0.009,571,0
29.19,29.56,-0.06,0.037,572,0
29.22,29.32,-0.236,0.038,573,0
29.23,29.17,-0.151,0.009,574,0
29.21,29.22,0.043,-0.019,575,0
29.26,29.12,-0.091,0.043,576,0
29.25,29.07,-0.058,-0.008,577,0
29.21,28.9,-0.166,-0.042,578,0
29.24,28.82,-0.076,0.03,579,0
29.21,28.59,-0.231,-0.025,580,0
29.25,28.54,-0.051,0.036,581,0
29.23,28.52,-0.024,-0.022,582,0
29.23,28.37,-0.148,0.006,583,0
29.19,28.39,0.024,-0.042,584,0
29.21,28.38,-0.009,0.021,585,0
29.22,28.18,-0.209,0.011,586,0
29.22,28.02,-0.152,0.001,587,0
29.2,28.03,0.002,-0.026,588,0
29.15,28.05,0.027,-0.042,589,0
29.11,27.83,-0.227,-0.046,590,0
29.11,27.74,-0.085,0.001,591,0
29.06,27.69,-0.055,-0.053,592,0
29.04,27.51,-0.171,-0.02,593,0
29.04,27.57,0.056,0.001,594,0
28.98,27.55,-0.025,-0.052,595,0
28.98,27.61,0.061,-0.008,596,0
28.93,27.54,-0.062,-0.043,597,0
28.9,27.35,-0.194,-0.033,598,0
28.92,27.31,-0.04,0.018,599,0
34.26,80.95,-0.056,-0.054,0,0
34.26,80.96,0.009,0.0,1,0
34.29,81.01,0.052,0.036,2,0
34.3,81.01,0.0,0.004,3,0
34.32,80.87,-0.143,0.022,4,0
34.29,80.8,-0.072,-0.027,5,0
34.31,80.74,-0.062,0.018,6,0
34.32,80.75,0.015,0.005,7,0
34.33,80.64,-0.106,0.009,8,0
34.31,80.62,-0.028,-0.019,9,0
34.31,80.43,-0.189,0.006,10,0
34.26,80.36,-0.072,-0.054,11,0
34.21,80.14,-0.215,-0.05,12,0
34.2,80.0,-0.136,-0.009,13,0
34.22,79.84,-0.165,0.02,14,0
34.25,79.72,-0.124,0.034,15,0
34.23,79.51,-0.21,-0.023,16,0
34.18,79.4,-0.102,-0.046,17,0
34.19,79.24,-0.168,0.011,18,0
34.2,79.02,-0.214,0.004,19,0
34.16,78.95,-0.07,-0.041,20,0
34.1,78.78,-0.169,-0.053,21,0
34.1,78.63,-0.151,-0.007,22,0
34.1,78.52,-0.116,0.006,23,0
34.13,78.47,-0.043,0.03,24,0
34.11,78.33,-0.146,-0.025,25,0
34.1,78.32,-0.003,-0.005,26,0
34.08,78.36,0.038,-0.023,27,0
34.02,78.39,0.028,-0.054,28,0
33.99,78.24,-0.15,-0.037,29,0
34.02,78.23,-0.012,0.035,30,0
34.0,78.04,-0.183,-0.025,31,0
33.95,77.81,-0.234,-0.052,32,0
33.96,77.6,-0.211,0.016,33,0
33.98,77.46,-0.143,0.017,34,0
34.02,77.32,-0.132,0.039,35,0
33.97,77.21,-0.116,-0.044,36,0
33.95,77.13,-0.075,-0.024,37,0
33.99,76.98,-0.151,0.04,38,0
33.97,77.03,0.043,-0.017,39,0
33.97,77.04,0.015,0.001,40,0
33.94,76.92,-0.121,-0.039,41,0
33.93,76.74,-0.186,-0.01,42,0
33.95,76.57,-0.163,0.021,43,0
33.91,76.4,-0.169,-0.041,44,0
33.92,76.41,0.003,0.012,45,0
33.88,76.26,-0.148,-0.037,46,0
33.83,76.09,-0.168,-0.047,47,0
33.87,76.05,-0.043,0.037,48,0
33.85,75.85,-0.193,-0.017,49,0
33.8,75.63,-0.221,-0.053,50,0
33.81,75.65,0.013,0.005,51,0
33.84,75.53,-0.117,0.035,52,0
33.85,75.5,-0.028,0.005,53,0
33.8,75.4,-0.102,-0.045,54,0
33.76,75.25,-0.146,-0.04,55,0
33.72,75.06,-0.193,-0.042,56,0
33.7,74.91,-0.144,-0.014,57,0
33.73,74.84,-0.073,0.022,58,0
33.71,74.88,0.036,-0.019,59,0
33.67,74.72,-0.163,-0.038,60,0
33.67,74.6,-0.113,0.005,61,0
33.72,74.51,-0.093,0.044,62,0
33.69,74.28,-0.234,-0.033,63,0
33.67,74.08,-0.197,-0.02,64,0
33.63,73.85,-0.225,-0.034,65,0
33.64,73.87,0.017,0.003,66,0
33.61,73.79,-0.085,-0.025,67,0
33.64,73.78,-0.001,0.027,68,0
33.6,73.55,-0.233,-0.04,69,0
33.61,73.44,-0.11,0.012,70,0
33.61,73.22,-0.22,0.002,71,0
33.58,73.18,-0.042,-0.034,72,0
33.57,73.13,-0.049,-0.006,73,0
33.58,73.04,-0.089,0.005,74,0
33.59,72.81,-0.234,0.009,75,0
33.59,72.63,-0.18,0.003,76,0
33.54,72.49,-0.133,-0.045,77,0
33.57,72.3,-0.191,0.029,78,0
33.59,72.18,-0.122,0.017,79,0
33.58,72.03,-0.151,-0.006,80,0
33.57,71.95,-0.081,-0.018,81,0
33.54,72.0,0.056,-0.024,82,0
33.54,71.99,-0.017,0.003,83,0
33.58,71.94,-0.049,0.035,84,0
33.55,71.77,-0.167,-0.027,85,0
33.57,71.77,-0.001,0.017,86,0
33.53,71.83,0.058,-0.042,87,0
33.57,71.66,-0.165,0.041,88,0
33.56,71.62,-0.04,-0.008,89,0
33.56,71.66,0.04,-0.002,90,0
33.54,71.45,-0.212,-0.022,91,0
33.55,71.3,-0.148,0.018,92,0
33.54,71.32,0.016,-0.011,93,0
33.5,71.32,-0.0,-0.043,94,0
33.52,71.17,-0.146,0.02,95,0
33.53,71.0,-0.176,0.006,96,0
33.56,71.04,0.039,0.037,97,0
33.61,71.0,-0.034,0.042,98,0
33.59,70.9,-0.107,-0.013,99,0
33.54,70.79,-0.107,-0.049,100,0
33.54,70.61,-0.182,-0.008,101,0
33.52,70.64,0.034,-0.013,102,0
33.55,70.44,-0.198,0.023,103,0
33.5,70.26,-0.187,-0.047,104,0
33.48,70.23,-0.025,-0.023,105,0
33.46,70.16,-0.071,-0.015,106,0
33.48,69.95,-0.213,0.017,107,0
33.44,69.73,-0.217,-0.042,108,0
33.39,69.52,-0.214,-0.044,109,0
33.39,69.42,-0.092,-0.0,110,0
33.34,69.47,0.043,-0.053,111,0
33.33,69.42,-0.046,-0.007,112,0
33.31,69.31,-0.107,-0.022,113,0
33.27,69.12,-0.194,-0.035,114,0
33.27,69.03,-0.089,-0.001,115,0
33.22,68.97,-0.059,-0.048,116,0
33.25,68.78,-0.194,0.027,117,0
33.22,68.7,-0.08,-0.027,118,0
33.21,68.62,-0.081,-0.014,119,0
33.16,68.65,0.038,-0.047,120,0
33.12,68.51,-0.149,-0.04,121,0
33.07,68.36,-0.142,-0.053,122,0
33.09,68.14,-0.226,0.019,123,0
33.07,68.04,-0.099,-0.022,124,0
33.07,68.08,0.037,0.002,125,0
33.11,68.0,-0.074,0.036,126,0
33.08,67.81,-0.191,-0.031,127,0
33.04,67.79,-0.026,-0.034,128,0
33.02,67.63,-0.157,-0.021,129,0
33.02,67.59,-0.037,-0.005,130,0
33.02,67.47,-0.121,0.006,131,0
33.01,67.27,-0.197,-0.007,132,0
33.03,67.33,0.054,0.016,133,0
33.04,67.12,-0.204,0.011,134,0
33.05,66.95,-0.175,0.013,135,0
33.06,66.84,-0.111,0.002,136,0
33.03,66.87,0.03,-0.021,137,0
33.03,66.7,-0.172,-0.003,138,0
32.99,66.47,-0.223,-0.045,139,0
33.02,66.32,-0.153,0.032,140,0
33.04,66.33,0.009,0.025,141,0
33.03,66.14,-0.186,-0.012,142,0
33.02,66.0,-0.147,-0.012,143,0
33.05,66.02,0.025,0.032,144,0
33.03,66.05,0.026,-0.018,145,0
33.03,66.05,0.007,-0.006,146,0
33.0,66.12,0.063,-0.024,147,0
33.04,65.99,-0.131,0.041,148,0
33.04,66.02,0.038,-0.006,149,0
33.05,66.04,0.015,0.012,150,0
33.07,65.9,-0.141,0.02,151,0
33.11,65.85,-0.051,0.043,152,0
33.1,65.69,-0.157,-0.011,153,0
33.09,65.54,-0.147,-0.013,154,0
33.11,65.36,-0.186,0.026,155,0
33.13,65.3,-0.062,0.016,156,0
33.08,65.31,0.014,-0.053,157,0
33.04,65.2,-0.113,-0.041,158,0
33.02,64.96,-0.233,-0.014,159,0
33.02,64.77,-0.196,0.002,160,0
33.02,64.63,-0.137,-0.002,161,0
32.98,64.49,-0.135,-0.044,162,0
32.93,64.51,0.01,-0.05,163,0
32.89,64.4,-0.109,-0.043,164,0
32.87,64.3,-0.101,-0.013,165,0
32.88,64.21,-0.087,0.005,166,0
32.85,64.04,-0.166,-0.023,167,0
32.84,63.81,-0.229,-0.011,168,0
32.81,63.81,-0.002,-0.029,169,0
32.84,63.84,0.028,0.031,170,0
32.85,63.63,-0.213,0.002,171,0
32.88,63.48,-0.145,0.032,172,0
32.91,63.44,-0.038,0.035,173,0
32.94,63.27,-0.179,0.024,174,0
32.93,63.12,-0.147,-0.006,175,0
32.96,63.05,-0.07,0.03,176,0
32.98,63.09,0.045,0.015,177,0
32.92,63.08,-0.016,-0.055,178,0
32.96,63.12,0.038,0.042,179,0
32.95,63.1,-0.018,-0.009,180,0
32.94,63.13,0.028,-0.018,181,0
32.91,63.15,0.024,-0.026,182,0
32.9,63.11,-0.038,-0.009,183,0
32.91,62.94,-0.174,0.01,184,0
32.86,62.86,-0.076,-0.046,185,0
32.88,62.76,-0.099,0.013,186,0
32.92,62.81,0.049,0.043,187,0
32.89,62.62,-0.192,-0.031,188,0
32.91,62.52,-0.102,0.018,189,0
32.86,62.33,-0.188,-0.05,190,0
32.87,62.26,-0.065,0.015,191,0
32.89,62.12,-0.14,0.017,192,0
32.88,62.01,-0.117,-0.015,193,0
32.82,61.99,-0.016,-0.054,194,0
32.83,61.82,-0.176,0.008,195,0
32.86,61.78,-0.034,0.03,196,0
32.88,61.78,0.0,0.026,197,0
32.83,61.67,-0.107,-0.055,198,0
32.79,61.46,-0.215,-0.041,199,0
32.75,61.46,0.003,-0.04,200,0
32.78,61.47,0.011,0.029,201,0
32.79,61.51,0.032,0.017,202,0
32.79,61.43,-0.08,-0.005,203,0
32.77,61.27,-0.155,-0.016,204,0
32.81,61.11,-0.159,0.041,205,0
32.78,61.04,-0.072,-0.035,206,0
32.77,61.03,-0.009,-0.013,207,0
32.77,60.93,-0.1,0.002,208,0
32.79,60.7,-0.228,0.024,209,0
32.83,60.52,-0.185,0.043,210,0
32.82,60.45,-0.073,-0.015,211,0
32.83,60.43,-0.018,0.009,212,0
32.81,60.4,-0.026,-0.017,213,0
32.82,60.42,0.02,0.009,214,0
32.86,60.26,-0.159,0.037,215,0
32.89,60.3,0.032,0.032,216,0
32.84,60.24,-0.055,-0.053,217,0
32.87,60.3,0.061,0.037,218,0
32.89,60.15,-0.151,0.016,219,0
32.92,59.93,-0.219,0.031,220,0
32.93,59.74,-0.191,0.007,221,0
32.88,59.73,-0.006,-0.046,222,0
32.85,59.67,-0.066,-0.034,223,0
32.86,59.45,-0.22,0.01,224,0
32.8,59.48,0.032,-0.055,225,0
32.78,59.28,-0.203,-0.022,226,0
32.77,59.16,-0.118,-0.008,227,0
32.77,59.16,0.001,-0.002,228,0
32.79,59.13,-0.028,0.016,229,0
32.82,58.92,-0.217,0.033,230,0
32.82,58.75,-0.17,-0.003,231,0
32.83,58.66,-0.082,0.009,232,0
32.77,58.65,-0.017,-0.052,233,0
32.73,58.49,-0.158,-0.048,234,0
32.7,58.34,-0.151,-0.028,235,0
32.68,58.12,-0.216,-0.015,236,0
32.66,58.15,0.033,-0.021,237,0
32.69,58.13,-0.029,0.028,238,0
32.7,57.95,-0.178,0.008,239,0
32.69,57.74,-0.204,-0.004,240,0
32.67,57.57,-0.17,-0.024,241,0
32.67,57.43,-0.139,-0.005,242,0
32.67,57.26,-0.176,0.007,243,0
32.71,57.03,-0.231,0.037,244,0
32.69,56.95,-0.08,-0.023,245,0
32.64,56.8,-0.151,-0.044,246,0
32.63,56.81,0.017,-0.01,247,0
32.59,56.66,-0.156,-0.046,248,0
32.53,56.7,0.043,-0.051,249,0
32.56,56.73,0.032,0.024,250,0
32.54,56.69,-0.038,-0.015,251,0
32.56,56.64,-0.053,0.014,252,0
32.52,56.6,-0.041,-0.035,253,0
32.51,56.57,-0.025,-0.012,254,0
32.51,56.37,-0.203,-0.004,255,0
32.55,56.25,-0.118,0.043,256,0
32.54,56.17,-0.08,-0.013,257,0
32.54,55.96,-0.21,0.002,258,0
32.52,55.98,0.013,-0.017,259,0
32.54,55.85,-0.128,0.018,260,0
32.55,55.77,-0.079,0.011,261,0
32.5,55.58,-0.187,-0.049,262,0
32.52,55.61,0.026,0.017,263,0
32.5,55.63,0.024,-0.022,264,0
32.46,55.69,0.059,-0.034,265,0
32.44,55.51,-0.178,-0.02,266,0
32.45,55.44,-0.073,0.004,267,0
32.44,55.33,-0.108,-0.011,268,0
32.42,55.14,-0.19,-0.018,269,0
32.39,55.02,-0.126,-0.031,270,0
32.4,54.86,-0.161,0.01,271,0
32.39,54.85,-0.004,-0.004,272,0
32.38,54.7,-0.15,-0.016,273,0
32.33,54.66,-0.037,-0.046,274,0
32.35,54.7,0.037,0.015,275,0
32.29,54.57,-0.135,-0.051,276,0
32.29,54.54,-0.031,-0.001,277,0
32.28,54.38,-0.155,-0.013,278,0
32.29,54.31,-0.071,0.005,279,0
32.31,54.14,-0.173,0.026,280,0
32.26,54.14,-0.002,-0.055,281,0
32.24,54.14,0.002,-0.021,282,0
32.26,53.95,-0.188,0.027,283,0
32.28,53.77,-0.181,0.02,284,0
32.29,53.66,-0.106,0.001,285,0
32.26,53.62,-0.041,-0.03,286,0
32.24,53.41,-0.214,-0.018,287,0
32.19,53.39,-0.013,-0.049,288,0
32.22,53.25,-0.139,0.032,289,0
32.2,53.13,-0.124,-0.025,290,0
32.16,52.93,-0.203,-0.031,291,0
32.16,52.93,0.006,-0.008,292,0
32.19,52.76,-0.178,0.036,293,0
32.19,52.68,-0.075,0.001,294,0
32.23,52.59,-0.093,0.033,295,0
32.24,52.6,0.018,0.009,296,0
32.2,52.6,-0.005,-0.033,297,0
32.23,52.62,0.024,0.029,298,0
32.26,52.67,0.05,0.024,299,0
32.29,52.58,-0.094,0.037,300,0
32.25,52.63,0.05,-0.044,301,0
32.24,52.66,0.029,-0.005,302,0
32.2,52.46,-0.193,-0.042,303,0
32.21,52.45,-0.015,0.01,304,0
32.18,52.49,0.041,-0.035,305,0
32.13,52.49,-0.001,-0.049,306,0
32.08,52.39,-0.102,-0.047,307,0
32.11,52.17,-0.213,0.028,308,0
32.08,52.15,-0.02,-0.027,309,0
32.09,51.98,-0.177,0.012,310,0
32.13,51.89,-0.088,0.034,311,0
32.11,51.94,0.054,-0.02,312,0
32.14,51.91,-0.037,0.03,313,0
32.13,51.88,-0.028,-0.011,314,0
32.15,51.78,-0.094,0.021,315,0
32.17,51.8,0.015,0.023,316,0
32.21,51.84,0.036,0.038,317,0
32.21,51.8,-0.032,0.003,318,0
32.19,51.71,-0.093,-0.018,319,0
32.18,51.69,-0.022,-0.012,320,0
32.17,51.69,-0.003,-0.015,321,0
32.14,51.59,-0.098,-0.026,322,0
32.16,51.53,-0.053,0.017,323,0
32.19,51.41,-0.122,0.03,324,0
32.21,51.24,-0.177,0.023,325,0
32.22,51.01,-0.23,0.006,326,0
32.18,50.88,-0.125,-0.039,327,0
32.15,50.89,0.012,-0.027,328,0
32.16,50.7,-0.194,0.012,329,0
32.14,50.67,-0.03,-0.019,330,0
32.15,50.67,-0.001,0.007,331,0
32.11,50.72,0.052,-0.037,332,0
32.12,50.74,0.016,0.003,333,0
32.09,50.73,-0.007,-0.031,334,0
32.03,50.68,-0.048,-0.054,335,0
32.05,50.45,-0.229,0.014,336,0
32.02,50.36,-0.092,-0.031,337,0
31.97,50.14,-0.22,-0.044,338,0
31.98,50.05,-0.087,0.009,339,0
32.02,49.85,-0.201,0.036,340,0
32.04,49.72,-0.136,0.019,341,0
31.99,49.51,-0.206,-0.048,342,0
32.02,49.49,-0.022,0.036,343,0
31.97,49.38,-0.109,-0.052,344,0
31.96,49.15,-0.225,-0.015,345,0
31.97,49.09,-0.067,0.017,346,0
32.0,49.05,-0.034,0.029,347,0
32.01,49.09,0.038,0.005,348,0
32.04,49.11,0.024,0.037,349,0
32.02,48.94,-0.174,-0.023,350,0
32.04,48.86,-0.083,0.016,351,0
32.07,48.73,-0.128,0.034,352,0
32.03,48.67,-0.055,-0.044,353,0
32.02,48.61,-0.064,-0.008,354,0
31.99,48.4,-0.208,-0.03,355,0
32.02,48.24,-0.162,0.034,356,0
32.01,48.16,-0.083,-0.014,357,0
32.04,48.11,-0.045,0.03,358,0
32.01,48.08,-0.031,-0.031,359,0
32.04,47.89,-0.188,0.032,360,0
32.08,47.68,-0.208,0.044,361,0
32.04,47.6,-0.087,-0.041,362,0
32.03,47.56,-0.038,-0.013,363,0
32.03,47.37,-0.191,-0.003,364,0
32.02,47.23,-0.142,-0.001,365,0
32.06,47.07,-0.156,0.034,366,0
32.1,47.11,0.035,0.044,367,0
32.06,47.02,-0.086,-0.042,368,0
32.09,46.79,-0.234,0.026,369,0
32.1,46.76,-0.028,0.018,370,0
32.05,46.72,-0.038,-0.053,371,0
32.0,46.6,-0.118,-0.05,372,0
32.02,46.46,-0.144,0.019,373,0
32.0,46.46,0.002,-0.023,374,0
32.0,46.4,-0.058,0.001,375,0
31.96,46.27,-0.134,-0.034,376,0
32.0,46.08,-0.192,0.033,377,0
32.01,45.96,-0.115,0.01,378,0
32.04,45.95,-0.016,0.033,379,0
32.0,45.92,-0.026,-0.035,380,0
32.04,45.75,-0.165,0.035,381,0
32.07,45.77,0.018,0.036,382,0
32.09,45.65,-0.121,0.016,383,0
32.05,45.67,0.015,-0.035,384,0
32.09,45.44,-0.231,0.035,385,0
32.04,45.22,-0.218,-0.051,386,0
32.06,45.0,-0.219,0.027,387,0
32.02,44.94,-0.058,-0.049,388,0
31.97,44.84,-0.102,-0.044,389,0
32.01,44.6,-0.234,0.039,390,0
32.01,44.63,0.021,-0.002,391,0
32.01,44.4,-0.222,-0.003,392,0
31.97,44.46,0.06,-0.032,393,0
31.95,44.44,-0.025,-0.027,394,0
31.98,44.3,-0.135,0.033,395,0
31.94,44.25,-0.055,-0.037,396,0
31.95,44.22,-0.03,0.007,397,0
31.99,44.05,-0.166,0.037,398,0
31.99,44.03,-0.023,0.008,399,0
31.95,43.92,-0.11,-0.046,400,0
31.93,43.92,-0.004,-0.016,401,0
31.94,43.84,-0.075,0.009,402,0
31.97,43.76,-0.082,0.026,403,0
31.93,43.57,-0.193,-0.041,404,0
31.92,43.52,-0.045,-0.003,405,0
31.97,43.39,-0.13,0.043,406,0
31.94,43.38,-0.007,-0.025,407,0
31.96,43.29,-0.097,0.015,408,0
31.95,43.13,-0.158,-0.009,409,0
31.93,42.89,-0.234,-0.02,410,0
31.88,42.87,-0.02,-0.048,411,0
31.92,42.89,0.013,0.045,412,0
31.9,42.66,-0.224,-0.02,413,0
31.87,42.59,-0.071,-0.034,414,0
31.84,42.59,-0.001,-0.031,415,0
31.83,42.62,0.024,-0.012,416,0
31.83,42.66,0.044,0.005,417,0
31.8,42.61,-0.049,-0.026,418,0
31.81,42.42,-0.193,0.001,419,0
31.82,42.48,0.061,0.019,420,0
31.81,42.29,-0.193,-0.013,421,0
31.86,42.12,-0.165,0.045,422,0
31.84,42.1,-0.015,-0.02,423,0
31.85,41.88,-0.226,0.018,424,0
31.85,41.77,-0.113,-0.007,425,0
31.88,41.67,-0.091,0.031,426,0
31.87,41.59,-0.082,-0.007,427,0
31.83,41.62,0.026,-0.043,428,0
31.86,41.54,-0.076,0.026,429,0
31.89,41.37,-0.17,0.037,430,0
31.89,41.27,-0.105,-0.003,431,0
31.87,41.23,-0.036,-0.019,432,0
31.88,41.02,-0.209,0.01,433,0
31.9,41.05,0.029,0.023,434,0
31.94,40.86,-0.187,0.037,435,0
31.9,40.68,-0.183,-0.039,436,0
31.89,40.57,-0.108,-0.012,437,0
31.9,40.49,-0.081,0.014,438,0
31.92,40.26,-0.232,0.015,439,0
31.93,40.08,-0.177,0.009,440,0
31.91,39.87,-0.209,-0.016,441,0
31.87,39.88,0.01,-0.038,442,0
31.88,39.81,-0.07,0.009,443,0
31.9,39.78,-0.032,0.016,444,0
31.84,39.84,0.055,-0.055,445,0
31.85,39.69,-0.148,0.003,446,0
31.85,39.7,0.007,0.001,447,0
31.83,39.49,-0.203,-0.023,448,0
31.82,39.45,-0.048,-0.007,449,0
31.8,39.26,-0.189,-0.023,450,0
31.79,39.2,-0.054,-0.006,451,0
31.79,39.06,-0.146,-0.0,452,0
31.79,38.88,-0.179,0.0,453,0
31.79,38.93,0.053,-0.002,454,0
31.83,38.79,-0.14,0.037,455,0
31.86,38.83,0.04,0.039,456,0
31.89,38.68,-0.148,0.022,457,0
31.93,38.48,-0.202,0.04,458,0
31.92,38.36,-0.119,-0.007,459,0
31.92,38.3,-0.06,0.002,460,0
31.88,38.35,0.051,-0.041,461,0
31.91,38.4,0.052,0.031,462,0
31.89,38.43,0.025,-0.02,463,0
31.89,38.22,-0.207,-0.002,464,0
31.84,38.01,-0.211,-0.044,465,0
31.84,38.07,0.058,-0.003,466,0
31.87,37.85,-0.223,0.032,467,0
31.82,37.72,-0.127,-0.051,468,0
31.79,37.7,-0.02,-0.037,469,0
31.8,37.55,-0.154,0.015,470,0
31.84,37.37,-0.181,0.04,471,0
31.87,37.3,-0.067,0.034,472,0
31.87,37.17,-0.13,-0.009,473,0
31.83,36.95,-0.22,-0.032,474,0
31.79,36.72,-0.23,-0.041,475,0
31.75,36.54,-0.176,-0.043,476,0
31.71,36.53,-0.016,-0.04,477,0
31.66,36.48,-0.045,-0.049,478,0
31.69,36.4,-0.083,0.028,479,0
31.66,36.17,-0.224,-0.028,480,0
31.7,36.11,-0.064,0.042,481,0
31.71,36.0,-0.115,0.009,482,0
31.76,35.86,-0.132,0.044,483,0
31.79,35.68,-0.186,0.03,484,0
31.75,35.57,-0.113,-0.034,485,0
31.75,35.37,-0.199,0.001,486,0
31.79,35.25,-0.12,0.033,487,0
31.83,35.02,-0.231,0.04,488,0
31.77,34.97,-0.043,-0.053,489,0
31.74,34.78,-0.194,-0.029,490,0
31.73,34.59,-0.183,-0.017,491,0
31.69,34.57,-0.022,-0.041,492,0
31.69,34.55,-0.025,0.002,493,0
31.68,34.42,-0.126,-0.008,494,0
31.69,34.42,0.003,0.008,495,0
31.7,34.49,0.063,0.015,496,0
31.74,34.35,-0.137,0.033,497,0
31.76,34.32,-0.028,0.025,498,0
31.74,34.32,-0.006,-0.025,499,0
31.78,34.37,0.049,0.041,500,0
31.76,34.24,-0.125,-0.014,501,0
31.76,34.24,-0.002,-0.006,502,0
31.74,34.02,-0.22,-0.017,503,0
31.76,34.05,0.036,0.024,504,0
31.74,33.93,-0.126,-0.025,505,0
31.71,33.97,0.047,-0.033,506,0
31.66,33.84,-0.136,-0.049,507,0
31.65,33.72,-0.121,-0.012,508,0
31.64,33.65,-0.07,-0.002,509,0
31.62,33.66,0.012,-0.02,510,0
31.59,33.69,0.027,-0.035,511,0
31.56,33.68,-0.011,-0.028,512,0
31.53,33.5,-0.176,-0.026,513,0
31.5,33.49,-0.013,-0.032,514,0
31.48,33.53,0.047,-0.02,515,0
31.47,33.46,-0.071,-0.012,516,0
31.46,33.28,-0.187,-0.014,517,0
31.45,33.19,-0.087,-0.012,518,0
31.42,33.07,-0.118,-0.025,519,0
31.38,32.93,-0.141,-0.04,520,0
31.41,32.95,0.023,0.026,521,0
31.4,32.86,-0.093,-0.003,522,0
31.4,32.63,-0.234,-0.004,523,0
31.37,32.57,-0.052,-0.031,524,0
31.38,32.57,-0.003,0.01,525,0
31.38,32.57,-0.004,0.006,526,0
31.41,32.4,-0.17,0.028,527,0
31.38,32.24,-0.16,-0.031,528,0
31.37,32.3,0.058,-0.012,529,0
31.35,32.24,-0.056,-0.021,530,0
31.33,32.17,-0.074,-0.02,531,0
31.35,32.16,-0.006,0.024,532,0
31.3,32.02,-0.139,-0.049,533,0
31.25,32.08,0.063,-0.052,534,0
31.22,31.9,-0.183,-0.028,535,0
31.24,31.81,-0.096,0.018,536,0
31.23,31.57,-0.233,-0.009,537,0
31.27,31.42,-0.151,0.037,538,0
31.29,31.41,-0.008,0.021,539,0
31.3,31.35,-0.065,0.014,540,0
31.34,31.25,-0.101,0.036,541,0
31.3,31.16,-0.088,-0.041,542,0
31.27,31.22,0.057,-0.024,543,0
31.31,31.17,-0.045,0.037,544,0
31.35,31.14,-0.035,0.042,545,0
31.35,30.9,-0.234,0.001,546,0
31.34,30.68,-0.226,-0.013,547,0
31.38,30.54,-0.135,0.044,548,0
31.33,30.34,-0.202,-0.051,549,0
31.35,30.15,-0.195,0.015,550,0
31.39,29.91,-0.234,0.044,551,0
31.35,29.68,-0.228,-0.037,552,0
31.33,29.62,-0.066,-0.024,553,0
31.36,29.48,-0.132,0.033,554,0
31.36,29.29,-0.193,-0.009,555,0
31.37,29.14,-0.156,0.013,556,0
31.34,29.1,-0.033,-0.032,557,0
31.33,28.93,-0.168,-0.006,558,0
31.35,28.96,0.022,0.021,559,0
31.38,28.78,-0.179,0.025,560,0
31.33,28.76,-0.018,-0.045,561,0
31.34,28.57,-0.192,0.01,562,0
31.31,28.51,-0.062,-0.028,563,0
31.3,28.53,0.026,-0.015,564,0
31.29,28.35,-0.18,-0.009,565,0
31.29,28.2,-0.156,-0.0,566,0
31.27,28.21,0.017,-0.017,567,0
31.28,28.03,-0.18,0.012,568,0
31.23,27.83,-0.202,-0.05,569,0
31.2,27.71,-0.126,-0.033,570,0
31.22,27.53,-0.177,0.016,571,0
31.19,27.4,-0.13,-0.026,572,0
31.16,27.45,0.051,-0.029,573,0
31.2,27.44,-0.008,0.042,574,0
31.23,27.45,0.004,0.027,575,0
31.23,27.4,-0.047,0.003,576,0
31.19,27.26,-0.138,-0.047,577,0
31.22,27.23,-0.035,0.037,578,0
31.2,27.09,-0.132,-0.019,579,0
31.17,27.09,-0.008,-0.033,580,0
31.12,26.99,-0.099,-0.052,581,0
31.08,26.98,-0.006,-0.042,582,0
31.11,26.8,-0.179,0.029,583,0
31.07,26.69,-0.11,-0.035,584,0
31.05,26.59,-0.102,-0.017,585,0
31.01,26.65,0.064,-0.041,586,0
30.99,26.44,-0.209,-0.023,587,0
31.03,26.35,-0.092,0.041,588,0
31.05,26.33,-0.019,0.021,589,0
31.07,26.32,-0.011,0.021,590,0
31.03,26.16,-0.158,-0.045,591,0
30.98,26.15,-0.009,-0.052,592,0
30.93,26.0,-0.158,-0.043,593,0
30.94,26.05,0.058,0.01,594,0
30.89,25.94,-0.117,-0.054,595,0
30.84,25.89,-0.049,-0.049,596,0
30.79,25.82,-0.064,-0.047,597,0
30.76,25.84,0.015,-0.031,598,0
30.73,25.84,0.002,-0.032,599,0
33.67,81.94,-0.091,-0.042,0,0
33.69,81.86,-0.085,0.016,1,0
33.65,81.85,-0.007,-0.031,2,0
33.7,81.91,0.062,0.046,3,0
33.7,81.94,0.027,-0.003,4,0
33.73,81.82,-0.116,0.035,5,0
33.78,81.92,0.1,0.05,6,0
33.82,81.8,-0.12,0.033,7,0
33.82,81.86,0.064,0.008,8,0
33.87,81.85,-0.018,0.051,9,0
33.86,81.76,-0.092,-0.011,10,0
33.88,81.85,0.096,0.021,11,0
33.85,81.86,0.011,-0.039,12,0
33.88,81.79,-0.074,0.036,13,0
33.87,81.72,-0.064,-0.008,14,0
33.84,81.8,0.073,-0.031,15,0
33.87,81.67,-0.132,0.027,16,0
33.85,81.51,-0.152,-0.02,17,0
33.88,81.47,-0.043,0.032,18,0
33.88,81.42,-0.052,0.002,19,0
33.84,81.42,-0.003,-0.039,20,0
33.83,81.45,0.031,-0.016,21,0
33.81,81.27,-0.177,-0.017,22,0
33.86,81.16,-0.107,0.044,23,0
33.88,81.14,-0.028,0.026,24,0
33.86,81.14,0.01,-0.02,25,0
33.85,81.23,0.08,-0.008,26,0
33.82,81.32,0.09,-0.037,27,0
33.84,81.14,-0.173,0.02,28,0
33.89,81.01,-0.137,0.053,29,0
33.86,80.97,-0.039,-0.033,30,0
33.84,80.97,0.008,-0.013,31,0
33.87,80.91,-0.062,0.023,32,0
33.89,80.76,-0.15,0.022,33,0
33.86,80.72,-0.044,-0.032,34,0
33.91,80.8,0.087,0.051,35,0
33.95,80.86,0.058,0.046,36,0
33.93,80.74,-0.12,-0.029,37,0
33.92,80.59,-0.151,-0.002,38,0
33.89,80.61,0.021,-0.037,39,0
33.89,80.44,-0.168,0.005,40,0
33.91,80.33,-0.116,0.017,41,0
33.92,80.19,-0.137,0.014,42,0
33.93,80.08,-0.111,0.012,43,0
33.92,79.92,-0.162,-0.013,44,0
33.92,79.8,-0.119,0.001,45,0
33.89,79.85,0.049,-0.034,46,0
33.86,79.67,-0.176,-0.031,47,0
33.86,79.64,-0.03,0.0,48,0
33.88,79.46,-0.184,0.019,49,0
33.89,79.38,-0.081,0.014,50,0
33.92,79.38,0.001,0.028,51,0
33.89,79.31,-0.072,-0.025,52,0
33.88,79.2,-0.108,-0.013,53,0
33.93,79.02,-0.181,0.054,54,0
33.97,78.83,-0.183,0.033,55,0
34.0,78.76,-0.071,0.036,56,0
34.01,78.65,-0.111,0.004,57,0
34.05,78.65,-0.001,0.044,58,0
34.04,78.69,0.039,-0.014,59,0
34.0,78.61,-0.081,-0.04,60,0
34.0,78.6,-0.006,0.005,61,0
34.0,78.55,-0.049,-0.005,62,0
34.03,78.44,-0.113,0.033,63,0
34.04,78.34,-0.103,0.015,64,0
34.02,78.37,0.031,-0.025,65,0
34.04,78.31,-0.062,0.024,66,0
34.03,78.33,0.019,-0.015,67,0
34.05,78.16,-0.164,0.026,68,0
34.09,78.02,-0.141,0.034,69,0
34.05,78.0,-0.022,-0.035,70,0
34.03,77.84,-0.162,-0.021,71,0
34.0,77.82,-0.02,-0.032,72,0
33.96,77.69,-0.133,-0.04,73,0
33.92,77.73,0.041,-0.035,74,0
33.92,77.62,-0.111,-0.008,75,0
33.9,77.46,-0.154,-0.014,76,0
33.87,77.32,-0.14,-0.035,77,0
33.88,77.3,-0.024,0.01,78,0
33.86,77.22,-0.076,-0.022,79,0
33.87,77.05,-0.175,0.01,80,0
33.89,76.92,-0.125,0.028,81,0
33.92,77.0,0.08,0.022,82,0
33.94,76.98,-0.028,0.027,83,0
33.92,76.98,0.007,-0.023,84,0
33.9,77.05,0.068,-0.021,85,0
33.92,77.03,-0.015,0.022,86,0
33.97,76.88,-0.159,0.049,87,0
33.95,76.84,-0.041,-0.021,88,0
33.9,76.77,-0.07,-0.044,89,0
33.92,76.81,0.04,0.014,90,0
33.92,76.71,-0.093,0.004,91,0
33.88,76.67,-0.04,-0.04,92,0
33.85,76.5,-0.177,-0.032,93,0
33.88,76.39,-0.107,0.027,94,0
33.93,76.44,0.05,0.052,95,0
33.93,76.53,0.09,0.001,96,0
33.91,76.47,-0.054,-0.018,97,0
33.94,76.4,-0.075,0.034,98,0
33.97,76.45,0.054,0.022,99,0
33.95,76.52,0.067,-0.013,100,0
33.95,76.39,-0.13,0.001,101,0
33.92,76.36,-0.026,-0.037,102,0
33.95,76.21,-0.151,0.033,103,0
33.97,76.25,0.042,0.017,104,0
33.95,76.31,0.055,-0.015,105,0
33.94,76.2,-0.107,-0.009,106,0
33.91,76.2,-0.003,-0.031,107,0
33.9,76.13,-0.066,-0.011,108,0
33.92,76.2,0.062,0.015,109,0
33.92,76.15,-0.048,0.005,110,0
33.92,76.03,-0.114,-0.0,111,0
33.89,76.05,0.021,-0.033,112,0
33.89,76.1,0.042,0.005,113,0
33.86,76.04,-0.06,-0.031,114,0
33.87,75.98,-0.057,0.013,115,0
33.84,75.92,-0.064,-0.032,116,0
33.88,75.85,-0.064,0.038,117,0
33.88,75.95,0.093,-0.001,118,0
33.84,75.83,-0.119,-0.043,119,0
33.81,75.75,-0.075,-0.024,120,0
33.82,75.6,-0.155,0.009,121,0
33.82,75.67,0.071,0.003,122,0
33.88,75.57,-0.098,0.054,123,0
33.85,75.43,-0.135,-0.031,124,0
33.9,75.46,0.022,0.048,125,0
33.88,75.5,0.044,-0.016,126,0
33.84,75.43,-0.07,-0.038,127,0
33.83,75.33,-0.095,-0.006,128,0
33.84,75.26,-0.07,0.004,129,0
33.82,75.14,-0.123,-0.023,130,0
33.84,75.05,-0.095,0.023,131,0
33.84,74.88,-0.163,0.001,132,0
33.86,74.93,0.049,0.023,133,0
33.88,74.8,-0.132,0.022,134,0
33.87,74.73,-0.072,-0.016,135,0
33.88,74.61,-0.116,0.015,136,0
33.91,74.72,0.113,0.029,137,0
33.96,74.6,-0.122,0.047,138,0
33.92,74.5,-0.106,-0.042,139,0
33.9,74.39,-0.109,-0.014,140,0
33.92,74.36,-0.023,0.011,141,0
33.96,74.36,-0.006,0.045,142,0
33.94,74.45,0.094,-0.023,143,0
33.97,74.43,-0.019,0.033,144,0
33.93,74.32,-0.115,-0.042,145,0
33.93,74.3,-0.022,0.004,146,0
33.95,74.29,-0.003,0.019,147,0
33.93,74.23,-0.064,-0.022,148,0
33.96,74.3,0.068,0.031,149,0
33.93,74.28,-0.011,-0.027,150,0
33.96,74.39,0.101,0.033,151,0
34.01,74.41,0.028,0.05,152,0
34.03,74.26,-0.15,0.019,153,0
33.99,74.22,-0.04,-0.039,154,0
33.97,74.14,-0.085,-0.023,155,0
34.02,73.97,-0.165,0.046,156,0
34.05,73.8,-0.169,0.029,157,0
34.06,73.82,0.021,0.013,158,0
34.06,73.67,-0.16,0.0,159,0
34.03,73.52,-0.146,-0.029,160,0
34.04,73.48,-0.04,0.007,161,0
34.05,73.3,-0.178,0.009,162,0
34.06,73.25,-0.051,0.013,163,0
34.05,73.36,0.112,-0.005,164,0
34.09,73.19,-0.168,0.038,165,0
34.09,73.11,-0.084,-0.0,166,0
34.12,73.11,-0.001,0.034,167,0
34.15,73.14,0.034,0.021,168,0
34.15,73.21,0.065,0.003,169,0
34.16,73.11,-0.099,0.016,170,0
34.12,73.11,0.003,-0.039,171,0
34.17,72.98,-0.136,0.042,172,0
34.13,72.82,-0.152,-0.033,173,0
34.17,72.72,-0.101,0.04,174,0
34.23,72.78,0.053,0.054,175,0
34.26,72.7,-0.078,0.029,176,0
34.26,72.68,-0.019,0.008,177,0
34.31,72.53,-0.154,0.049,178,0
34.31,72.63,0.106,-0.002,179,0
34.33,72.59,-0.037,0.018,180,0
34.38,72.62,0.021,0.051,181,0
34.38,72.64,0.028,-0.004,182,0
34.43,72.53,-0.111,0.054,183,0
34.39,72.41,-0.124,-0.036,184,0
34.45,72.4,-0.006,0.053,185,0
34.44,72.33,-0.074,-0.01,186,0
34.47,72.39,0.061,0.029,187,0
34.43,72.43,0.042,-0.035,188,0
34.45,72.42,-0.005,0.016,189,0
34.49,72.31,-0.119,0.046,190,0
34.46,72.27,-0.032,-0.036,191,0
34.43,72.34,0.067,-0.024,192,0
34.46,72.41,0.071,0.026,193,0
34.5,72.42,0.01,0.044,194,0
34.51,72.25,-0.168,0.008,195,0
34.54,72.35,0.1,0.025,196,0
34.51,72.2,-0.15,-0.024,197,0
34.52,72.27,0.063,0.005,198,0
34.52,72.21,-0.057,0.004,199,0
34.54,72.08,-0.128,0.023,200,0
34.54,71.95,-0.133,-0.006,201,0
34.56,72.0,0.056,0.024,202,0
34.53,71.95,-0.058,-0.033,203,0
34.49,72.01,0.067,-0.037,204,0
34.5,72.01,-0.0,0.008,205,0
34.46,71.91,-0.104,-0.041,206,0
34.44,71.98,0.07,-0.014,207,0
34.4,71.98,-0.004,-0.039,208,0
34.38,71.93,-0.042,-0.029,209,0
34.36,71.86,-0.077,-0.016,210,0
34.35,71.83,-0.03,-0.012,211,0
34.37,71.71,-0.117,0.024,212,0
34.41,71.8,0.087,0.037,213,0
34.42,71.68,-0.114,0.015,214,0
34.45,71.67,-0.009,0.031,215,0
34.46,71.53,-0.147,0.003,216,0
34.49,71.43,-0.101,0.028,217,0
34.46,71.42,-0.003,-0.03,218,0
34.49,71.51,0.089,0.033,219,0
34.45,71.59,0.083,-0.035,220,0
34.42,71.65,0.058,-0.038,221,0
34.45,71.65,-0.004,0.029,222,0
34.49,71.56,-0.088,0.043,223,0
34.52,71.4,-0.164,0.029,224,0
34.57,71.51,0.11,0.05,225,0
34.57,71.4,-0.108,0.004,226,0
34.54,71.34,-0.058,-0.027,227,0
34.58,71.44,0.096,0.037,228,0
34.61,71.55,0.113,0.026,229,0
34.56,71.49,-0.063,-0.041,230,0
34.56,71.51,0.024,-0.006,231,0
34.54,71.5,-0.013,-0.019,232,0
34.58,71.39,-0.107,0.037,233,0
34.59,71.42,0.033,0.01,234,0
34.55,71.33,-0.089,-0.036,235,0
34.58,71.27,-0.068,0.032,236,0
34.54,71.26,-0.003,-0.044,237,0
34.54,71.31,0.047,0.002,238,0
34.56,71.25,-0.064,0.021,239,0
34.61,71.16,-0.083,0.051,240,0
34.63,70.99,-0.171,0.014,241,0
34.61,71.02,0.024,-0.015,242,0
34.63,71.1,0.08,0.013,243,0
34.64,71.05,-0.045,0.018,244,0
34.6,71.14,0.09,-0.042,245,0
34.62,71.25,0.111,0.016,246,0
34.64,71.33,0.075,0.025,247,0
34.66,71.28,-0.046,0.018,248,0
34.65,71.37,0.083,-0.012,249,0
34.7,71.47,0.099,0.047,250,0
34.7,71.41,-0.059,0.006,251,0
34.68,71.24,-0.164,-0.024,252,0
34.68,71.35,0.104,0.002,253,0
34.68,71.44,0.096,0.0,254,0
34.65,71.4,-0.041,-0.031,255,0
34.63,71.36,-0.041,-0.022,256,0
34.58,71.26,-0.096,-0.044,257,0
34.57,71.36,0.092,-0.015,258,0
34.59,71.37,0.011,0.02,259,0
34.64,71.4,0.036,0.049,260,0
34.65,71.25,-0.156,0.017,261,0
34.69,71.33,0.079,0.039,262,0
34.73,71.21,-0.116,0.036,263,0
34.77,71.15,-0.061,0.046,264,0
34.75,71.02,-0.129,-0.022,265,0
34.8,70.93,-0.091,0.045,266,0
34.81,70.77,-0.156,0.009,267,0
34.79,70.78,0.01,-0.014,268,0
34.78,70.68,-0.104,-0.015,269,0
34.82,70.79,0.107,0.042,270,0
34.84,70.68,-0.103,0.022,271,0
34.81,70.7,0.016,-0.029,272,0
34.85,70.6,-0.101,0.036,273,0
34.8,70.64,0.042,-0.044,274,0
34.8,70.64,-0.004,-0.001,275,0
34.85,70.56,-0.079,0.044,276,0
34.87,70.4,-0.157,0.022,277,0
34.89,70.37,-0.03,0.021,278,0
34.89,70.48,0.11,-0.003,279,0
34.9,70.38,-0.102,0.016,280,0
34.87,70.37,-0.012,-0.035,281,0
34.84,70.33,-0.036,-0.026,282,0
34.87,70.31,-0.023,0.026,283,0
34.87,70.39,0.085,0.002,284,0
34.91,70.3,-0.088,0.038,285,0
34.94,70.16,-0.144,0.039,286,0
34.97,70.27,0.113,0.023,287,0
34.97,70.27,0.003,0.006,288,0
34.97,70.34,0.063,-0.007,289,0
35.01,70.18,-0.162,0.045,290,0
34.97,70.23,0.05,-0.042,291,0
34.96,70.1,-0.125,-0.007,292,0
34.94,70.1,0.001,-0.027,293,0
34.99,70.09,-0.011,0.054,294,0
35.04,69.92,-0.174,0.051,295,0
35.03,69.8,-0.112,-0.007,296,0
35.05,69.74,-0.07,0.013,297,0
35.04,69.83,0.097,-0.003,298,0
35.02,69.7,-0.132,-0.028,299,0
34.99,69.62,-0.08,-0.022,300,0
35.01,69.55,-0.069,0.012,301,0
34.97,69.39,-0.157,-0.039,302,0
35.0,69.46,0.062,0.033,303,0
35.02,69.33,-0.127,0.023,304,0
35.06,69.39,0.066,0.034,305,0
35.04,69.45,0.051,-0.015,306,0
35.06,69.35,-0.1,0.018,307,0
35.02,69.21,-0.14,-0.045,308,0
34.99,69.15,-0.057,-0.027,309,0
34.97,69.19,0.039,-0.018,310,0
35.01,69.06,-0.127,0.035,311,0
35.01,69.08,0.018,0.009,312,0
34.99,68.96,-0.115,-0.021,313,0
34.99,68.84,-0.122,-0.008,314,0
35.01,68.94,0.097,0.029,315,0
35.06,68.87,-0.07,0.045,316,0
35.02,68.76,-0.108,-0.041,317,0
35.05,68.71,-0.054,0.036,318,0
35.03,68.77,0.059,-0.028,319,0
35.04,68.66,-0.11,0.011,320,0
35.05,68.59,-0.069,0.017,321,0
35.04,68.44,-0.144,-0.012,322,0
35.02,68.26,-0.178,-0.018,323,0
35.06,68.18,-0.082,0.038,324,0
35.05,68.17,-0.011,-0.01,325,0
35.09,68.28,0.108,0.04,326,0
35.14,68.28,0.006,0.048,327,0
35.19,68.34,0.058,0.054,328,0
35.24,68.34,-0.002,0.043,329,0
35.28,68.43,0.092,0.039,330,0
35.26,68.51,0.075,-0.02,331,0
35.3,68.45,-0.056,0.045,332,0
35.3,68.53,0.078,-0.003,333,0
35.29,68.44,-0.086,-0.013,334,0
35.33,68.29,-0.156,0.041,335,0
35.29,68.22,-0.063,-0.041,336,0
35.32,68.18,-0.047,0.035,337,0
35.28,68.15,-0.028,-0.045,338,0
35.31,68.19,0.044,0.035,339,0
35.28,68.11,-0.082,-0.031,340,0
35.28,68.08,-0.032,0.0,341,0
35.33,68.17,0.096,0.053,342,0
35.35,68.21,0.037,0.016,343,0
35.34,68.15,-0.064,-0.007,344,0
35.34,68.25,0.104,-0.002,345,0
35.36,68.24,-0.008,0.016,346,0
35.31,68.14,-0.107,-0.043,347,0
35.31,68.16,0.026,0.001,348,0
35.33,68.24,0.072,0.019,349,0
35.37,68.31,0.077,0.042,350,0
35.33,68.26,-0.054,-0.04,351,0
35.35,68.33,0.069,0.017,352,0
35.31,68.42,0.088,-0.037,353,0
35.29,68.52,0.105,-0.024,354,0
35.32,68.49,-0.027,0.035,355,0
35.37,68.59,0.101,0.048,356,0
35.36,68.54,-0.05,-0.011,357,0
35.35,68.5,-0.04,-0.009,358,0
35.34,68.45,-0.055,-0.013,359,0
35.3,68.46,0.011,-0.037,360,0
35.3,68.49,0.034,-0.003,361,0
35.26,68.32,-0.178,-0.036,362,0
35.25,68.28,-0.037,-0.016,363,0
35.27,68.26,-0.016,0.027,364,0
35.26,68.13,-0.13,-0.017,365,0
35.31,68.01,-0.122,0.051,366,0
35.33,68.01,-0.001,0.019,367,0
35.34,67.96,-0.054,0.007,368,0
35.39,67.78,-0.179,0.053,369,0
35.37,67.87,0.093,-0.013,370,0
35.39,67.96,0.088,0.019,371,0
35.39,68.01,0.05,-0.004,372,0
35.42,68.04,0.028,0.034,373,0
35.41,67.92,-0.116,-0.011,374,0
35.45,67.75,-0.171,0.037,375,0
35.43,67.79,0.04,-0.019,376,0
35.44,67.66,-0.131,0.011,377,0
35.48,67.5,-0.163,0.038,378,0
35.45,67.47,-0.023,-0.028,379,0
35.45,67.39,-0.085,-0.001,380,0
35.41,67.29,-0.094,-0.042,381,0
35.37,67.15,-0.145,-0.04,382,0
35.41,67.22,0.074,0.041,383,0
35.45,67.2,-0.023,0.042,384,0
35.45,67.31,0.115,-0.002,385,0
35.44,67.18,-0.133,-0.007,386,0
35.45,67.25,0.065,0.006,387,0
35.47,67.3,0.052,0.018,388,0
35.45,67.34,0.044,-0.02,389,0
35.46,67.35,0.01,0.012,390,0
35.46,67.4,0.043,-0.004,391,0
35.42,67.38,-0.017,-0.04,392,0
35.4,67.31,-0.069,-0.013,393,0
35.36,67.23,-0.079,-0.043,394,0
35.32,67.3,0.068,-0.043,395,0
35.35,67.14,-0.161,0.031,396,0
35.36,67.09,-0.053,0.013,397,0
35.32,67.08,-0.004,-0.037,398,0
35.34,67.14,0.058,0.02,399,0
35.33,66.96,-0.184,-0.016,400,0
35.37,67.05,0.092,0.041,401,0
35.41,66.91,-0.14,0.042,402,0
35.41,66.93,0.028,0.001,403,0
35.44,66.91,-0.027,0.031,404,0
35.42,66.74,-0.17,-0.023,405,0
35.39,66.65,-0.086,-0.03,406,0
35.42,66.75,0.099,0.03,407,0
35.4,66.63,-0.12,-0.015,408,0
35.42,66.53,-0.1,0.018,409,0
35.43,66.42,-0.107,0.006,410,0
35.46,66.42,-0.005,0.03,411,0
35.43,66.45,0.031,-0.022,412,0
35.46,66.43,-0.023,0.022,413,0
35.43,66.29,-0.139,-0.023,414,0
35.43,66.24,-0.053,-0.003,415,0
35.47,66.19,-0.041,0.039,416,0
35.47,66.28,0.086,-0.0,417,0
35.44,66.16,-0.118,-0.033,418,0
35.42,66.11,-0.05,-0.017,419,0
35.42,66.03,-0.077,0.001,420,0
35.44,65.98,-0.056,0.022,421,0
35.44,66.06,0.083,-0.006,422,0
35.44,66.16,0.099,-0.001,423,0
35.4,66.07,-0.09,-0.041,424,0
35.44,66.07,-0.0,0.046,425,0
35.46,66.16,0.09,0.015,426,0
35.44,66.22,0.06,-0.019,427,0
35.47,66.18,-0.036,0.032,428,0
35.45,66.11,-0.072,-0.018,429,0
35.43,66.01,-0.098,-0.021,430,0
35.44,65.91,-0.099,0.005,431,0
35.45,65.83,-0.084,0.014,432,0
35.45,65.9,0.07,-0.0,433,0
35.43,65.85,-0.047,-0.02,434,0
35.39,65.92,0.063,-0.042,435,0
35.37,65.96,0.042,-0.021,436,0
35.36,65.89,-0.068,-0.003,437,0
35.32,65.85,-0.042,-0.043,438,0
35.28,65.93,0.077,-0.043,439,0
35.28,66.0,0.076,-0.003,440,0
35.26,65.92,-0.078,-0.014,441,0
35.24,65.87,-0.051,-0.025,442,0
35.22,65.71,-0.158,-0.013,443,0
35.2,65.67,-0.043,-0.024,444,0
35.16,65.72,0.049,-0.039,445,0
35.19,65.71,-0.008,0.034,446,0
35.15,65.72,0.009,-0.04,447,0
35.18,65.79,0.071,0.029,448,0
35.17,65.85,0.054,-0.008,449,0
35.18,65.77,-0.077,0.006,450,0
35.16,65.66,-0.112,-0.016,451,0
35.14,65.55,-0.105,-0.021,452,0
35.18,65.66,0.111,0.035,453,0
35.17,65.67,0.012,-0.003,454,0
35.22,65.56,-0.111,0.05,455,0
35.27,65.65,0.09,0.041,456,0
35.26,65.51,-0.145,-0.004,457,0
35.28,65.62,0.111,0.018,458,0
35.3,65.71,0.09,0.022,459,0
35.35,65.53,-0.18,0.051,460,0
35.31,65.42,-0.106,-0.042,461,0
35.34,65.54,0.115,0.029,462,0
35.37,65.37,-0.163,0.028,463,0
35.38,65.43,0.06,0.013,464,0
35.37,65.48,0.042,-0.009,465,0
35.33,65.42,-0.058,-0.037,466,0
35.35,65.44,0.022,0.015,467,0
35.38,65.43,-0.014,0.028,468,0
35.43,65.49,0.066,0.054,469,0
35.4,65.33,-0.158,-0.035,470,0
35.4,65.41,0.082,0.005,471,0
35.4,65.45,0.04,-0.0,472,0
35.4,65.55,0.094,-0.005,473,0
35.42,65.39,-0.161,0.028,474,0
35.42,65.34,-0.043,-0.003,475,0
35.44,65.19,-0.157,0.019,476,0
35.45,65.2,0.01,0.006,477,0
35.43,65.21,0.016,-0.017,478,0
35.44,65.17,-0.046,0.013,479,0
35.46,65.1,-0.064,0.02,480,0
35.46,65.15,0.05,-0.007,481,0
35.48,65.23,0.081,0.026,482,0
35.47,65.06,-0.18,-0.008,483,0
35.47,64.91,-0.144,-0.005,484,0
35.48,65.02,0.109,0.014,485,0
35.5,64.84,-0.179,0.019,486,0
35.53,64.68,-0.164,0.027,487,0
35.55,64.7,0.026,0.024,488,0
35.53,64.52,-0.183,-0.027,489,0
35.53,64.55,0.027,0.005,490,0
35.57,64.63,0.088,0.04,491,0
35.61,64.54,-0.09,0.039,492,0
35.63,64.56,0.02,0.017,493,0
35.67,64.51,-0.058,0.046,494,0
35.63,64.34,-0.164,-0.04,495,0
35.68,64.18,-0.164,0.042,496,0
35.67,64.15,-0.025,-0.007,497,0
35.65,64.06,-0.092,-0.014,498,0
35.63,64.14,0.076,-0.024,499,0
35.59,64.13,-0.007,-0.036,500,0
35.62,64.08,-0.048,0.029,501,0
35.6,64.0,-0.083,-0.019,502,0
35.59,63.9,-0.095,-0.015,503,0
35.56,63.76,-0.146,-0.026,504,0
35.55,63.75,-0.003,-0.017,505,0
35.59,63.58,-0.179,0.045,506,0
35.56,63.65,0.078,-0.028,507,0
35.6,63.69,0.032,0.033,508,0
35.57,63.65,-0.04,-0.023,509,0
35.54,63.57,-0.077,-0.037,510,0
35.56,63.66,0.09,0.023,511,0
35.56,63.7,0.042,-0.004,512,0
35.6,63.61,-0.091,0.042,513,0
35.58,63.57,-0.035,-0.015,514,0
35.63,63.45,-0.123,0.052,515,0
35.6,63.54,0.091,-0.037,516,0
35.55,63.56,0.018,-0.044,517,0
35.54,63.48,-0.078,-0.008,518,0
35.59,63.38,-0.104,0.049,519,0
35.58,63.32,-0.059,-0.013,520,0
35.57,63.38,0.06,-0.01,521,0
35.62,63.48,0.101,0.048,522,0
35.61,63.53,0.048,-0.009,523,0
35.58,63.39,-0.134,-0.033,524,0
35.56,63.37,-0.019,-0.012,525,0
35.6,63.45,0.079,0.036,526,0
35.61,63.29,-0.167,0.013,527,0
35.66,63.19,-0.093,0.044,528,0
35.62,63.25,0.054,-0.038,529,0
35.67,63.11,-0.133,0.055,530,0
35.66,63.22,0.109,-0.012,531,0
35.7,63.28,0.058,0.039,532,0
35.67,63.39,0.107,-0.034,533,0
35.7,63.34,-0.046,0.031,534,0
35.71,63.21,-0.131,0.009,535,0
35.67,63.31,0.098,-0.035,536,0
35.68,63.19,-0.118,0.008,537,0
35.64,63.29,0.102,-0.036,538,0
35.67,63.38,0.083,0.031,539,0
35.73,63.41,0.035,0.054,540,0
35.69,63.51,0.104,-0.039,541,0
35.68,63.41,-0.107,-0.007,542,0
35.71,63.3,-0.107,0.025,543,0
35.68,63.41,0.11,-0.028,544,0
35.65,63.5,0.09,-0.035,545,0
35.64,63.5,-0.002,-0.008,546,0
35.68,63.45,-0.045,0.039,547,0
35.72,63.56,0.109,0.04,548,0
35.74,63.63,0.068,0.028,549,0
35.71,63.48,-0.154,-0.039,550,0
35.71,63.39,-0.09,0.002,551,0
35.67,63.26,-0.126,-0.036,552,0
35.7,63.1,-0.158,0.027,553,0
35.68,62.94,-0.158,-0.02,554,0
35.7,62.86,-0.085,0.019,555,0
35.74,62.78,-0.076,0.04,556,0
35.72,62.88,0.101,-0.013,557,0
35.69,62.71,-0.173,-0.039,558,0
35.64,62.62,-0.092,-0.044,559,0
35.6,62.57,-0.052,-0.036,560,0
35.65,62.6,0.029,0.044,561,0
35.69,62.6,0.001,0.044,562,0
35.71,62.53,-0.062,0.016,563,0
35.74,62.44,-0.094,0.032,564,0
35.74,62.35,-0.088,-0.004,565,0
35.73,62.42,0.067,-0.002,566,0
35.72,62.46,0.04,-0.015,567,0
35.71,62.57,0.112,-0.015,568,0
35.73,62.62,0.051,0.029,569,0
35.75,62.49,-0.129,0.014,570,0
35.8,62.35,-0.142,0.049,571,0
35.81,62.42,0.073,0.015,572,0
35.77,62.34,-0.082,-0.04,573,0
35.74,62.25,-0.092,-0.037,574,0
35.76,62.25,0.001,0.028,575,0
35.76,62.1,-0.154,-0.003,576,0
35.78,61.94,-0.153,0.024,577,0
35.8,61.87,-0.07,0.019,578,0
35.77,61.9,0.023,-0.036,579,0
35.8,61.73,-0.167,0.03,580,0
35.82,61.8,0.068,0.025,581,0
35.79,61.77,-0.026,-0.032,582,0
35.76,61.79,0.015,-0.032,583,0
35.76,61.82,0.038,-0.005,584,0
35.79,61.68,-0.142,0.037,585,0
35.76,61.78,0.093,-0.03,586,0
35.8,61.62,-0.159,0.036,587,0
35.82,61.54,-0.078,0.019,588,0
35.85,61.4,-0.133,0.033,589,0
35.86,61.47,0.066,0.012,590,0
35.83,61.4,-0.07,-0.031,591,0
35.85,61.38,-0.026,0.018,592,0
35.88,61.34,-0.035,0.035,593,0
35.91,61.37,0.028,0.029,594,0
35.93,61.19,-0.181,0.012,595,0
35.96,61.04,-0.143,0.035,596,0
36.01,61.05,0.006,0.049,597,0
36.01,61.06,0.006,0.004,598,0
36.02,61.1,0.044,0.01,599,0
32.77,86.45,0.009,0.032,0,0
32.74,86.34,-0.109,-0.025,1,0
32.7,86.3,-0.041,-0.047,2,0
32.69,86.35,0.052,-0.004,3,0
32.65,86.44,0.092,-0.045,4,0
32.62,86.36,-0.085,-0.03,5,0
32.63,86.23,-0.134,0.012,6,0
32.64,86.05,-0.176,0.008,7,0
32.67,86.01,-0.036,0.033,8,0
32.68,86.02,0.003,0.011,9,0
32.69,85.87,-0.145,0.004,10,0
32.63,85.84,-0.035,-0.058,11,0
32.6,85.76,-0.075,-0.031,12,0
32.62,85.58,-0.181,0.02,13,0
32.58,85.64,0.06,-0.033,14,0
32.56,85.58,-0.064,-0.024,15,0
32.55,85.48,-0.099,-0.012,16,0
32.57,85.42,-0.054,0.021,17,0
32.57,85.44,0.018,0.001,18,0
32.58,85.35,-0.087,0.012,19,0
32.61,85.17,-0.182,0.028,20,0
32.65,85.17,0.001,0.038,21,0
32.62,85.16,-0.014,-0.026,22,0
32.63,85.09,-0.072,0.009,23,0
32.58,84.96,-0.128,-0.05,24,0
32.59,84.89,-0.073,0.003,25,0
32.61,84.8,-0.083,0.021,26,0
32.6,84.68,-0.123,-0.004,27,0
32.64,84.65,-0.03,0.033,28,0
32.66,84.59,-0.057,0.029,29,0
32.67,84.51,-0.085,0.01,30,0
32.68,84.59,0.084,0.002,31,0
32.62,84.65,0.059,-0.052,32,0
32.66,84.58,-0.073,0.037,33,0
32.61,84.51,-0.064,-0.047,34,0
32.64,84.6,0.089,0.025,35,0
32.59,84.42,-0.183,-0.051,36,0
32.6,84.26,-0.16,0.013,37,0
32.58,84.13,-0.131,-0.021,38,0
32.57,84.22,0.087,-0.011,39,0
32.58,84.2,-0.013,0.007,40,0
32.61,84.15,-0.055,0.029,41,0
32.61,84.18,0.037,0.002,42,0
32.55,84.06,-0.125,-0.058,43,0
32.57,83.97,-0.091,0.017,44,0
32.59,84.0,0.03,0.026,45,0
32.61,83.96,-0.033,0.02,46,0
32.63,84.0,0.04,0.014,47,0
32.66,83.98,-0.021,0.036,48,0
32.63,83.96,-0.019,-0.029,49,0
32.65,83.95,-0.013,0.016,50,0
32.67,83.84,-0.112,0.021,51,0
32.71,83.87,0.03,0.036,52,0
32.69,83.75,-0.119,-0.015,53,0
32.69,83.73,-0.021,-0.001,54,0
32.73,83.8,0.075,0.036,55,0
32.69,83.74,-0.067,-0.038,56,0
32.69,83.57,-0.173,-0.003,57,0
32.64,83.59,0.029,-0.047,58,0
32.63,83.62,0.03,-0.01,59,0
32.6,83.68,0.053,-0.034,60,0
32.59,83.64,-0.036,-0.008,61,0
32.58,83.7,0.055,-0.007,62,0
32.61,83.74,0.042,0.024,63,0
32.62,83.65,-0.09,0.009,64,0
32.65,83.5,-0.145,0.03,65,0
32.65,83.42,-0.079,0.007,66,0
32.66,83.43,0.009,0.007,67,0
32.62,83.5,0.072,-0.044,68,0
32.63,83.59,0.082,0.012,69,0
32.65,83.67,0.081,0.017,70,0
32.61,83.51,-0.156,-0.038,71,0
32.57,83.4,-0.116,-0.038,72,0
32.56,83.34,-0.058,-0.008,73,0
32.56,83.25,-0.087,-0.006,74,0
32.59,83.15,-0.1,0.035,75,0
32.62,83.09,-0.063,0.031,76,0
32.61,83.09,0.002,-0.009,77,0
32.59,83.08,-0.006,-0.019,78,0
32.59,82.99,-0.092,-0.004,79,0
32.56,82.95,-0.046,-0.033,80,0
32.53,82.84,-0.105,-0.027,81,0
32.5,82.82,-0.017,-0.026,82,0
32.48,82.66,-0.166,-0.024,83,0
32.51,82.53,-0.129,0.034,84,0
32.49,82.44,-0.093,-0.025,85,0
32.46,82.48,0.047,-0.026,86,0
32.5,82.48,-0.001,0.033,87,0
32.49,82.5,0.021,-0.011,88,0
32.47,82.47,-0.028,-0.014,89,0
32.51,82.37,-0.107,0.037,90,0
32.51,82.2,-0.17,0.004,91,0
32.49,82.3,0.102,-0.021,92,0
32.53,82.38,0.077,0.033,93,0
32.5,82.32,-0.061,-0.027,94,0
32.51,82.16,-0.153,0.015,95,0
32.52,82.01,-0.154,0.002,96,0
32.48,81.97,-0.042,-0.034,97,0
32.48,81.84,-0.122,0.002,98,0
32.46,81.76,-0.083,-0.028,99,0
32.48,81.8,0.041,0.018,100,0
32.5,81.74,-0.059,0.029,101,0
32.49,81.74,-0.006,-0.015,102,0
32.45,81.73,-0.01,-0.036,103,0
32.49,81.75,0.027,0.032,104,0
32.52,81.58,-0.175,0.036,105,0
32.51,81.5,-0.084,-0.009,106,0
32.54,81.36,-0.134,0.024,107,0
32.5,81.29,-0.071,-0.04,108,0
32.51,81.11,-0.178,0.016,109,0
32.5,81.02,-0.091,-0.012,110,0
32.46,81.02,0.002,-0.042,111,0
32.41,80.92,-0.105,-0.047,112,0
32.41,80.81,-0.105,-0.005,113,0
32.38,80.85,0.034,-0.029,114,0
32.34,80.86,0.009,-0.043,115,0
32.33,80.78,-0.075,-0.004,116,0
32.32,80.76,-0.019,-0.007,117,0
32.33,80.65,-0.113,0.006,118,0
32.28,80.47,-0.175,-0.051,119,0
32.27,80.48,0.001,-0.009,120,0
32.21,80.3,-0.179,-0.059,121,0
32.24,80.17,-0.128,0.032,122,0
32.19,80.14,-0.023,-0.052,123,0
32.22,80.21,0.067,0.028,124,0
32.18,80.15,-0.058,-0.035,125,0
32.18,80.2,0.049,-0.007,126,0
32.19,80.13,-0.069,0.015,127,0
32.17,79.97,-0.158,-0.025,128,0
32.15,79.86,-0.111,-0.018,129,0
32.12,79.68,-0.185,-0.035,130,0
32.1,79.54,-0.143,-0.02,131,0
32.08,79.53,-0.005,-0.016,132,0
32.11,79.6,0.067,0.034,133,0
32.09,79.66,0.058,-0.019,134,0
32.08,79.68,0.021,-0.01,135,0
32.06,79.5,-0.175,-0.026,136,0
32.09,79.37,-0.128,0.033,137,0
32.06,79.44,0.066,-0.029,138,0
32.01,79.42,-0.017,-0.049,139,0
32.02,79.44,0.018,0.012,140,0
32.0,79.5,0.057,-0.024,141,0
32.0,79.44,-0.056,0.003,142,0
32.02,79.46,0.015,0.021,143,0
31.97,79.38,-0.08,-0.055,144,0
32.0,79.48,0.105,0.029,145,0
32.04,79.58,0.095,0.038,146,0
32.06,79.6,0.027,0.026,147,0
32.07,79.61,0.005,0.006,148,0
32.09,79.59,-0.022,0.027,149,0
32.08,79.6,0.013,-0.014,150,0
32.08,79.67,0.073,-0.004,151,0
32.03,79.51,-0.163,-0.044,152,0
32.0,79.37,-0.135,-0.033,153,0
31.98,79.47,0.093,-0.022,154,0
31.97,79.42,-0.046,-0.008,155,0
31.95,79.32,-0.103,-0.02,156,0
31.95,79.26,-0.056,0.002,157,0
31.97,79.32,0.06,0.024,158,0
31.92,79.38,0.06,-0.051,159,0
31.92,79.43,0.045,-0.003,160,0
31.87,79.41,-0.019,-0.049,161,0
31.86,79.37,-0.038,-0.014,162,0
31.8,79.29,-0.077,-0.053,163,0
31.81,79.28,-0.018,0.009,164,0
31.83,79.18,-0.1,0.02,165,0
31.79,79.17,-0.008,-0.043,166,0
31.74,79.04,-0.128,-0.049,167,0
31.74,79.13,0.086,0.003,168,0
31.76,78.99,-0.136,0.017,169,0
31.75,79.03,0.039,-0.008,170,0
31.76,79.03,0.004,0.007,171,0
31.74,78.99,-0.047,-0.015,172,0
31.72,78.93,-0.059,-0.021,173,0
31.75,78.83,-0.094,0.03,174,0
31.73,78.79,-0.045,-0.023,175,0
31.73,78.69,-0.099,0.002,176,0
31.74,78.69,0.005,0.011,177,0
31.71,78.7,0.002,-0.029,178,0
31.7,78.8,0.106,-0.016,179,0
31.69,78.75,-0.048,-0.01,180,0
31.67,78.67,-0.089,-0.018,181,0
31.71,78.65,-0.02,0.036,182,0
31.73,78.67,0.028,0.024,183,0
31.73,78.56,-0.11,0.002,184,0
31.72,78.64,0.08,-0.011,185,0
31.73,78.74,0.095,0.01,186,0
31.68,78.64,-0.1,-0.048,187,0
31.68,78.51,-0.126,-0.0,188,0
31.72,78.46,-0.049,0.04,189,0
31.67,78.47,0.01,-0.048,190,0
31.68,78.57,0.095,0.005,191,0
31.7,78.52,-0.051,0.026,192,0
31.71,78.56,0.04,0.002,193,0
31.71,78.45,-0.111,0.007,194,0
31.72,78.5,0.056,0.007,195,0
31.71,78.52,0.019,-0.011,196,0
31.74,78.38,-0.138,0.035,197,0
31.73,78.33,-0.049,-0.009,198,0
31.69,78.27,-0.069,-0.049,199,0
31.69,78.18,-0.087,0.005,200,0
31.68,78.21,0.03,-0.011,201,0
31.67,78.05,-0.161,-0.006,202,0
31.65,78.12,0.073,-0.022,203,0
31.66,78.0,-0.125,0.007,204,0
31.69,77.85,-0.144,0.027,205,0
31.72,77.82,-0.029,0.037,206,0
31.67,77.74,-0.085,-0.058,207,0
31.68,77.78,0.043,0.016,208,0
31.71,77.83,0.046,0.024,209,0
31.71,77.78,-0.044,0.0,210,0
31.68,77.84,0.06,-0.023,211,0
31.69,77.81,-0.039,0.006,212,0
31.65,77.74,-0.069,-0.044,213,0
31.64,77.82,0.08,-0.006,214,0
31.64,77.9,0.083,0.003,215,0
31.6,77.75,-0.154,-0.04,216,0
31.56,77.61,-0.139,-0.038,217,0
31.58,77.64,0.031,0.019,218,0
31.57,77.64,0.002,-0.015,219,0
31.56,77.54,-0.099,-0.013,220,0
31.58,77.43,-0.114,0.021,221,0
31.56,77.54,0.11,-0.015,222,0
31.53,77.56,0.025,-0.034,223,0
31.54,77.67,0.104,0.008,224,0
31.56,77.62,-0.043,0.022,225,0
31.52,77.68,0.057,-0.035,226,0
31.52,77.58,-0.102,-0.004,227,0
31.52,77.6,0.025,-0.002,228,0
31.51,77.71,0.109,-0.008,229,0
31.54,77.59,-0.124,0.034,230,0
31.56,77.51,-0.078,0.017,231,0
31.55,77.33,-0.178,-0.013,232,0
31.57,77.2,-0.132,0.023,233,0
31.52,77.04,-0.159,-0.052,234,0
31.53,76.95,-0.085,0.008,235,0
31.47,76.96,0.008,-0.055,236,0
31.49,76.8,-0.158,0.016,237,0
31.47,76.9,0.093,-0.013,238,0
31.44,76.95,0.048,-0.032,239,0
31.44,76.77,-0.179,-0.005,240,0
31.39,76.79,0.021,-0.042,241,0
31.37,76.76,-0.031,-0.028,242,0
31.4,76.6,-0.16,0.031,243,0
31.41,76.45,-0.143,0.016,244,0
31.44,76.37,-0.08,0.022,245,0
31.43,76.25,-0.119,-0.004,246,0
31.43,76.3,0.048,-0.001,247,0
31.44,76.25,-0.056,0.008,248,0
31.4,76.16,-0.084,-0.04,249,0
31.44,76.1,-0.061,0.041,250,0
31.45,76.02,-0.079,0.008,251,0
31.44,75.94,-0.083,-0.007,252,0
31.43,75.87,-0.067,-0.01,253,0
31.38,75.82,-0.053,-0.046,254,0
31.35,75.79,-0.028,-0.032,255,0
31.31,75.63,-0.164,-0.038,256,0
31.34,75.68,0.051,0.023,257,0
31.34,75.72,0.037,0.002,258,0
31.3,75.55,-0.167,-0.04,259,0
31.33,75.54,-0.008,0.032,260,0
31.32,75.44,-0.097,-0.01,261,0
31.32,75.35,-0.097,0.002,262,0
31.35,75.29,-0.06,0.026,263,0
31.32,75.37,0.087,-0.028,264,0
31.33,75.4,0.024,0.013,265,0
31.35,75.33,-0.065,0.017,266,0
31.39,75.41,0.076,0.036,267,0
31.42,75.3,-0.109,0.037,268,0
31.44,75.17,-0.131,0.017,269,0
31.45,75.27,0.103,0.007,270,0
31.48,75.28,0.01,0.032,271,0
31.44,75.29,0.013,-0.037,272,0
31.45,75.21,-0.08,0.003,273,0
31.44,75.28,0.064,-0.003,274,0
31.47,75.13,-0.143,0.023,275,0
31.5,75.1,-0.035,0.038,276,0
31.54,75.01,-0.087,0.035,277,0
31.5,75.02,0.011,-0.036,278,0
31.53,75.05,0.029,0.022,279,0
31.54,75.15,0.094,0.011,280,0
31.49,75.2,0.051,-0.045,281,0
31.51,75.16,-0.038,0.017,282,0
31.54,75.09,-0.072,0.035,283,0
31.56,74.93,-0.158,0.022,284,0
31.6,74.94,0.012,0.036,285,0
31.56,74.99,0.05,-0.043,286,0
31.56,74.88,-0.11,0.006,287,0
31.52,74.79,-0.093,-0.043,288,0
31.55,74.71,-0.076,0.033,289,0
31.57,74.7,-0.014,0.02,290,0
31.59,74.67,-0.026,0.021,291,0
31.57,74.53,-0.145,-0.026,292,0
31.54,74.52,-0.004,-0.029,293,0
31.56,74.63,0.104,0.016,294,0
31.52,74.57,-0.054,-0.033,295,0
31.5,74.57,-0.001,-0.022,296,0
31.46,74.49,-0.078,-0.038,297,0
31.49,74.42,-0.077,0.023,298,0
31.52,74.31,-0.105,0.033,299,0
31.47,74.16,-0.157,-0.05,300,0
31.46,74.2,0.042,-0.006,301,0
31.49,74.26,0.066,0.031,302,0
31.46,74.18,-0.087,-0.038,303,0
31.42,74.26,0.087,-0.041,304,0
31.43,74.36,0.1,0.009,305,0
31.39,74.22,-0.146,-0.039,306,0
31.39,74.28,0.058,0.005,307,0
31.39,74.12,-0.159,-0.0,308,0
31.43,74.06,-0.056,0.036,309,0
31.4,74.0,-0.061,-0.029,310,0
31.42,73.84,-0.16,0.018,311,0
31.41,73.73,-0.106,-0.01,312,0
31.39,73.57,-0.165,-0.021,313,0
31.33,73.42,-0.149,-0.057,314,0
31.34,73.25,-0.167,0.007,315,0
31.3,73.14,-0.116,-0.035,316,0
31.25,73.03,-0.109,-0.053,317,0
31.21,72.87,-0.16,-0.041,318,0
31.17,72.73,-0.139,-0.039,319,0
31.13,72.65,-0.073,-0.04,320,0
31.16,72.62,-0.037,0.028,321,0
31.13,72.55,-0.071,-0.03,322,0
31.07,72.63,0.083,-0.055,323,0
31.11,72.61,-0.018,0.04,324,0
31.1,72.62,0.009,-0.011,325,0
31.09,72.46,-0.157,-0.005,326,0
31.07,72.51,0.043,-0.022,327,0
31.05,72.54,0.033,-0.022,328,0
31.06,72.5,-0.045,0.006,329,0
31.0,72.51,0.017,-0.053,330,0
31.04,72.45,-0.065,0.036,331,0
30.99,72.41,-0.04,-0.055,332,0
31.01,72.38,-0.026,0.025,333,0
30.96,72.31,-0.071,-0.054,334,0
30.95,72.21,-0.1,-0.009,335,0
30.91,72.27,0.055,-0.037,336,0
30.93,72.15,-0.122,0.023,337,0
30.96,72.0,-0.141,0.025,338,0
30.98,72.01,0.007,0.02,339,0
30.96,71.9,-0.112,-0.016,340,0
30.96,71.8,-0.1,-0.001,341,0
30.91,71.63,-0.164,-0.056,342,0
30.91,71.66,0.026,0.009,343,0
30.92,71.54,-0.12,0.009,344,0
30.96,71.47,-0.073,0.032,345,0
30.95,71.52,0.049,-0.002,346,0
30.97,71.62,0.1,0.013,347,0
30.97,71.65,0.036,0.005,348,0
30.92,71.53,-0.121,-0.046,349,0
30.96,71.59,0.055,0.04,350,0
30.96,71.61,0.022,0.0,351,0
30.92,71.62,0.015,-0.047,352,0
30.94,71.45,-0.169,0.027,353,0
30.9,71.43,-0.022,-0.049,354,0
30.89,71.36,-0.07,-0.005,355,0
30.88,71.35,-0.016,-0.013,356,0
30.85,71.16,-0.186,-0.032,357,0
30.82,71.01,-0.154,-0.026,358,0
30.82,70.89,-0.115,0.0,359,0
30.8,70.89,0.002,-0.02,360,0
30.83,70.74,-0.148,0.028,361,0
30.81,70.84,0.096,-0.019,362,0
30.77,70.65,-0.188,-0.042,363,0
30.78,70.59,-0.062,0.014,364,0
30.78,70.63,0.038,-0.004,365,0
30.75,70.59,-0.036,-0.023,366,0
30.7,70.48,-0.107,-0.058,367,0
30.73,70.55,0.07,0.033,368,0
30.75,70.43,-0.12,0.018,369,0
30.71,70.36,-0.079,-0.036,370,0
30.68,70.32,-0.038,-0.03,371,0
30.68,70.33,0.015,0.003,372,0
30.67,70.17,-0.165,-0.019,373,0
30.69,70.11,-0.055,0.029,374,0
30.64,70.02,-0.092,-0.051,375,0
30.68,69.93,-0.096,0.032,376,0
30.64,69.85,-0.076,-0.038,377,0
30.61,69.87,0.018,-0.025,378,0
30.57,69.68,-0.182,-0.043,379,0
30.52,69.52,-0.165,-0.055,380,0
30.47,69.57,0.053,-0.051,381,0
30.43,69.66,0.084,-0.035,382,0
30.4,69.49,-0.163,-0.026,383,0
30.41,69.46,-0.036,0.004,384,0
30.41,69.48,0.022,-0.003,385,0
30.37,69.29,-0.186,-0.037,386,0
30.39,69.35,0.053,0.027,387,0
30.38,69.29,-0.053,-0.01,388,0
30.41,69.25,-0.042,0.026,389,0
30.37,69.27,0.02,-0.04,390,0
30.36,69.19,-0.086,-0.009,391,0
30.39,69.27,0.083,0.03,392,0
30.34,69.17,-0.098,-0.046,393,0
30.36,69.25,0.084,0.01,394,0
30.31,69.07,-0.188,-0.05,395,0
30.3,68.99,-0.072,-0.005,396,0
30.3,68.87,-0.12,0.004,397,0
30.28,68.85,-0.023,-0.027,398,0
30.26,68.73,-0.118,-0.021,399,0
30.27,68.62,-0.112,0.016,400,0
30.3,68.57,-0.053,0.024,401,0
30.32,68.52,-0.052,0.027,402,0
30.27,68.46,-0.059,-0.053,403,0
30.23,68.38,-0.073,-0.037,404,0
30.27,68.29,-0.092,0.036,405,0
30.3,68.36,0.063,0.034,406,0
30.29,68.41,0.05,-0.014,407,0
30.31,68.41,0.001,0.025,408,0
30.32,68.47,0.063,0.005,409,0
30.28,68.42,-0.048,-0.036,410,0
30.24,68.3,-0.121,-0.042,411,0
30.22,68.29,-0.015,-0.017,412,0
30.24,68.35,0.059,0.013,413,0
30.25,68.26,-0.089,0.016,414,0
30.29,68.22,-0.04,0.039,415,0
30.27,68.33,0.109,-0.025,416,0
30.24,68.37,0.044,-0.029,417,0
30.23,68.26,-0.105,-0.006,418,0
30.2,68.09,-0.177,-0.029,419,0
30.19,68.16,0.072,-0.016,420,0
30.21,68.21,0.051,0.025,421,0
30.25,68.18,-0.027,0.04,422,0
30.28,68.11,-0.073,0.026,423,0
30.23,68.18,0.064,-0.043,424,0
30.23,68.0,-0.174,0.0,425,0
30.26,68.07,0.065,0.03,426,0
30.26,67.98,-0.082,-0.001,427,0
30.28,68.06,0.077,0.021,428,0
30.24,68.0,-0.065,-0.048,429,0
30.22,67.84,-0.157,-0.011,430,0
30.21,67.95,0.108,-0.012,431,0
30.2,67.85,-0.097,-0.014,432,0
30.21,67.75,-0.102,0.015,433,0
30.2,67.68,-0.064,-0.013,434,0
30.22,67.65,-0.036,0.02,435,0
30.2,67.5,-0.144,-0.021,436,0
30.17,67.49,-0.016,-0.03,437,0
30.2,67.4,-0.088,0.035,438,0
30.22,67.41,0.015,0.016,439,0
30.22,67.4,-0.015,0.001,440,0
30.23,67.29,-0.112,0.009,441,0
30.21,67.26,-0.031,-0.025,442,0
30.23,67.19,-0.064,0.025,443,0
30.23,67.12,-0.076,-0.0,444,0
30.26,67.11,-0.01,0.033,445,0
30.28,67.2,0.097,0.012,446,0
30.24,67.13,-0.067,-0.038,447,0
30.22,66.99,-0.15,-0.018,448,0
30.16,66.96,-0.025,-0.056,449,0
30.15,67.0,0.041,-0.015,450,0
30.14,66.94,-0.057,-0.014,451,0
30.12,66.93,-0.011,-0.013,452,0
30.08,66.97,0.038,-0.039,453,0
30.11,66.95,-0.02,0.023,454,0
30.07,66.8,-0.146,-0.037,455,0
30.03,66.76,-0.049,-0.041,456,0
30.05,66.79,0.034,0.016,457,0
30.05,66.73,-0.056,0.008,458,0
30.09,66.57,-0.164,0.035,459,0
30.13,66.61,0.038,0.039,460,0
30.12,66.46,-0.153,-0.004,461,0
30.08,66.39,-0.064,-0.041,462,0
30.06,66.44,0.048,-0.019,463,0
30.07,66.54,0.101,0.006,464,0
30.03,66.4,-0.139,-0.039,465,0
30.04,66.28,-0.12,0.009,466,0
29.99,66.32,0.043,-0.054,467,0
29.99,66.18,-0.147,0.002,468,0
29.95,66.27,0.089,-0.034,469,0
29.97,66.19,-0.076,0.019,470,0
30.0,66.25,0.055,0.03,471,0
30.04,66.31,0.061,0.036,472,0
30.08,66.23,-0.076,0.039,473,0
30.04,66.12,-0.112,-0.037,474,0
30.02,66.21,0.086,-0.02,475,0
29.98,66.12,-0.086,-0.046,476,0
29.97,66.03,-0.087,-0.006,477,0
29.99,65.96,-0.072,0.018,478,0
29.94,65.95,-0.01,-0.05,479,0
29.9,65.91,-0.038,-0.035,480,0
29.85,65.94,0.025,-0.055,481,0
29.87,65.98,0.046,0.027,482,0
29.87,65.87,-0.11,-0.006,483,0
29.84,65.93,0.059,-0.026,484,0
29.86,65.9,-0.03,0.019,485,0
29.81,65.82,-0.087,-0.049,486,0
29.82,65.91,0.099,0.004,487,0
29.81,65.95,0.04,-0.007,488,0
29.77,65.77,-0.187,-0.043,489,0
29.74,65.68,-0.084,-0.028,490,0
29.76,65.54,-0.147,0.021,491,0
29.8,65.44,-0.092,0.038,492,0
29.84,65.38,-0.066,0.04,493,0
29.81,65.48,0.102,-0.023,494,0
29.8,65.53,0.051,-0.011,495,0
29.84,65.6,0.068,0.036,496,0
29.84,65.57,-0.024,0.004,497,0
29.82,65.52,-0.055,-0.02,498,0
29.77,65.53,0.014,-0.055,499,0
29.8,65.56,0.027,0.036,500,0
29.77,65.42,-0.139,-0.034,501,0
29.76,65.25,-0.167,-0.011,502,0
29.71,65.34,0.081,-0.05,503,0
29.74,65.44,0.101,0.031,504,0
29.78,65.42,-0.021,0.037,505,0
29.81,65.5,0.087,0.036,506,0
29.82,65.55,0.043,0.007,507,0
29.81,65.52,-0.027,-0.012,508,0
29.79,65.49,-0.032,-0.011,509,0
29.79,65.57,0.086,-0.007,510,0
29.81,65.44,-0.129,0.02,511,0
29.83,65.28,-0.167,0.021,512,0
29.83,65.33,0.052,-0.003,513,0
29.78,65.38,0.05,-0.042,514,0
29.77,65.44,0.056,-0.012,515,0
29.75,65.45,0.01,-0.02,516,0
29.74,65.35,-0.099,-0.017,517,0
29.75,65.23,-0.119,0.017,518,0
29.74,65.2,-0.027,-0.009,519,0
29.69,65.15,-0.048,-0.057,520,0
29.63,64.99,-0.166,-0.055,521,0
29.6,64.96,-0.031,-0.028,522,0
29.56,64.97,0.016,-0.044,523,0
29.57,64.79,-0.183,0.009,524,0
29.57,64.82,0.03,0.006,525,0
29.59,64.63,-0.188,0.013,526,0
29.56,64.59,-0.043,-0.03,527,0
29.5,64.68,0.095,-0.053,528,0
29.49,64.57,-0.107,-0.01,529,0
29.52,64.43,-0.148,0.027,530,0
29.55,64.26,-0.169,0.027,531,0
29.53,64.15,-0.109,-0.018,532,0
29.5,64.22,0.073,-0.027,533,0
29.52,64.25,0.032,0.019,534,0
29.5,64.17,-0.083,-0.019,535,0
29.49,64.19,0.015,-0.015,536,0
29.51,64.08,-0.107,0.023,537,0
29.52,63.96,-0.121,0.013,538,0
29.52,63.79,-0.173,-0.006,539,0
29.49,63.83,0.041,-0.03,540,0
29.52,63.8,-0.027,0.034,541,0
29.46,63.67,-0.133,-0.058,542,0
29.46,63.77,0.101,-0.009,543,0
29.49,63.73,-0.041,0.031,544,0
29.45,63.74,0.017,-0.038,545,0
29.45,63.71,-0.029,0.005,546,0
29.47,63.65,-0.062,0.02,547,0
29.45,63.72,0.07,-0.026,548,0
29.4,63.83,0.104,-0.044,549,0
29.39,63.68,-0.149,-0.011,550,0
29.4,63.57,-0.109,0.007,551,0
29.41,63.48,-0.087,0.011,552,0
29.4,63.48,-0.003,-0.013,553,0
29.34,63.32,-0.161,-0.055,554,0
29.33,63.16,-0.157,-0.016,555,0
29.35,63.15,-0.007,0.025,556,0
29.31,63.11,-0.044,-0.046,557,0
29.28,63.1,-0.004,-0.024,558,0
29.23,63.09,-0.018,-0.055,559,0
29.18,63.15,0.065,-0.044,560,0
29.16,63.18,0.028,-0.024,561,0
29.17,63.06,-0.118,0.011,562,0
29.16,63.16,0.101,-0.014,563,0
29.12,62.97,-0.188,-0.033,564,0
29.08,62.98,0.005,-0.04,565,0
29.06,62.93,-0.046,-0.025,566,0
29.09,62.79,-0.141,0.032,567,0
29.13,62.7,-0.086,0.037,568,0
29.1,62.7,0.0,-0.022,569,0
29.06,62.61,-0.093,-0.047,570,0
29.02,62.55,-0.061,-0.038,571,0
29.0,62.54,-0.008,-0.015,572,0
28.96,62.44,-0.105,-0.043,573,0
28.98,62.26,-0.184,0.019,574,0
29.01,62.17,-0.089,0.034,575,0
29.04,62.07,-0.099,0.027,576,0
29.08,62.18,0.109,0.037,577,0
29.05,62.26,0.085,-0.029,578,0
29.07,62.31,0.054,0.023,579,0
29.03,62.3,-0.015,-0.044,580,0
29.03,62.15,-0.15,0.001,581,0
29.02,62.12,-0.034,-0.005,582,0
28.98,62.13,0.018,-0.042,583,0
29.02,62.14,0.006,0.036,584,0
29.05,62.24,0.101,0.032,585,0
29.01,62.27,0.029,-0.036,586,0
29.0,62.36,0.088,-0.016,587,0
28.99,62.41,0.047,-0.011,588,0
28.95,62.48,0.075,-0.034,589,0
28.93,62.35,-0.132,-0.029,590,0
28.9,62.35,-0.001,-0.025,591,0
28.93,62.25,-0.098,0.03,592,0
28.89,62.22,-0.034,-0.043,593,0
28.87,62.32,0.103,-0.022,594,0
28.84,62.27,-0.047,-0.026,595,0
28.85,62.2,-0.068,0.012,596,0
28.88,62.11,-0.097,0.03,597,0
28.89,62.18,0.07,0.005,598,0
28.89,62.24,0.061,0.002,599,0
33.4,87.15,-0.001,-0.029,0,0
33.44,87.1,-0.052,0.045,1,0
33.47,87.2,0.095,0.021,2,0
33.48,87.22,0.023,0.015,3,0
33.45,87.03,-0.191,-0.035,4,0
33.45,87.04,0.016,0.007,5,0
33.42,86.99,-0.05,-0.029,6,0
33.42,87.06,0.07,-0.001,7,0
33.48,87.08,0.015,0.055,8,0
33.45,87.13,0.056,-0.029,9,0
33.42,87.02,-0.115,-0.026,10,0
33.42,86.84,-0.184,-0.0,11,0
33.39,86.82,-0.014,-0.036,12,0
33.42,86.86,0.035,0.03,13,0
33.46,86.74,-0.113,0.042,14,0
33.51,86.84,0.099,0.05,15,0
33.48,86.85,0.01,-0.027,16,0
33.54,86.73,-0.121,0.053,17,0
33.54,86.57,-0.159,0.005,18,0
33.54,86.62,0.052,-0.002,19,0
33.52,86.7,0.08,-0.016,20,0
33.51,86.8,0.094,-0.009,21,0
33.55,86.78,-0.022,0.037,22,0
33.57,86.85,0.07,0.022,23,0
33.54,86.81,-0.037,-0.029,24,0
33.53,86.8,-0.01,-0.019,25,0
33.55,86.9,0.1,0.02,26,0
33.53,87.0,0.102,-0.014,27,0
33.51,87.05,0.047,-0.025,28,0
33.53,87.03,-0.021,0.022,29,0
33.58,87.08,0.057,0.055,30,0
33.57,87.08,0.001,-0.009,31,0
33.57,87.02,-0.068,0.0,32,0
33.61,87.03,0.014,0.037,33,0
33.58,87.08,0.046,-0.033,34,0
33.62,86.99,-0.088,0.045,35,0
33.6,86.8,-0.188,-0.025,36,0
33.65,86.74,-0.064,0.05,37,0
33.65,86.77,0.029,0.005,38,0
33.65,86.81,0.04,-0.001,39,0
33.68,86.62,-0.19,0.031,40,0
33.7,86.46,-0.151,0.015,41,0
33.73,86.44,-0.021,0.029,42,0
33.73,86.44,-0.003,0.002,43,0
33.73,86.5,0.059,-0.001,44,0
33.75,86.57,0.066,0.023,45,0
33.75,86.46,-0.103,0.004,46,0
33.8,86.42,-0.047,0.043,47,0
33.79,86.43,0.018,-0.01,48,0
33.75,86.44,0.004,-0.036,49,0
33.73,86.52,0.083,-0.024,50,0
33.73,86.4,-0.119,-0.001,51,0
33.7,86.36,-0.046,-0.027,52,0
33.66,86.37,0.018,-0.035,53,0
33.72,86.31,-0.064,0.054,54,0
33.7,86.36,0.05,-0.015,55,0
33.72,86.34,-0.022,0.021,56,0
33.7,86.24,-0.102,-0.018,57,0
33.72,86.21,-0.021,0.017,58,0
33.77,86.1,-0.11,0.044,59,0
33.79,86.13,0.028,0.026,60,0
33.83,86.2,0.066,0.038,61,0
33.81,86.21,0.013,-0.024,62,0
33.83,86.16,-0.053,0.028,63,0
33.81,86.06,-0.093,-0.022,64,0
33.85,86.12,0.055,0.041,65,0
33.83,85.96,-0.164,-0.019,66,0
33.84,85.77,-0.188,0.007,67,0
33.82,85.66,-0.11,-0.017,68,0
33.85,85.73,0.076,0.026,69,0
33.91,85.55,-0.178,0.057,70,0
33.88,85.49,-0.067,-0.031,71,0
33.86,85.35,-0.14,-0.012,72,0
33.85,85.3,-0.051,-0.016,73,0
33.86,85.29,-0.004,0.012,74,0
33.9,85.16,-0.136,0.04,75,0
33.88,85.01,-0.146,-0.017,76,0
33.87,84.92,-0.09,-0.009,77,0
33.84,84.75,-0.172,-0.037,78,0
33.81,84.63,-0.119,-0.028,79,0
33.77,84.47,-0.165,-0.039,80,0
33.77,84.48,0.019,-0.005,81,0
33.78,84.4,-0.087,0.012,82,0
33.82,84.35,-0.044,0.039,83,0
33.8,84.45,0.093,-0.015,84,0
33.77,84.55,0.106,-0.036,85,0
33.81,84.41,-0.148,0.048,86,0
33.84,84.46,0.052,0.026,87,0
33.84,84.55,0.09,-0.002,88,0
33.86,84.38,-0.172,0.018,89,0
33.9,84.23,-0.147,0.04,90,0
33.87,84.29,0.063,-0.028,91,0
33.91,84.17,-0.124,0.039,92,0
33.91,83.98,-0.183,0.007,93,0
33.93,83.95,-0.039,0.017,94,0
33.97,84.01,0.06,0.041,95,0
34.02,84.03,0.026,0.047,96,0
34.01,84.11,0.077,-0.007,97,0
34.04,84.14,0.029,0.031,98,0
34.1,84.04,-0.101,0.055,99,0
34.15,84.12,0.086,0.056,100,0
34.2,84.12,-0.009,0.046,101,0
34.23,83.96,-0.161,0.028,102,0
34.22,84.02,0.064,-0.01,103,0
34.19,83.97,-0.045,-0.029,104,0
34.19,84.06,0.086,0.002,105,0
34.24,83.94,-0.124,0.054,106,0
34.22,83.93,-0.004,-0.028,107,0
34.2,83.82,-0.11,-0.017,108,0
34.2,83.88,0.058,0.002,109,0
34.17,83.91,0.03,-0.028,110,0
34.2,83.97,0.062,0.026,111,0
34.22,84.04,0.068,0.024,112,0
34.25,84.11,0.074,0.03,113,0
34.23,83.99,-0.122,-0.028,114,0
34.18,84.06,0.069,-0.041,115,0
34.15,84.0,-0.063,-0.034,116,0
34.12,83.82,-0.181,-0.026,117,0
34.14,83.72,-0.099,0.015,118,0
34.18,83.64,-0.078,0.039,119,0
34.18,83.65,0.007,0.001,120,0
34.22,83.59,-0.06,0.046,121,0
34.25,83.48,-0.102,0.027,122,0
34.25,83.5,0.014,0.001,123,0
34.26,83.58,0.08,0.009,124,0
34.28,83.61,0.03,0.018,125,0
34.25,83.45,-0.161,-0.034,126,0
34.28,83.34,-0.108,0.034,127,0
34.32,83.37,0.026,0.044,128,0
34.34,83.39,0.026,0.019,129,0
34.35,83.34,-0.048,0.01,130,0
34.32,83.3,-0.043,-0.032,131,0
34.28,83.29,-0.015,-0.038,132,0
34.33,83.33,0.046,0.048,133,0
34.33,83.33,0.003,-0.003,134,0
34.34,83.21,-0.121,0.011,135,0
34.35,83.14,-0.071,0.009,136,0
34.38,83.16,0.019,0.032,137,0
34.42,82.99,-0.167,0.04,138,0
34.42,82.91,-0.088,0.001,139,0
34.48,82.89,-0.015,0.058,140,0
34.5,82.89,-0.005,0.025,141,0
34.56,82.81,-0.079,0.058,142,0
34.57,82.84,0.034,0.012,143,0
34.58,82.7,-0.145,0.006,144,0
34.54,82.66,-0.036,-0.04,145,0
34.57,82.75,0.091,0.03,146,0
34.53,82.6,-0.147,-0.041,147,0
34.54,82.6,-0.002,0.014,148,0
34.6,82.61,0.008,0.053,149,0
34.57,82.5,-0.106,-0.026,150,0
34.55,82.37,-0.136,-0.02,151,0
34.51,82.3,-0.068,-0.04,152,0
34.54,82.26,-0.039,0.031,153,0
34.5,82.28,0.02,-0.039,154,0
34.47,82.25,-0.034,-0.036,155,0
34.47,82.18,-0.073,0.003,156,0
34.5,82.25,0.072,0.035,157,0
34.56,82.23,-0.018,0.057,158,0
34.58,82.15,-0.082,0.023,159,0
34.57,82.06,-0.09,-0.013,160,0
34.57,82.03,-0.029,-0.0,161,0
34.55,82.1,0.074,-0.015,162,0
34.57,82.05,-0.049,0.015,163,0
34.57,82.14,0.09,-0.004,164,0
34.57,82.1,-0.039,0.0,165,0
34.61,82.02,-0.082,0.045,166,0
34.62,81.93,-0.092,0.008,167,0
34.62,81.77,-0.163,0.001,168,0
34.58,81.68,-0.087,-0.037,169,0
34.62,81.69,0.007,0.038,170,0
34.6,81.74,0.053,-0.021,171,0
34.65,81.64,-0.102,0.051,172,0
34.62,81.47,-0.167,-0.037,173,0
34.62,81.46,-0.006,0.002,174,0
34.59,81.45,-0.017,-0.027,175,0
34.56,81.47,0.022,-0.028,176,0
34.62,81.43,-0.035,0.055,177,0
34.65,81.37,-0.065,0.034,178,0
34.69,81.24,-0.129,0.036,179,0
34.7,81.26,0.017,0.007,180,0
34.72,81.14,-0.121,0.026,181,0
34.73,80.97,-0.164,0.008,182,0
34.7,80.95,-0.026,-0.031,183,0
34.74,80.99,0.041,0.043,184,0
34.73,80.83,-0.161,-0.013,185,0
34.7,80.78,-0.049,-0.026,186,0
34.68,80.84,0.062,-0.027,187,0
34.65,80.84,0.006,-0.028,188,0
34.69,80.76,-0.081,0.04,189,0
34.65,80.67,-0.092,-0.039,190,0
34.64,80.49,-0.176,-0.007,191,0
34.6,80.48,-0.017,-0.038,192,0
34.63,80.58,0.104,0.031,193,0
34.65,80.59,0.006,0.017,194,0
34.63,80.56,-0.028,-0.021,195,0
34.63,80.62,0.06,-0.001,196,0
34.64,80.56,-0.056,0.011,197,0
34.63,80.51,-0.05,-0.01,198,0
34.61,80.35,-0.164,-0.02,199,0
34.65,80.22,-0.133,0.038,200,0
34.66,80.11,-0.109,0.011,201,0
34.62,80.15,0.038,-0.035,202,0
34.59,79.96,-0.185,-0.033,203,0
34.56,79.83,-0.127,-0.026,204,0
34.62,79.73,-0.101,0.052,205,0
34.62,79.84,0.102,0.008,206,0
34.61,79.93,0.099,-0.014,207,0
34.63,79.87,-0.062,0.015,208,0
34.63,79.97,0.095,-0.0,209,0
34.63,80.07,0.104,-0.0,210,0
34.63,79.99,-0.077,0.01,211,0
34.61,79.95,-0.045,-0.022,212,0
34.63,79.78,-0.164,0.019,213,0
34.61,79.7,-0.08,-0.027,214,0
34.64,79.56,-0.147,0.036,215,0
34.61,79.55,-0.004,-0.036,216,0
34.59,79.41,-0.144,-0.016,217,0
34.64,79.25,-0.155,0.048,218,0
34.63,79.15,-0.107,-0.004,219,0
34.64,79.18,0.029,0.004,220,0
34.69,79.24,0.061,0.054,221,0
34.66,79.1,-0.138,-0.034,222,0
34.67,79.02,-0.083,0.015,223,0
34.66,78.84,-0.181,-0.015,224,0
34.7,78.92,0.083,0.044,225,0
34.75,78.78,-0.144,0.045,226,0
34.71,78.85,0.071,-0.04,227,0
34.7,78.67,-0.173,-0.001,228,0
34.72,78.49,-0.181,0.013,229,0
34.69,78.33,-0.159,-0.023,230,0
34.7,78.31,-0.02,0.007,231,0
34.74,78.29,-0.028,0.036,232,0
34.76,78.24,-0.048,0.02,233,0
34.75,78.22,-0.018,-0.003,234,0
34.72,78.08,-0.135,-0.033,235,0
34.72,77.93,-0.151,-0.002,236,0
34.73,77.84,-0.097,0.014,237,0
34.78,77.89,0.05,0.044,238,0
34.75,77.78,-0.103,-0.026,239,0
34.79,77.63,-0.15,0.038,240,0
34.8,77.52,-0.116,0.014,241,0
34.82,77.4,-0.118,0.013,242,0
34.85,77.32,-0.076,0.031,243,0
34.85,77.2,-0.12,0.005,244,0
34.84,77.15,-0.055,-0.011,245,0
34.89,76.97,-0.181,0.053,246,0
34.94,77.03,0.058,0.046,247,0
34.9,77.11,0.08,-0.038,248,0
34.93,76.96,-0.148,0.026,249,0
34.97,76.95,-0.004,0.04,250,0
35.0,77.04,0.082,0.037,251,0
34.99,77.02,-0.012,-0.017,252,0
34.95,77.0,-0.021,-0.041,253,0
34.93,76.83,-0.168,-0.015,254,0
34.97,76.92,0.086,0.037,255,0
34.98,76.99,0.068,0.015,256,0
35.03,77.02,0.03,0.042,257,0
35.06,77.07,0.051,0.039,258,0
35.1,77.06,-0.009,0.032,259,0
35.09,77.12,0.061,-0.004,260,0
35.11,77.12,0.004,0.018,261,0
35.14,77.2,0.073,0.031,262,0
35.16,77.13,-0.071,0.014,263,0
35.14,77.17,0.04,-0.012,264,0
35.12,77.26,0.097,-0.019,265,0
35.09,77.09,-0.17,-0.032,266,0
35.1,77.13,0.033,0.01,267,0
35.15,76.97,-0.16,0.044,268,0
35.17,77.03,0.063,0.022,269,0
35.22,76.93,-0.1,0.053,270,0
35.19,76.84,-0.091,-0.033,271,0
35.16,76.86,0.018,-0.026,272,0
35.17,76.85,-0.003,0.003,273,0
35.13,76.84,-0.017,-0.041,274,0
35.09,76.74,-0.1,-0.038,275,0
35.05,76.65,-0.085,-0.041,276,0
35.08,76.68,0.03,0.038,277,0
35.13,76.73,0.048,0.049,278,0
35.12,76.67,-0.058,-0.012,279,0
35.13,76.72,0.052,0.004,280,0
35.09,76.59,-0.13,-0.039,281,0
35.13,76.43,-0.162,0.039,282,0
35.18,76.34,-0.087,0.05,283,0
35.18,76.23,-0.112,0.006,284,0
35.16,76.32,0.09,-0.026,285,0
35.21,76.23,-0.095,0.056,286,0
35.25,76.21,-0.014,0.038,287,0
35.23,76.16,-0.057,-0.015,288,0
35.28,76.03,-0.127,0.044,289,0
35.26,76.12,0.088,-0.015,290,0
35.28,76.11,-0.008,0.017,291,0
35.29,76.19,0.083,0.011,292,0
35.34,76.0,-0.192,0.053,293,0
35.31,75.88,-0.12,-0.031,294,0
35.35,75.75,-0.125,0.033,295,0
35.33,75.86,0.106,-0.013,296,0
35.36,75.72,-0.138,0.022,297,0
35.32,75.82,0.095,-0.034,298,0
35.28,75.87,0.056,-0.04,299,0
35.32,75.73,-0.143,0.034,300,0
35.3,75.67,-0.058,-0.018,301,0
35.32,75.5,-0.174,0.023,302,0
35.33,75.32,-0.18,0.007,303,0
35.31,75.41,0.091,-0.017,304,0
35.27,75.42,0.012,-0.038,305,0
35.29,75.24,-0.186,0.012,306,0
35.28,75.16,-0.072,-0.008,307,0
35.25,75.09,-0.071,-0.032,308,0
35.24,75.0,-0.097,-0.002,309,0
35.23,74.92,-0.077,-0.013,310,0
35.23,74.74,-0.175,0.003,311,0
35.23,74.83,0.092,-0.001,312,0
35.28,74.82,-0.014,0.046,313,0
35.3,74.74,-0.08,0.022,314,0
35.31,74.72,-0.018,0.01,315,0
35.29,74.61,-0.112,-0.016,316,0
35.25,74.44,-0.173,-0.04,317,0
35.25,74.44,0.001,-0.001,318,0
35.31,74.28,-0.162,0.057,319,0
35.32,74.36,0.083,0.004,320,0
35.35,74.31,-0.053,0.034,321,0
35.4,74.25,-0.06,0.054,322,0
35.38,74.28,0.036,-0.019,323,0
35.4,74.23,-0.049,0.016,324,0
35.38,74.13,-0.101,-0.022,325,0
35.44,74.0,-0.133,0.058,326,0
35.45,73.82,-0.182,0.011,327,0
35.49,73.66,-0.16,0.047,328,0
35.51,73.6,-0.061,0.016,329,0
35.55,73.63,0.034,0.042,330,0
35.54,73.73,0.104,-0.014,331,0
35.59,73.55,-0.186,0.051,332,0
35.58,73.43,-0.113,-0.012,333,0
35.62,73.52,0.09,0.04,334,0
35.63,73.43,-0.093,0.018,335,0
35.62,73.37,-0.059,-0.019,336,0
35.64,73.25,-0.124,0.025,337,0
35.65,73.15,-0.103,0.015,338,0
35.68,73.07,-0.071,0.029,339,0
35.74,72.98,-0.091,0.053,340,0
35.79,72.86,-0.125,0.057,341,0
35.82,72.81,-0.05,0.027,342,0
35.85,72.86,0.052,0.031,343,0
35.9,72.78,-0.086,0.049,344,0
35.93,72.84,0.069,0.034,345,0
35.96,72.74,-0.1,0.028,346,0
35.94,72.73,-0.018,-0.023,347,0
36.0,72.72,-0.006,0.057,348,0
35.99,72.59,-0.129,-0.003,349,0
36.03,72.43,-0.16,0.033,350,0
36.07,72.38,-0.05,0.042,351,0
36.13,72.26,-0.123,0.058,352,0
36.14,72.13,-0.129,0.015,353,0
36.14,72.03,-0.103,0.001,354,0
36.13,72.11,0.08,-0.014,355,0
36.16,72.06,-0.045,0.031,356,0
36.14,72.15,0.085,-0.022,357,0
36.15,72.18,0.03,0.015,358,0
36.16,72.09,-0.089,0.011,359,0
36.22,72.15,0.064,0.056,360,0
36.24,72.03,-0.121,0.021,361,0
36.26,72.1,0.066,0.024,362,0
36.27,72.02,-0.077,0.004,363,0
36.3,71.86,-0.166,0.029,364,0
36.35,71.96,0.104,0.054,365,0
36.33,71.85,-0.112,-0.021,366,0
36.36,71.69,-0.156,0.035,367,0
36.36,71.77,0.082,-0.002,368,0
36.36,71.86,0.088,0.002,369,0
36.38,71.78,-0.084,0.014,370,0
36.42,71.61,-0.163,0.046,371,0
36.43,71.67,0.054,0.005,372,0
36.47,71.51,-0.156,0.047,373,0
36.45,71.35,-0.157,-0.028,374,0
36.48,71.17,-0.186,0.028,375,0
36.5,71.15,-0.017,0.02,376,0
36.49,71.24,0.087,-0.004,377,0
36.48,71.12,-0.115,-0.011,378,0
36.5,70.99,-0.131,0.018,379,0
36.5,71.01,0.015,0.003,380,0
36.49,70.84,-0.163,-0.012,381,0
36.51,70.94,0.1,0.023,382,0
36.47,70.86,-0.085,-0.041,383,0
36.49,70.93,0.069,0.018,384,0
36.51,70.8,-0.122,0.025,385,0
36.56,70.75,-0.051,0.043,386,0
36.57,70.59,-0.164,0.013,387,0
36.62,70.51,-0.075,0.054,388,0
36.6,70.5,-0.019,-0.026,389,0
36.62,70.4,-0.097,0.019,390,0
36.58,70.46,0.062,-0.036,391,0
36.63,70.27,-0.186,0.051,392,0
36.6,70.2,-0.077,-0.036,393,0
36.56,70.02,-0.179,-0.033,394,0
36.6,70.11,0.094,0.04,395,0
36.64,70.12,0.007,0.034,396,0
36.63,69.95,-0.169,-0.009,397,0
36.59,69.78,-0.171,-0.034,398,0
36.57,69.76,-0.018,-0.022,399,0
36.55,69.64,-0.116,-0.016,400,0
36.58,69.68,0.038,0.021,401,0
36.55,69.64,-0.039,-0.028,402,0
36.53,69.48,-0.167,-0.018,403,0
36.56,69.3,-0.18,0.033,404,0
36.59,69.26,-0.04,0.024,405,0
36.63,69.12,-0.136,0.044,406,0
36.63,69.13,0.006,-0.004,407,0
36.59,69.1,-0.022,-0.036,408,0
36.64,69.12,0.011,0.054,409,0
36.68,69.2,0.08,0.041,410,0
36.69,69.26,0.062,0.006,411,0
36.74,69.12,-0.135,0.052,412,0
36.73,68.95,-0.172,-0.015,413,0
36.7,68.84,-0.115,-0.029,414,0
36.75,68.85,0.009,0.053,415,0
36.77,68.79,-0.054,0.021,416,0
36.77,68.79,-0.005,-0.0,417,0
36.77,68.86,0.077,-0.005,418,0
36.77,68.77,-0.098,0.0,419,0
36.74,68.75,-0.012,-0.029,420,0
36.8,68.58,-0.172,0.058,421,0
36.84,68.55,-0.029,0.046,422,0
36.82,68.37,-0.187,-0.02,423,0
36.85,68.2,-0.169,0.031,424,0
36.84,68.12,-0.074,-0.013,425,0
36.81,68.07,-0.049,-0.035,426,0
36.86,68.07,-0.005,0.056,427,0
36.82,67.94,-0.127,-0.039,428,0
36.81,67.8,-0.137,-0.015,429,0
36.83,67.65,-0.159,0.021,430,0
36.83,67.63,-0.011,0.001,431,0
36.88,67.5,-0.137,0.05,432,0
36.85,67.49,-0.011,-0.035,433,0
36.85,67.55,0.061,0.002,434,0
36.83,67.36,-0.189,-0.017,435,0
36.85,67.23,-0.126,0.016,436,0
36.86,67.06,-0.173,0.016,437,0
36.84,66.93,-0.125,-0.023,438,0
36.88,66.84,-0.091,0.037,439,0
36.92,66.81,-0.033,0.047,440,0
36.92,66.81,-0.003,-0.001,441,0
36.89,66.75,-0.057,-0.031,442,0
36.91,66.67,-0.079,0.019,443,0
36.89,66.61,-0.055,-0.015,444,0
36.91,66.67,0.06,0.015,445,0
36.88,66.74,0.06,-0.025,446,0
36.86,66.6,-0.138,-0.023,447,0
36.9,66.59,-0.009,0.035,448,0
36.92,66.47,-0.116,0.027,449,0
36.98,66.36,-0.11,0.055,450,0
37.01,66.41,0.047,0.033,451,0
37.04,66.34,-0.065,0.029,452,0
37.05,66.31,-0.031,0.009,453,0
37.1,66.38,0.068,0.047,454,0
37.13,66.21,-0.171,0.037,455,0
37.1,66.08,-0.127,-0.037,456,0
37.12,65.97,-0.116,0.019,457,0
37.11,65.93,-0.038,-0.009,458,0
37.07,65.89,-0.044,-0.033,459,0
37.1,65.79,-0.093,0.029,460,0
37.13,65.78,-0.015,0.025,461,0
37.16,65.79,0.015,0.036,462,0
37.19,65.87,0.079,0.028,463,0
37.2,65.73,-0.144,0.007,464,0
37.22,65.68,-0.05,0.02,465,0
37.21,65.54,-0.142,-0.006,466,0
37.19,65.37,-0.164,-0.026,467,0
37.17,65.39,0.02,-0.015,468,0
37.15,65.31,-0.077,-0.018,469,0
37.15,65.17,-0.143,-0.0,470,0
37.21,65.24,0.072,0.055,471,0
37.17,65.17,-0.075,-0.039,472,0
37.16,65.02,-0.15,-0.009,473,0
37.17,64.91,-0.104,0.012,474,0
37.19,64.72,-0.192,0.021,475,0
37.21,64.63,-0.09,0.02,476,0
37.22,64.61,-0.023,0.008,477,0
37.25,64.65,0.037,0.031,478,0
37.29,64.74,0.097,0.038,479,0
37.33,64.61,-0.135,0.042,480,0
37.37,64.71,0.099,0.044,481,0
37.37,64.61,-0.099,-0.007,482,0
37.39,64.59,-0.024,0.023,483,0
37.42,64.44,-0.15,0.031,484,0
37.39,64.32,-0.113,-0.033,485,0
37.41,64.15,-0.174,0.026,486,0
37.47,64.25,0.103,0.055,487,0
37.45,64.2,-0.057,-0.02,488,0
37.42,64.16,-0.035,-0.027,489,0
37.48,64.07,-0.087,0.054,490,0
37.48,64.02,-0.055,0.002,491,0
37.47,63.86,-0.163,-0.005,492,0
37.51,63.83,-0.027,0.032,493,0
37.49,63.68,-0.145,-0.021,494,0
37.5,63.73,0.045,0.013,495,0
37.55,63.64,-0.085,0.054,496,0
37.61,63.46,-0.184,0.053,497,0
37.62,63.48,0.016,0.016,498,0
37.61,63.33,-0.144,-0.016,499,0
37.58,63.33,-0.002,-0.028,500,0
37.63,63.28,-0.054,0.055,501,0
37.61,63.33,0.058,-0.024,502,0
37.66,63.17,-0.16,0.047,503,0
37.67,63.18,0.011,0.011,504,0
37.64,63.05,-0.133,-0.024,505,0
37.67,62.99,-0.061,0.03,506,0
37.71,63.09,0.101,0.035,507,0
37.7,62.99,-0.106,-0.007,508,0
37.71,62.85,-0.138,0.006,509,0
37.73,62.66,-0.192,0.02,510,0
37.74,62.72,0.06,0.014,511,0
37.75,62.56,-0.152,0.006,512,0
37.71,62.62,0.055,-0.035,513,0
37.69,62.63,0.011,-0.025,514,0
37.69,62.62,-0.01,0.002,515,0
37.71,62.69,0.073,0.021,516,0
37.68,62.6,-0.096,-0.026,517,0
37.67,62.62,0.026,-0.009,518,0
37.7,62.53,-0.094,0.027,519,0
37.76,62.34,-0.188,0.054,520,0
37.72,62.41,0.072,-0.038,521,0
37.71,62.25,-0.159,-0.011,522,0
37.69,62.22,-0.032,-0.016,523,0
37.69,62.07,-0.155,0.001,524,0
37.72,61.92,-0.142,0.028,525,0
37.72,61.73,-0.19,0.0,526,0
37.69,61.84,0.105,-0.028,527,0
37.65,61.72,-0.121,-0.038,528,0
37.67,61.75,0.03,0.011,529,0
37.72,61.56,-0.193,0.049,530,0
37.74,61.56,0.007,0.027,531,0
37.76,61.63,0.07,0.023,532,0
37.77,61.5,-0.134,0.004,533,0
37.78,61.55,0.048,0.016,534,0
37.82,61.65,0.101,0.035,535,0
37.87,61.5,-0.151,0.054,536,0
37.89,61.31,-0.185,0.019,537,0
37.92,61.38,0.068,0.03,538,0
37.92,61.25,-0.127,0.001,539,0
37.93,61.33,0.076,0.001,540,0
37.94,61.25,-0.078,0.014,541,0
37.93,61.28,0.024,-0.011,542,0
37.97,61.16,-0.119,0.044,543,0
37.96,61.04,-0.117,-0.014,544,0
38.01,60.92,-0.118,0.053,545,0
38.01,60.84,-0.077,0.002,546,0
38.02,60.73,-0.114,0.005,547,0
38.03,60.55,-0.184,0.013,548,0
38.06,60.44,-0.107,0.032,549,0
38.03,60.41,-0.028,-0.031,550,0
38.0,60.44,0.025,-0.032,551,0
37.97,60.37,-0.071,-0.027,552,0
38.02,60.46,0.09,0.042,553,0
37.97,60.31,-0.143,-0.041,554,0
37.94,60.16,-0.155,-0.032,555,0
37.93,60.07,-0.086,-0.01,556,0
37.95,59.88,-0.188,0.02,557,0
37.97,59.93,0.048,0.02,558,0
37.97,60.03,0.1,0.0,559,0
38.01,60.06,0.026,0.036,560,0
38.05,59.9,-0.157,0.042,561,0
38.05,59.92,0.019,-0.004,562,0
38.07,59.94,0.016,0.028,563,0
38.11,59.78,-0.154,0.038,564,0
38.08,59.75,-0.028,-0.037,565,0
38.09,59.71,-0.043,0.013,566,0
38.11,59.81,0.102,0.023,567,0
38.09,59.81,-0.003,-0.018,568,0
38.13,59.89,0.083,0.033,569,0
38.17,59.99,0.093,0.044,570,0
38.23,59.88,-0.102,0.058,571,0
38.22,59.74,-0.141,-0.007,572,0
38.2,59.81,0.068,-0.022,573,0
38.24,59.73,-0.084,0.036,574,0
38.29,59.56,-0.168,0.05,575,0
38.33,59.6,0.039,0.04,576,0
38.35,59.5,-0.098,0.027,577,0
38.36,59.56,0.057,0.005,578,0
38.37,59.57,0.018,0.014,579,0
38.33,59.43,-0.14,-0.037,580,0
38.34,59.27,-0.169,0.003,581,0
38.3,59.23,-0.034,-0.04,582,0
38.28,59.11,-0.122,-0.016,583,0
38.32,59.2,0.096,0.039,584,0
38.36,59.17,-0.033,0.038,585,0
38.39,58.98,-0.191,0.034,586,0
38.44,58.93,-0.052,0.042,587,0
38.47,58.86,-0.064,0.038,588,0
38.46,58.92,0.061,-0.01,589,0
38.44,59.0,0.077,-0.024,590,0
38.42,59.11,0.104,-0.019,591,0
38.41,59.2,0.094,-0.009,592,0
38.4,59.21,0.014,-0.012,593,0
38.42,59.24,0.026,0.018,594,0
38.41,59.1,-0.139,-0.009,595,0
38.42,59.14,0.044,0.015,596,0
38.43,59.08,-0.061,0.003,597,0
38.48,59.07,-0.014,0.057,598,0
38.51,58.9,-0.167,0.027,599,0
34.7,89.87,-0.0,-0.009,0,0
34.69,89.94,0.064,-0.011,1,0
34.71,89.78,-0.153,0.021,2,0
34.67,89.76,-0.023,-0.047,3,0
34.67,89.65,-0.111,-0.001,4,0
34.69,89.72,0.066,0.029,5,0
34.7,89.78,0.063,0.002,6,0
34.64,89.82,0.046,-0.052,7,0
34.68,89.82,-0.001,0.032,8,0
34.72,89.79,-0.03,0.041,9,0
34.74,89.62,-0.173,0.022,10,0
34.76,89.45,-0.167,0.015,11,0
34.74,89.4,-0.049,-0.018,12,0
34.73,89.18,-0.226,-0.004,13,0
34.72,89.03,-0.146,-0.012,14,0
34.68,89.03,-0.003,-0.043,15,0
34.68,88.95,-0.076,0.002,16,0
34.69,88.88,-0.073,0.006,17,0
34.7,88.72,-0.16,0.013,18,0
34.67,88.77,0.048,-0.027,19,0
34.69,88.81,0.043,0.019,20,0
34.71,88.81,-0.004,0.018,21,0
34.73,88.75,-0.056,0.02,22,0
34.76,88.67,-0.084,0.033,23,0
34.72,88.69,0.026,-0.043,24,0
34.75,88.5,-0.196,0.035,25,0
34.74,88.37,-0.129,-0.016,26,0
34.76,88.15,-0.213,0.023,27,0
34.73,88.18,0.027,-0.034,28,0
34.75,88.16,-0.025,0.019,29,0
34.76,88.19,0.037,0.012,30,0
34.72,88.23,0.037,-0.041,31,0
34.73,88.11,-0.118,0.009,32,0
34.76,88.17,0.055,0.031,33,0
34.75,88.09,-0.074,-0.004,34,0
34.77,87.9,-0.196,0.022,35,0
34.74,87.75,-0.15,-0.032,36,0
34.73,87.69,-0.055,-0.016,37,0
34.74,87.54,-0.155,0.016,38,0
34.69,87.58,0.041,-0.055,39,0
34.65,87.35,-0.227,-0.032,40,0
34.66,87.3,-0.052,0.006,41,0
34.69,87.36,0.066,0.029,42,0
34.7,87.42,0.055,0.01,43,0
34.67,87.28,-0.139,-0.028,44,0
34.71,87.19,-0.089,0.035,45,0
34.74,87.16,-0.03,0.031,46,0
34.69,87.03,-0.135,-0.044,47,0
34.68,87.09,0.061,-0.01,48,0
34.71,87.03,-0.053,0.027,49,0
34.67,87.03,-0.005,-0.042,50,0
34.71,86.99,-0.036,0.037,51,0
34.67,86.85,-0.142,-0.032,52,0
34.7,86.85,0.003,0.028,53,0
34.66,86.92,0.07,-0.045,54,0
34.69,86.81,-0.111,0.038,55,0
34.66,86.81,-0.008,-0.031,56,0
34.7,86.75,-0.054,0.036,57,0
34.71,86.59,-0.165,0.006,58,0
34.71,86.46,-0.129,0.007,59,0
34.71,86.44,-0.015,0.001,60,0
34.74,86.23,-0.212,0.026,61,0
34.74,86.21,-0.017,0.002,62,0
34.74,86.12,-0.099,-0.005,63,0
34.73,85.98,-0.134,-0.005,64,0
34.74,85.82,-0.161,0.012,65,0
34.75,85.69,-0.129,0.011,66,0
34.71,85.7,0.011,-0.048,67,0
34.68,85.62,-0.085,-0.025,68,0
34.72,85.64,0.019,0.044,69,0
34.72,85.61,-0.025,-0.007,70,0
34.68,85.67,0.059,-0.034,71,0
34.69,85.74,0.071,0.01,72,0
34.71,85.54,-0.198,0.013,73,0
34.75,85.46,-0.088,0.04,74,0
34.78,85.26,-0.2,0.037,75,0
34.75,85.22,-0.037,-0.036,76,0
34.76,85.19,-0.031,0.009,77,0
34.75,84.96,-0.227,-0.005,78,0
34.75,84.8,-0.162,0.003,79,0
34.72,84.62,-0.183,-0.036,80,0
34.69,84.6,-0.014,-0.023,81,0
34.73,84.38,-0.224,0.035,82,0
34.73,84.27,-0.105,0.003,83,0
34.77,84.15,-0.126,0.04,84,0
34.79,84.02,-0.128,0.021,85,0
34.76,84.01,-0.009,-0.033,86,0
34.8,84.01,0.002,0.041,87,0
34.81,84.06,0.051,0.013,88,0
34.78,83.95,-0.11,-0.036,89,0
34.75,83.86,-0.09,-0.024,90,0
34.73,83.84,-0.027,-0.022,91,0
34.74,83.64,-0.192,0.007,92,0
34.74,83.46,-0.181,0.004,93,0
34.7,83.25,-0.212,-0.042,94,0
34.67,83.06,-0.189,-0.029,95,0
34.65,82.98,-0.082,-0.026,96,0
34.62,82.99,0.01,-0.023,97,0
34.59,82.77,-0.218,-0.031,98,0
34.57,82.65,-0.121,-0.019,99,0
34.62,82.63,-0.019,0.043,100,0
34.66,82.42,-0.215,0.043,101,0
34.64,82.2,-0.217,-0.014,102,0
34.6,82.11,-0.087,-0.048,103,0
34.57,82.01,-0.102,-0.025,104,0
34.6,82.06,0.053,0.024,105,0
34.62,82.0,-0.059,0.024,106,0
34.58,82.02,0.012,-0.044,107,0
34.58,81.84,-0.18,-0.0,108,0
34.59,81.68,-0.153,0.011,109,0
34.59,81.48,-0.2,0.008,110,0
34.61,81.4,-0.085,0.018,111,0
34.64,81.41,0.008,0.029,112,0
34.63,81.28,-0.13,-0.012,113,0
34.66,81.17,-0.106,0.035,114,0
34.62,80.99,-0.177,-0.041,115,0
34.63,81.06,0.066,0.009,116,0
34.64,81.03,-0.031,0.008,117,0
34.61,80.91,-0.118,-0.026,118,0
34.63,80.81,-0.102,0.014,119,0
34.57,80.65,-0.153,-0.055,120,0
34.55,80.5,-0.151,-0.019,121,0
34.53,80.52,0.016,-0.022,122,0
34.49,80.39,-0.128,-0.043,123,0
34.51,80.29,-0.105,0.015,124,0
34.5,80.19,-0.099,-0.006,125,0
34.5,80.1,-0.082,-0.002,126,0
34.47,80.12,0.013,-0.024,127,0
34.44,80.13,0.01,-0.032,128,0
34.43,79.94,-0.187,-0.015,129,0
34.43,80.01,0.068,0.002,130,0
34.4,79.96,-0.048,-0.029,131,0
34.35,79.98,0.019,-0.052,132,0
34.36,79.91,-0.072,0.014,133,0
34.35,79.93,0.02,-0.015,134,0
34.36,79.81,-0.115,0.011,135,0
34.32,79.83,0.018,-0.041,136,0
34.35,79.89,0.06,0.033,137,0
34.31,79.83,-0.059,-0.037,138,0
34.27,79.81,-0.022,-0.041,139,0
34.25,79.75,-0.059,-0.018,140,0
34.2,79.63,-0.127,-0.053,141,0
34.22,79.43,-0.197,0.022,142,0
34.23,79.21,-0.217,0.009,143,0
34.18,79.26,0.047,-0.053,144,0
34.22,79.25,-0.011,0.04,145,0
34.18,79.22,-0.024,-0.038,146,0
34.18,79.01,-0.211,0.003,147,0
34.16,78.85,-0.165,-0.025,148,0
34.15,78.63,-0.218,-0.012,149,0
34.11,78.54,-0.085,-0.039,150,0
34.07,78.35,-0.193,-0.037,151,0
34.08,78.14,-0.206,0.009,152,0
34.1,78.12,-0.022,0.02,153,0
34.1,78.14,0.018,0.003,154,0
34.13,78.1,-0.037,0.028,155,0
34.09,78.1,-0.006,-0.04,156,0
34.11,78.14,0.048,0.023,157,0
34.07,78.1,-0.045,-0.044,158,0
34.04,78.13,0.027,-0.033,159,0
34.0,78.04,-0.084,-0.04,160,0
33.94,78.09,0.048,-0.051,161,0
33.94,77.88,-0.211,0.0,162,0
33.94,77.92,0.037,-0.004,163,0
33.93,77.89,-0.032,-0.011,164,0
33.92,77.74,-0.144,-0.01,165,0
33.89,77.53,-0.212,-0.027,166,0
33.89,77.47,-0.06,-0.006,167,0
33.92,77.4,-0.065,0.033,168,0
33.95,77.41,0.009,0.034,169,0
33.9,77.47,0.052,-0.049,170,0
33.86,77.3,-0.17,-0.04,171,0
33.89,77.27,-0.03,0.028,172,0
33.84,77.26,-0.004,-0.053,173,0
33.88,77.06,-0.204,0.044,174,0
33.88,76.96,-0.101,0.002,175,0
33.86,76.75,-0.212,-0.026,176,0
33.84,76.64,-0.103,-0.014,177,0
33.82,76.57,-0.077,-0.023,178,0
33.79,76.56,-0.006,-0.028,179,0
33.82,76.45,-0.105,0.029,180,0
33.84,76.35,-0.103,0.014,181,0
33.82,76.13,-0.222,-0.013,182,0
33.79,76.15,0.021,-0.029,183,0
33.8,75.97,-0.181,0.007,184,0
33.85,76.02,0.047,0.044,185,0
33.84,75.84,-0.175,-0.009,186,0
33.83,75.75,-0.092,-0.009,187,0
33.82,75.6,-0.153,-0.006,188,0
33.79,75.64,0.044,-0.029,189,0
33.82,75.55,-0.095,0.026,190,0
33.79,75.53,-0.018,-0.028,191,0
33.78,75.4,-0.132,-0.009,192,0
33.73,75.4,0.005,-0.05,193,0
33.69,75.3,-0.098,-0.041,194,0
33.68,75.26,-0.043,-0.006,195,0
33.72,75.17,-0.092,0.037,196,0
33.68,75.1,-0.064,-0.04,197,0
33.7,75.03,-0.071,0.024,198,0
33.73,74.85,-0.187,0.024,199,0
33.71,74.66,-0.184,-0.015,200,0
33.73,74.65,-0.012,0.015,201,0
33.7,74.65,-0.001,-0.03,202,0
33.64,74.55,-0.097,-0.055,203,0
33.64,74.38,-0.169,-0.006,204,0
33.67,74.35,-0.034,0.039,205,0
33.66,74.13,-0.218,-0.017,206,0
33.66,74.12,-0.013,-0.001,207,0
33.62,73.89,-0.225,-0.035,208,0
33.66,73.87,-0.021,0.041,209,0
33.64,73.76,-0.107,-0.025,210,0
33.67,73.68,-0.086,0.031,211,0
33.68,73.7,0.024,0.008,212,0
33.68,73.52,-0.185,0.003,213,0
33.64,73.35,-0.171,-0.043,214,0
33.66,73.17,-0.176,0.021,215,0
33.66,73.02,-0.149,0.0,216,0
33.7,72.9,-0.12,0.043,217,0
33.67,72.88,-0.026,-0.029,218,0
33.69,72.9,0.024,0.024,219,0
33.7,72.7,-0.202,0.005,220,0
33.7,72.76,0.065,0.0,221,0
33.65,72.61,-0.149,-0.054,222,0
33.68,72.52,-0.096,0.038,223,0
33.63,72.33,-0.192,-0.055,224,0
33.65,72.25,-0.074,0.017,225,0
33.68,72.14,-0.108,0.032,226,0
33.64,71.95,-0.197,-0.038,227,0
33.65,71.86,-0.084,0.009,228,0
33.6,71.85,-0.01,-0.05,229,0
33.55,71.87,0.02,-0.05,230,0
33.54,71.71,-0.16,-0.013,231,0
33.52,71.65,-0.063,-0.018,232,0
33.5,71.55,-0.095,-0.018,233,0
33.51,71.54,-0.018,0.009,234,0
33.46,71.4,-0.14,-0.047,235,0
33.5,71.19,-0.212,0.042,236,0
33.54,70.98,-0.2,0.037,237,0
33.48,70.93,-0.057,-0.055,238,0
33.43,70.9,-0.025,-0.05,239,0
33.43,70.71,-0.196,-0.0,240,0
33.45,70.59,-0.119,0.017,241,0
33.4,70.36,-0.224,-0.051,242,0
33.37,70.24,-0.123,-0.027,243,0
33.39,70.15,-0.086,0.013,244,0
33.35,70.21,0.051,-0.033,245,0
33.32,70.18,-0.023,-0.038,246,0
33.36,69.98,-0.203,0.043,247,0
33.39,69.8,-0.176,0.035,248,0
33.43,69.72,-0.087,0.035,249,0
33.42,69.73,0.009,-0.008,250,0
33.43,69.69,-0.033,0.012,251,0
33.46,69.66,-0.032,0.03,252,0
33.43,69.53,-0.128,-0.033,253,0
33.41,69.48,-0.048,-0.023,254,0
33.45,69.52,0.032,0.043,255,0
33.42,69.51,-0.003,-0.03,256,0
33.4,69.51,0.0,-0.021,257,0
33.41,69.4,-0.113,0.012,258,0
33.43,69.36,-0.043,0.019,259,0
33.39,69.33,-0.027,-0.039,260,0
33.38,69.19,-0.143,-0.015,261,0
33.4,68.99,-0.194,0.022,262,0
33.37,68.83,-0.164,-0.026,263,0
33.4,68.88,0.054,0.023,264,0
33.35,68.91,0.027,-0.046,265,0
33.31,68.95,0.042,-0.037,266,0
33.34,68.86,-0.09,0.023,267,0
33.3,68.82,-0.044,-0.033,268,0
33.29,68.72,-0.095,-0.013,269,0
33.31,68.72,-0.002,0.019,270,0
33.32,68.72,0.004,0.013,271,0
33.32,68.63,-0.094,-0.002,272,0
33.35,68.63,-0.005,0.035,273,0
33.3,68.63,0.002,-0.055,274,0
33.28,68.56,-0.069,-0.021,275,0
33.3,68.56,0.002,0.025,276,0
33.31,68.47,-0.091,0.004,277,0
33.29,68.26,-0.214,-0.019,278,0
33.31,68.12,-0.138,0.017,279,0
33.26,68.05,-0.073,-0.048,280,0
33.26,67.9,-0.146,0.006,281,0
33.23,67.83,-0.073,-0.034,282,0
33.21,67.85,0.018,-0.022,283,0
33.18,67.74,-0.108,-0.027,284,0
33.16,67.52,-0.214,-0.02,285,0
33.14,67.37,-0.151,-0.022,286,0
33.14,67.31,-0.058,0.002,287,0
33.1,67.22,-0.097,-0.037,288,0
33.07,67.1,-0.116,-0.031,289,0
33.06,66.92,-0.184,-0.011,290,0
33.01,66.87,-0.051,-0.046,291,0
33.03,66.67,-0.193,0.014,292,0
33.04,66.46,-0.211,0.015,293,0
33.06,66.35,-0.116,0.014,294,0
33.05,66.14,-0.207,-0.002,295,0
33.04,66.03,-0.105,-0.013,296,0
33.04,65.96,-0.074,-0.0,297,0
33.02,66.03,0.071,-0.023,298,0
32.98,65.87,-0.161,-0.039,299,0
33.01,65.72,-0.155,0.027,300,0
33.0,65.61,-0.104,-0.006,301,0
33.03,65.45,-0.165,0.026,302,0
33.04,65.35,-0.092,0.014,303,0
33.05,65.32,-0.033,0.014,304,0
33.0,65.35,0.028,-0.055,305,0
33.03,65.35,-0.0,0.033,306,0
33.06,65.17,-0.184,0.03,307,0
33.04,65.02,-0.148,-0.021,308,0
33.04,65.08,0.062,-0.006,309,0
32.98,65.13,0.052,-0.055,310,0
32.96,65.16,0.028,-0.026,311,0
32.98,65.18,0.02,0.027,312,0
33.01,65.11,-0.073,0.033,313,0
33.04,65.02,-0.083,0.024,314,0
33.05,65.06,0.031,0.016,315,0
33.01,64.87,-0.186,-0.049,316,0
32.98,64.87,-0.0,-0.027,317,0
32.95,64.93,0.064,-0.03,318,0
32.92,64.92,-0.009,-0.028,319,0
32.87,64.79,-0.136,-0.055,320,0
32.84,64.61,-0.175,-0.031,321,0
32.79,64.52,-0.091,-0.045,322,0
32.83,64.51,-0.012,0.036,323,0
32.87,64.49,-0.023,0.043,324,0
32.82,64.52,0.036,-0.047,325,0
32.81,64.42,-0.099,-0.01,326,0
32.81,64.35,-0.078,-0.002,327,0
32.79,64.36,0.015,-0.021,328,0
32.82,64.18,-0.185,0.028,329,0
32.81,64.0,-0.174,-0.011,330,0
32.79,64.06,0.055,-0.013,331,0
32.79,64.11,0.048,-0.004,332,0
32.79,64.06,-0.042,0.003,333,0
32.78,64.0,-0.065,-0.009,334,0
32.76,63.91,-0.087,-0.026,335,0
32.73,63.78,-0.129,-0.03,336,0
32.7,63.69,-0.092,-0.026,337,0
32.67,63.48,-0.207,-0.028,338,0
32.68,63.29,-0.193,0.006,339,0
32.7,63.36,0.071,0.017,340,0
32.71,63.31,-0.053,0.014,341,0
32.75,63.14,-0.164,0.044,342,0
32.77,63.19,0.047,0.014,343,0
32.76,63.25,0.061,-0.012,344,0
32.73,63.23,-0.019,-0.022,345,0
32.78,63.3,0.069,0.043,346,0
32.75,63.25,-0.053,-0.03,347,0
32.74,63.29,0.041,-0.004,348,0
32.7,63.07,-0.22,-0.04,349,0
32.74,62.92,-0.144,0.042,350,0
32.72,62.78,-0.142,-0.026,351,0
32.7,62.74,-0.047,-0.013,352,0
32.68,62.74,0.009,-0.021,353,0
32.72,62.55,-0.192,0.033,354,0
32.7,62.62,0.067,-0.015,355,0
32.66,62.63,0.013,-0.042,356,0
32.7,62.44,-0.188,0.037,357,0
32.65,62.48,0.032,-0.049,358,0
32.64,62.53,0.055,-0.009,359,0
32.62,62.5,-0.031,-0.022,360,0
32.56,62.35,-0.152,-0.053,361,0
32.53,62.22,-0.133,-0.032,362,0
32.49,62.1,-0.114,-0.042,363,0
32.5,61.91,-0.189,0.008,364,0
32.47,61.77,-0.138,-0.031,365,0
32.46,61.61,-0.164,-0.012,366,0
32.48,61.59,-0.025,0.025,367,0
32.5,61.63,0.046,0.016,368,0
32.45,61.68,0.045,-0.049,369,0
32.46,61.57,-0.104,0.009,370,0
32.45,61.43,-0.143,-0.01,371,0
32.43,61.46,0.034,-0.014,372,0
32.46,61.49,0.031,0.024,373,0
32.47,61.3,-0.196,0.007,374,0
32.48,61.13,-0.165,0.014,375,0
32.51,61.05,-0.08,0.029,376,0
32.5,60.99,-0.061,-0.007,377,0
32.45,60.99,-0.0,-0.051,378,0
32.4,60.88,-0.109,-0.048,379,0
32.38,60.86,-0.019,-0.026,380,0
32.37,60.82,-0.041,-0.004,381,0
32.36,60.75,-0.074,-0.018,382,0
32.33,60.63,-0.122,-0.023,383,0
32.28,60.65,0.022,-0.048,384,0
32.25,60.7,0.051,-0.039,385,0
32.26,60.73,0.029,0.013,386,0
32.22,60.55,-0.175,-0.042,387,0
32.25,60.61,0.054,0.036,388,0
32.25,60.54,-0.071,-0.002,389,0
32.2,60.44,-0.098,-0.051,390,0
32.23,60.49,0.05,0.028,391,0
32.21,60.45,-0.044,-0.017,392,0
32.22,60.49,0.049,0.005,393,0
32.18,60.49,0.001,-0.038,394,0
32.14,60.42,-0.077,-0.04,395,0
32.14,60.4,-0.02,-0.002,396,0
32.17,60.26,-0.142,0.033,397,0
32.12,60.13,-0.129,-0.051,398,0
32.08,59.92,-0.204,-0.034,399,0
32.11,59.9,-0.025,0.026,400,0
32.14,59.83,-0.066,0.031,401,0
32.17,59.74,-0.09,0.024,402,0
32.13,59.74,-0.001,-0.039,403,0
32.16,59.74,-0.004,0.036,404,0
32.15,59.57,-0.165,-0.012,405,0
32.14,59.46,-0.113,-0.012,406,0
32.16,59.32,-0.14,0.023,407,0
32.18,59.37,0.051,0.019,408,0
32.14,59.3,-0.064,-0.042,409,0
32.15,59.36,0.056,0.015,410,0
32.12,59.36,0.005,-0.037,411,0
32.11,59.18,-0.185,-0.009,412,0
32.06,59.07,-0.114,-0.053,413,0
32.0,58.91,-0.155,-0.055,414,0
31.99,58.98,0.07,-0.007,415,0
32.02,58.92,-0.06,0.028,416,0
31.97,58.82,-0.097,-0.048,417,0
31.96,58.82,-0.005,-0.015,418,0
31.93,58.79,-0.028,-0.033,419,0
31.93,58.63,-0.161,0.008,420,0
31.97,58.51,-0.124,0.031,421,0
32.01,58.51,-0.001,0.04,422,0
32.0,58.49,-0.017,-0.007,423,0
31.98,58.36,-0.125,-0.013,424,0
31.99,58.19,-0.17,0.01,425,0
32.02,58.22,0.03,0.03,426,0
32.03,58.13,-0.092,0.009,427,0
31.98,58.13,0.002,-0.05,428,0
31.96,58.01,-0.129,-0.022,429,0
31.96,57.88,-0.121,0.003,430,0
32.0,57.72,-0.162,0.039,431,0
31.97,57.73,0.005,-0.033,432,0
32.0,57.69,-0.037,0.027,433,0
31.98,57.51,-0.177,-0.021,434,0
31.96,57.56,0.049,-0.011,435,0
31.94,57.61,0.046,-0.024,436,0
31.91,57.43,-0.179,-0.03,437,0
31.95,57.43,0.001,0.042,438,0
31.93,57.3,-0.129,-0.022,439,0
31.93,57.35,0.045,-0.003,440,0
31.94,57.34,-0.01,0.015,441,0
31.94,57.18,-0.161,0.002,442,0
31.98,57.08,-0.093,0.036,443,0
31.93,56.99,-0.09,-0.052,444,0
31.91,56.8,-0.197,-0.014,445,0
31.91,56.86,0.063,-0.002,446,0
31.89,56.92,0.058,-0.02,447,0
31.9,56.87,-0.053,0.008,448,0
31.89,56.9,0.031,-0.016,449,0
31.85,56.86,-0.034,-0.032,450,0
31.88,56.75,-0.111,0.023,451,0
31.86,56.79,0.034,-0.018,452,0
31.9,56.56,-0.225,0.041,453,0
31.91,56.42,-0.144,0.012,454,0
31.93,56.46,0.041,0.019,455,0
31.95,56.36,-0.098,0.019,456,0
31.96,56.19,-0.166,0.016,457,0
31.92,56.15,-0.041,-0.048,458,0
31.89,56.13,-0.021,-0.027,459,0
31.87,56.09,-0.047,-0.02,460,0
31.88,56.0,-0.088,0.013,461,0
31.89,55.78,-0.219,0.01,462,0
31.85,55.68,-0.101,-0.039,463,0
31.82,55.65,-0.025,-0.029,464,0
31.85,55.52,-0.134,0.029,465,0
31.82,55.49,-0.025,-0.028,466,0
31.8,55.31,-0.18,-0.028,467,0
31.74,55.23,-0.081,-0.053,468,0
31.72,55.17,-0.061,-0.023,469,0
31.68,54.96,-0.21,-0.043,470,0
31.64,54.95,-0.012,-0.033,471,0
31.65,55.01,0.059,0.002,472,0
31.6,54.79,-0.219,-0.044,473,0
31.6,54.78,-0.011,-0.005,474,0
31.62,54.58,-0.201,0.02,475,0
31.59,54.39,-0.185,-0.033,476,0
31.58,54.27,-0.121,-0.001,477,0
31.62,54.06,-0.212,0.034,478,0
31.66,54.0,-0.063,0.044,479,0
31.67,53.78,-0.216,0.012,480,0
31.66,53.83,0.056,-0.019,481,0
31.65,53.67,-0.162,-0.01,482,0
31.61,53.7,0.023,-0.036,483,0
31.56,53.59,-0.107,-0.053,484,0
31.55,53.55,-0.037,-0.011,485,0
31.57,53.37,-0.178,0.021,486,0
31.54,53.17,-0.207,-0.024,487,0
31.55,53.05,-0.114,0.005,488,0
31.53,53.02,-0.03,-0.019,489,0
31.53,53.01,-0.019,0.003,490,0
31.51,53.05,0.042,-0.02,491,0
31.51,52.97,-0.079,0.001,492,0
31.5,52.92,-0.044,-0.018,493,0
31.53,52.81,-0.117,0.034,494,0
31.54,52.68,-0.131,0.009,495,0
31.52,52.65,-0.021,-0.017,496,0
31.53,52.59,-0.059,0.008,497,0
31.5,52.5,-0.095,-0.025,498,0
31.54,52.38,-0.118,0.033,499,0
31.57,52.41,0.024,0.034,500,0
31.58,52.35,-0.06,0.007,501,0
31.59,52.4,0.055,0.013,502,0
31.62,52.21,-0.189,0.03,503,0
31.58,52.25,0.041,-0.041,504,0
31.62,52.3,0.052,0.039,505,0
31.64,52.35,0.04,0.022,506,0
31.64,52.31,-0.034,-0.005,507,0
31.59,52.32,0.005,-0.048,508,0
31.54,52.28,-0.033,-0.046,509,0
31.55,52.08,-0.208,0.007,510,0
31.52,51.9,-0.172,-0.026,511,0
31.52,51.95,0.044,-0.006,512,0
31.49,51.93,-0.015,-0.024,513,0
31.46,51.72,-0.21,-0.035,514,0
31.47,51.73,0.009,0.011,515,0
31.45,51.65,-0.086,-0.017,516,0
31.42,51.6,-0.041,-0.029,517,0
31.42,51.44,-0.167,-0.004,518,0
31.38,51.44,0.005,-0.041,519,0
31.34,51.5,0.057,-0.037,520,0
31.35,51.49,-0.009,0.013,521,0
31.37,51.34,-0.155,0.017,522,0
31.33,51.13,-0.2,-0.039,523,0
31.36,51.2,0.07,0.032,524,0
31.38,51.06,-0.142,0.018,525,0
31.35,50.89,-0.176,-0.036,526,0
31.31,50.89,0.004,-0.032,527,0
31.34,50.86,-0.035,0.024,528,0
31.31,50.63,-0.221,-0.03,529,0
31.32,50.46,-0.175,0.016,530,0
31.36,50.48,0.019,0.035,531,0
31.39,50.36,-0.119,0.028,532,0
31.38,50.18,-0.178,-0.008,533,0
31.38,50.05,-0.133,0.001,534,0
31.35,50.03,-0.016,-0.027,535,0
31.36,50.05,0.017,0.005,536,0
31.32,49.9,-0.152,-0.042,537,0
31.28,49.94,0.045,-0.032,538,0
31.26,49.76,-0.182,-0.025,539,0
31.26,49.54,-0.225,-0.0,540,0
31.3,49.49,-0.05,0.04,541,0
31.26,49.49,0.007,-0.035,542,0
31.3,49.36,-0.137,0.041,543,0
31.27,49.42,0.065,-0.029,544,0
31.26,49.34,-0.077,-0.019,545,0
31.22,49.14,-0.207,-0.034,546,0
31.23,49.14,0.002,0.007,547,0
31.26,49.12,-0.02,0.034,548,0
31.25,49.02,-0.1,-0.014,549,0
31.22,48.85,-0.172,-0.032,550,0
31.17,48.87,0.018,-0.044,551,0
31.12,48.67,-0.193,-0.053,552,0
31.07,48.49,-0.178,-0.047,553,0
31.04,48.48,-0.019,-0.035,554,0
31.0,48.27,-0.203,-0.033,555,0
31.01,48.07,-0.2,0.004,556,0
30.96,47.94,-0.136,-0.052,557,0
31.0,47.89,-0.042,0.04,558,0
30.99,47.68,-0.213,-0.001,559,0
30.95,47.61,-0.069,-0.049,560,0
30.93,47.5,-0.114,-0.014,561,0
30.89,47.51,0.015,-0.04,562,0
30.89,47.32,-0.193,0.002,563,0
30.92,47.3,-0.025,0.031,564,0
30.88,47.08,-0.217,-0.04,565,0
30.85,47.05,-0.027,-0.036,566,0
30.85,46.94,-0.11,0.001,567,0
30.81,46.96,0.017,-0.035,568,0
30.77,46.86,-0.095,-0.04,569,0
30.81,46.86,0.0,0.033,570,0
30.8,46.82,-0.04,-0.007,571,0
30.84,46.89,0.07,0.042,572,0
30.86,46.88,-0.014,0.014,573,0
30.85,46.67,-0.207,-0.007,574,0
30.86,46.45,-0.224,0.01,575,0
30.89,46.43,-0.021,0.035,576,0
30.85,46.23,-0.2,-0.044,577,0
30.87,46.15,-0.076,0.021,578,0
30.85,46.01,-0.141,-0.023,579,0
30.8,46.04,0.032,-0.044,580,0
30.82,46.03,-0.011,0.023,581,0
30.86,45.81,-0.221,0.033,582,0
30.9,45.66,-0.153,0.04,583,0
30.88,45.51,-0.149,-0.019,584,0
30.87,45.29,-0.22,-0.006,585,0
30.87,45.14,-0.151,-0.004,586,0
30.85,45.14,0.003,-0.021,587,0
30.84,45.16,0.02,-0.006,588,0
30.86,45.04,-0.124,0.015,589,0
30.89,44.92,-0.12,0.03,590,0
30.85,44.83,-0.09,-0.033,591,0
30.87,44.85,0.02,0.02,592,0
30.86,44.68,-0.165,-0.016,593,0
30.87,44.7,0.023,0.011,594,0
30.86,44.76,0.06,-0.005,595,0
30.87,44.56,-0.205,0.01,596,0
30.89,44.59,0.028,0.019,597,0
30.87,44.59,0.003,-0.024,598,0
30.89,44.63,0.039,0.02,599,0
35.89,89.53,-0.124,0.032,0,0
35.89,89.31,-0.219,-0.005,1,0
35.84,89.21,-0.099,-0.043,2,0
35.83,89.15,-0.059,-0.017,3,0
35.87,89.19,0.037,0.041,4,0
35.86,89.24,0.053,-0.005,5,0
35.9,89.19,-0.056,0.041,6,0
35.94,88.99,-0.196,0.032,7,0
35.94,88.82,-0.172,0.001,8,0
35.9,88.59,-0.228,-0.034,9,0
35.91,88.56,-0.033,0.007,10,0
35.87,88.32,-0.235,-0.042,11,0
35.92,88.23,-0.089,0.047,12,0
35.88,88.08,-0.155,-0.04,13,0
35.86,87.97,-0.111,-0.02,14,0
35.83,87.8,-0.172,-0.023,15,0
35.86,87.57,-0.228,0.03,16,0
35.87,87.43,-0.136,0.009,17,0
35.86,87.34,-0.09,-0.016,18,0
35.88,87.31,-0.028,0.025,19,0
35.9,87.24,-0.072,0.017,20,0
35.88,87.2,-0.042,-0.02,21,0
35.9,87.06,-0.137,0.028,22,0
35.91,87.08,0.015,0.004,23,0
35.95,86.88,-0.195,0.04,24,0
35.96,86.74,-0.14,0.009,25,0
35.98,86.71,-0.03,0.024,26,0
35.97,86.64,-0.072,-0.011,27,0
35.96,86.49,-0.155,-0.013,28,0
35.94,86.51,0.024,-0.024,29,0
35.98,86.5,-0.006,0.045,30,0
36.01,86.55,0.049,0.033,31,0
36.06,86.61,0.052,0.047,32,0
36.03,86.52,-0.081,-0.028,33,0
36.03,86.51,-0.012,-0.002,34,0
36.08,86.44,-0.074,0.046,35,0
36.08,86.36,-0.073,0.004,36,0
36.09,86.25,-0.118,0.011,37,0
36.06,86.2,-0.047,-0.03,38,0
36.02,86.03,-0.165,-0.043,39,0
36.0,85.87,-0.16,-0.021,40,0
35.99,85.71,-0.161,-0.008,41,0
35.99,85.57,-0.144,-0.003,42,0
35.99,85.57,0.003,0.007,43,0
36.04,85.56,-0.016,0.05,44,0
36.04,85.4,-0.158,-0.006,45,0
36.0,85.31,-0.09,-0.036,46,0
35.98,85.08,-0.226,-0.022,47,0
35.97,84.98,-0.1,-0.01,48,0
35.97,84.8,-0.187,-0.001,49,0
35.94,84.68,-0.117,-0.033,50,0
35.92,84.55,-0.13,-0.015,51,0
35.89,84.47,-0.083,-0.034,52,0
35.87,84.46,-0.004,-0.02,53,0
35.87,84.25,-0.213,-0.001,54,0
35.89,84.17,-0.074,0.026,55,0
35.92,84.15,-0.024,0.025,56,0
35.88,84.18,0.03,-0.038,57,0
35.85,84.11,-0.076,-0.033,58,0
35.89,83.96,-0.145,0.047,59,0
35.94,83.98,0.021,0.043,60,0
35.94,83.77,-0.214,0.007,61,0
35.97,83.58,-0.187,0.03,62,0
35.96,83.35,-0.231,-0.012,63,0
35.98,83.21,-0.135,0.018,64,0
35.97,83.09,-0.124,-0.01,65,0
36.0,82.93,-0.16,0.029,66,0
35.98,82.84,-0.087,-0.02,67,0
35.96,82.76,-0.085,-0.019,68,0
35.99,82.78,0.018,0.033,69,0
35.97,82.79,0.016,-0.022,70,0
36.03,82.69,-0.102,0.054,71,0
36.0,82.69,0.005,-0.025,72,0
36.02,82.72,0.026,0.023,73,0
36.01,82.67,-0.048,-0.013,74,0
36.05,82.73,0.06,0.04,75,0
36.05,82.6,-0.131,-0.004,76,0
36.0,82.49,-0.11,-0.044,77,0
36.04,82.55,0.06,0.04,78,0
36.09,82.34,-0.209,0.051,79,0
36.06,82.3,-0.044,-0.031,80,0
36.03,82.21,-0.088,-0.03,81,0
36.04,82.04,-0.171,0.007,82,0
36.04,82.04,0.003,0.002,83,0
36.01,81.89,-0.157,-0.032,84,0
36.05,81.68,-0.208,0.041,85,0
36.05,81.73,0.053,-0.0,86,0
36.03,81.75,0.024,-0.024,87,0
36.01,81.76,0.002,-0.022,88,0
36.04,81.63,-0.127,0.034,89,0
36.05,81.41,-0.221,0.013,90,0
36.07,81.42,0.014,0.018,91,0
36.11,81.19,-0.231,0.034,92,0
36.06,81.01,-0.179,-0.042,93,0
36.08,80.99,-0.022,0.013,94,0
36.12,80.88,-0.115,0.047,95,0
36.13,80.75,-0.129,0.01,96,0
36.13,80.53,-0.216,-0.004,97,0
36.11,80.5,-0.029,-0.019,98,0
36.14,80.53,0.03,0.033,99,0
36.13,80.3,-0.231,-0.017,100,0
36.11,80.22,-0.079,-0.02,101,0
36.15,80.07,-0.156,0.042,102,0
36.19,80.12,0.051,0.036,103,0
36.21,79.89,-0.227,0.024,104,0
36.21,79.7,-0.185,0.004,105,0
36.24,79.64,-0.066,0.026,106,0
36.28,79.57,-0.064,0.043,107,0
36.32,79.37,-0.2,0.036,108,0
36.31,79.31,-0.059,-0.009,109,0
36.34,79.16,-0.152,0.03,110,0
36.33,79.05,-0.109,-0.012,111,0
36.29,78.86,-0.196,-0.036,112,0
36.32,78.84,-0.015,0.025,113,0
36.34,78.86,0.016,0.025,114,0
36.34,78.73,-0.131,-0.001,115,0
36.31,78.63,-0.095,-0.028,116,0
36.27,78.4,-0.235,-0.044,117,0
36.32,78.29,-0.113,0.048,118,0
36.36,78.31,0.029,0.044,119,0
36.32,78.29,-0.022,-0.038,120,0
36.3,78.35,0.061,-0.024,121,0
36.31,78.21,-0.145,0.013,122,0
36.34,78.21,-0.002,0.025,123,0
36.31,78.06,-0.142,-0.026,124,0
36.28,77.92,-0.143,-0.033,125,0
36.25,77.81,-0.114,-0.024,126,0
36.22,77.64,-0.169,-0.029,127,0
36.25,77.48,-0.154,0.028,128,0
36.28,77.43,-0.055,0.027,129,0
36.3,77.4,-0.031,0.024,130,0
36.27,77.17,-0.223,-0.036,131,0
36.28,76.94,-0.233,0.011,132,0
36.25,76.99,0.047,-0.032,133,0
36.23,76.96,-0.024,-0.016,134,0
36.23,76.92,-0.04,0.0,135,0
36.26,76.97,0.048,0.029,136,0
36.3,76.81,-0.165,0.041,137,0
36.33,76.83,0.025,0.033,138,0
36.32,76.88,0.045,-0.015,139,0
36.34,76.72,-0.153,0.025,140,0
36.32,76.74,0.019,-0.027,141,0
36.33,76.72,-0.026,0.019,142,0
36.31,76.75,0.03,-0.02,143,0
36.35,76.72,-0.023,0.033,144,0
36.39,76.72,-0.001,0.044,145,0
36.37,76.75,0.03,-0.025,146,0
36.34,76.58,-0.173,-0.028,147,0
36.34,76.5,-0.077,0.002,148,0
36.34,76.37,-0.129,-0.004,149,0
36.39,76.28,-0.09,0.055,150,0
36.37,76.08,-0.2,-0.024,151,0
36.36,76.12,0.038,-0.003,152,0
36.35,75.98,-0.14,-0.017,153,0
36.37,75.88,-0.1,0.026,154,0
36.34,75.67,-0.208,-0.037,155,0
36.3,75.59,-0.082,-0.032,156,0
36.36,75.57,-0.019,0.054,157,0
36.4,75.59,0.013,0.042,158,0
36.45,75.64,0.051,0.051,159,0
36.46,75.6,-0.035,0.007,160,0
36.42,75.54,-0.059,-0.038,161,0
36.38,75.52,-0.021,-0.045,162,0
36.34,75.5,-0.019,-0.033,163,0
36.31,75.56,0.059,-0.033,164,0
36.31,75.42,-0.147,-0.005,165,0
36.33,75.25,-0.161,0.026,166,0
36.3,75.04,-0.213,-0.034,167,0
36.3,74.98,-0.062,0.006,168,0
36.32,74.76,-0.219,0.013,169,0
36.3,74.63,-0.128,-0.014,170,0
36.29,74.61,-0.018,-0.015,171,0
36.26,74.65,0.038,-0.024,172,0
36.3,74.63,-0.018,0.032,173,0
36.31,74.55,-0.082,0.01,174,0
36.29,74.51,-0.042,-0.011,175,0
36.27,74.49,-0.024,-0.021,176,0
36.3,74.55,0.063,0.022,177,0
36.31,74.6,0.054,0.011,178,0
36.34,74.62,0.014,0.028,179,0
36.3,74.52,-0.1,-0.039,180,0
36.34,74.45,-0.069,0.044,181,0
36.33,74.4,-0.047,-0.011,182,0
36.38,74.22,-0.185,0.048,183,0
36.41,74.03,-0.19,0.03,184,0
36.42,74.01,-0.019,0.011,185,0
36.47,73.78,-0.228,0.052,186,0
36.47,73.77,-0.011,-0.004,187,0
36.48,73.7,-0.066,0.014,188,0
36.5,73.65,-0.053,0.022,189,0
36.46,73.54,-0.114,-0.043,190,0
36.45,73.46,-0.075,-0.009,191,0
36.43,73.44,-0.022,-0.024,192,0
36.46,73.5,0.061,0.038,193,0
36.46,73.46,-0.043,-0.009,194,0
36.44,73.24,-0.218,-0.014,195,0
36.46,73.23,-0.01,0.022,196,0
36.43,73.03,-0.197,-0.034,197,0
36.47,73.01,-0.022,0.038,198,0
36.52,72.83,-0.181,0.054,199,0
36.56,72.73,-0.096,0.038,200,0
36.6,72.72,-0.012,0.039,201,0
36.56,72.49,-0.231,-0.04,202,0
36.57,72.33,-0.163,0.007,203,0
36.59,72.11,-0.219,0.018,204,0
36.58,72.09,-0.012,-0.003,205,0
36.61,72.07,-0.023,0.032,206,0
36.66,72.06,-0.012,0.049,207,0
36.62,71.89,-0.17,-0.041,208,0
36.66,71.89,0.003,0.035,209,0
36.67,71.87,-0.025,0.012,210,0
36.68,71.9,0.03,0.007,211,0
36.66,71.74,-0.155,-0.018,212,0
36.68,71.55,-0.191,0.025,213,0
36.71,71.44,-0.107,0.027,214,0
36.75,71.37,-0.075,0.042,215,0
36.72,71.41,0.043,-0.027,216,0
36.69,71.3,-0.114,-0.039,217,0
36.67,71.2,-0.095,-0.016,218,0
36.71,71.22,0.022,0.036,219,0
36.7,71.11,-0.119,-0.001,220,0
36.7,71.0,-0.109,-0.005,221,0
36.66,70.96,-0.034,-0.036,222,0
36.64,70.91,-0.058,-0.029,223,0
36.69,70.7,-0.206,0.055,224,0
36.69,70.54,-0.156,0.003,225,0
36.73,70.41,-0.132,0.041,226,0
36.71,70.42,0.005,-0.025,227,0
36.68,70.28,-0.137,-0.032,228,0
36.65,70.09,-0.192,-0.026,229,0
36.65,70.14,0.055,-0.005,230,0
36.62,70.2,0.06,-0.022,231,0
36.66,70.03,-0.172,0.04,232,0
36.71,69.91,-0.121,0.05,233,0
36.69,69.75,-0.161,-0.028,234,0
36.74,69.79,0.041,0.05,235,0
36.69,69.62,-0.17,-0.044,236,0
36.72,69.65,0.036,0.031,237,0
36.73,69.72,0.062,0.001,238,0
36.71,69.71,-0.005,-0.019,239,0
36.73,69.7,-0.009,0.028,240,0
36.7,69.53,-0.169,-0.036,241,0
36.67,69.45,-0.083,-0.03,242,0
36.67,69.26,-0.193,0.002,243,0
36.66,69.24,-0.014,-0.008,244,0
36.69,69.04,-0.2,0.026,245,0
36.72,68.87,-0.177,0.031,246,0
36.77,68.8,-0.065,0.054,247,0
36.81,68.58,-0.219,0.035,248,0
36.85,68.6,0.015,0.043,249,0
36.9,68.48,-0.117,0.048,250,0
36.95,68.37,-0.115,0.048,251,0
36.95,68.19,-0.179,0.004,252,0
37.01,68.02,-0.168,0.054,253,0
37.01,67.82,-0.198,0.008,254,0
37.01,67.69,-0.131,-0.005,255,0
37.04,67.69,-0.005,0.032,256,0
37.01,67.52,-0.168,-0.031,257,0
37.05,67.52,-0.001,0.041,258,0
37.07,67.34,-0.172,0.023,259,0
37.1,67.16,-0.181,0.03,260,0
37.06,66.99,-0.175,-0.041,261,0
37.09,66.99,0.006,0.027,262,0
37.12,67.0,0.01,0.029,263,0
37.08,66.98,-0.023,-0.039,264,0
37.09,66.91,-0.074,0.014,265,0
37.07,66.71,-0.194,-0.024,266,0
37.03,66.76,0.043,-0.041,267,0
36.98,66.74,-0.014,-0.044,268,0
36.96,66.56,-0.178,-0.021,269,0
36.99,66.55,-0.009,0.023,270,0
36.99,66.51,-0.048,0.009,271,0
36.97,66.51,0.006,-0.024,272,0
36.97,66.36,-0.153,-0.005,273,0
36.93,66.35,-0.007,-0.037,274,0
36.93,66.22,-0.129,0.004,275,0
36.98,66.15,-0.073,0.047,276,0
36.96,65.99,-0.156,-0.023,277,0
36.97,65.79,-0.207,0.008,278,0
36.98,65.76,-0.024,0.018,279,0
37.01,65.75,-0.011,0.024,280,0
37.06,65.55,-0.203,0.05,281,0
37.05,65.48,-0.066,-0.006,282,0
37.1,65.25,-0.232,0.053,283,0
37.09,65.2,-0.049,-0.015,284,0
37.08,65.22,0.016,-0.009,285,0
37.12,65.07,-0.147,0.038,286,0
37.11,64.88,-0.194,-0.008,287,0
37.12,64.84,-0.038,0.009,288,0
37.14,64.67,-0.171,0.017,289,0
37.12,64.48,-0.19,-0.016,290,0
37.15,64.34,-0.14,0.027,291,0
37.15,64.29,-0.048,0.0,292,0
37.2,64.25,-0.043,0.054,293,0
37.21,64.19,-0.056,0.007,294,0
37.18,64.06,-0.128,-0.024,295,0
37.15,64.04,-0.019,-0.032,296,0
37.13,64.1,0.06,-0.023,297,0
37.09,64.11,0.004,-0.041,298,0
37.1,64.05,-0.056,0.017,299,0
37.15,64.0,-0.055,0.047,300,0
37.16,63.96,-0.034,0.007,301,0
37.13,63.79,-0.172,-0.024,302,0
37.09,63.76,-0.029,-0.043,303,0
37.11,63.57,-0.188,0.015,304,0
37.12,63.45,-0.125,0.013,305,0
37.17,63.41,-0.035,0.052,306,0
37.2,63.41,0.002,0.033,307,0
37.23,63.38,-0.033,0.028,308,0
37.19,63.18,-0.199,-0.044,309,0
37.23,63.08,-0.106,0.043,310,0
37.24,63.06,-0.016,0.008,311,0
37.27,63.01,-0.046,0.032,312,0
37.27,62.9,-0.116,0.001,313,0
37.28,62.96,0.06,0.005,314,0
37.32,62.86,-0.096,0.042,315,0
37.33,62.87,0.011,0.013,316,0
37.31,62.8,-0.078,-0.02,317,0
37.3,62.73,-0.069,-0.009,318,0
37.35,62.67,-0.053,0.044,319,0
37.36,62.44,-0.237,0.008,320,0
37.33,62.25,-0.182,-0.03,321,0
37.3,62.16,-0.096,-0.028,322,0
37.29,61.95,-0.206,-0.01,323,0
37.27,61.94,-0.009,-0.021,324,0
37.25,61.91,-0.034,-0.015,325,0
37.31,61.84,-0.065,0.054,326,0
37.32,61.67,-0.169,0.016,327,0
37.37,61.62,-0.053,0.047,328,0
37.34,61.47,-0.151,-0.025,329,0
37.33,61.4,-0.068,-0.013,330,0
37.33,61.39,-0.014,-0.003,331,0
37.35,61.28,-0.107,0.021,332,0
37.31,61.16,-0.127,-0.037,333,0
37.32,60.94,-0.22,0.004,334,0
37.29,60.71,-0.228,-0.03,335,0
37.24,60.73,0.018,-0.043,336,0
37.28,60.53,-0.193,0.036,337,0
37.25,60.44,-0.097,-0.024,338,0
37.23,60.4,-0.036,-0.023,339,0
37.2,60.39,-0.014,-0.028,340,0
37.22,60.37,-0.016,0.021,341,0
37.25,60.27,-0.099,0.027,342,0
37.22,60.28,0.011,-0.028,343,0
37.21,60.26,-0.018,-0.016,344,0
37.19,60.18,-0.086,-0.018,345,0
37.24,60.0,-0.173,0.053,346,0
37.24,59.89,-0.109,-0.006,347,0
37.25,59.9,0.002,0.013,348,0
37.21,59.67,-0.227,-0.044,349,0
37.2,59.6,-0.073,-0.002,350,0
37.23,59.57,-0.021,0.028,351,0
37.21,59.56,-0.013,-0.024,352,0
37.18,59.58,0.02,-0.029,353,0
37.23,59.44,-0.144,0.048,354,0
37.26,59.33,-0.103,0.032,355,0
37.28,59.36,0.029,0.018,356,0
37.28,59.19,-0.178,0.002,357,0
37.27,59.06,-0.13,-0.008,358,0
37.23,59.1,0.045,-0.036,359,0
37.27,59.16,0.06,0.035,360,0
37.29,59.16,-0.001,0.017,361,0
37.26,58.93,-0.23,-0.025,362,0
37.26,58.72,-0.208,-0.003,363,0
37.29,58.76,0.037,0.032,364,0
37.28,58.72,-0.04,-0.008,365,0
37.25,58.77,0.048,-0.034,366,0
37.28,58.61,-0.152,0.03,367,0
37.3,58.62,0.007,0.027,368,0
37.36,58.51,-0.112,0.051,369,0
37.34,58.52,0.013,-0.019,370,0
37.31,58.43,-0.089,-0.023,371,0
37.29,58.48,0.051,-0.021,372,0
37.3,58.38,-0.105,0.01,373,0
37.33,58.16,-0.22,0.032,374,0
37.36,58.19,0.03,0.026,375,0
37.41,57.99,-0.198,0.05,376,0
37.4,57.76,-0.228,-0.012,377,0
37.45,57.66,-0.106,0.047,378,0
37.42,57.45,-0.211,-0.026,379,0
37.46,57.37,-0.075,0.045,380,0
37.46,57.36,-0.015,-0.001,381,0
37.51,57.3,-0.059,0.047,382,0
37.49,57.22,-0.075,-0.021,383,0
37.47,57.12,-0.104,-0.02,384,0
37.43,56.96,-0.158,-0.04,385,0
37.44,56.97,0.009,0.006,386,0
37.44,56.92,-0.052,0.006,387,0
37.47,56.8,-0.119,0.03,388,0
37.45,56.58,-0.22,-0.021,389,0
37.46,56.49,-0.084,0.012,390,0
37.48,56.44,-0.06,0.023,391,0
37.52,56.28,-0.153,0.035,392,0
37.49,56.33,0.048,-0.028,393,0
37.48,56.37,0.042,-0.015,394,0
37.47,56.4,0.025,-0.009,395,0
37.48,56.32,-0.079,0.015,396,0
37.45,56.13,-0.184,-0.034,397,0
37.47,56.14,0.009,0.024,398,0
37.51,56.02,-0.121,0.037,399,0
37.47,55.94,-0.086,-0.038,400,0
37.43,55.86,-0.081,-0.04,401,0
37.42,55.72,-0.138,-0.014,402,0
37.41,55.67,-0.051,-0.007,403,0
37.4,55.43,-0.237,-0.015,404,0
37.37,55.43,0.003,-0.024,405,0
37.37,55.32,-0.117,-0.001,406,0
37.4,55.22,-0.099,0.029,407,0
37.42,55.16,-0.062,0.021,408,0
37.42,55.18,0.027,-0.002,409,0
37.39,55.0,-0.181,-0.033,410,0
37.44,54.87,-0.136,0.054,411,0
37.45,54.7,-0.166,0.013,412,0
37.48,54.67,-0.033,0.025,413,0
37.49,54.72,0.056,0.01,414,0
37.49,54.61,-0.115,0.005,415,0
37.46,54.65,0.041,-0.038,416,0
37.47,54.58,-0.068,0.019,417,0
37.51,54.36,-0.225,0.038,418,0
37.52,54.16,-0.2,0.007,419,0
37.5,53.98,-0.171,-0.023,420,0
37.51,53.79,-0.198,0.01,421,0
37.53,53.76,-0.023,0.021,422,0
37.56,53.53,-0.237,0.037,423,0
37.55,53.44,-0.083,-0.013,424,0
37.59,53.21,-0.237,0.041,425,0
37.58,53.02,-0.187,-0.011,426,0
37.56,53.04,0.019,-0.026,427,0
37.52,52.96,-0.082,-0.034,428,0
37.48,52.98,0.026,-0.042,429,0
37.47,52.8,-0.182,-0.015,430,0
37.47,52.67,-0.131,0.002,431,0
37.43,52.72,0.052,-0.036,432,0
37.39,52.6,-0.125,-0.039,433,0
37.41,52.58,-0.013,0.021,434,0
37.4,52.37,-0.21,-0.015,435,0
37.41,52.31,-0.067,0.013,436,0
37.41,52.13,-0.18,-0.005,437,0
37.4,52.12,-0.002,-0.007,438,0
37.39,52.15,0.026,-0.011,439,0
37.41,52.09,-0.065,0.022,440,0
37.42,52.07,-0.015,0.015,441,0
37.44,52.08,0.013,0.013,442,0
37.4,52.01,-0.078,-0.037,443,0
37.42,51.9,-0.107,0.021,444,0
37.38,51.68,-0.214,-0.044,445,0
37.36,51.45,-0.234,-0.014,446,0
37.38,51.5,0.047,0.015,447,0
37.35,51.32,-0.176,-0.029,448,0
37.4,51.34,0.013,0.051,449,0
37.43,51.27,-0.07,0.027,450,0
37.48,51.26,-0.003,0.049,451,0
37.48,51.14,-0.128,0.004,452,0
37.45,51.17,0.036,-0.035,453,0
37.42,51.06,-0.11,-0.029,454,0
37.39,51.0,-0.06,-0.024,455,0
37.42,50.81,-0.195,0.031,456,0
37.41,50.65,-0.153,-0.01,457,0
37.37,50.7,0.051,-0.041,458,0
37.42,50.73,0.024,0.041,459,0
37.37,50.73,0.005,-0.041,460,0
37.43,50.51,-0.222,0.054,461,0
37.47,50.34,-0.173,0.042,462,0
37.52,50.12,-0.215,0.048,463,0
37.53,50.03,-0.088,0.007,464,0
37.5,49.9,-0.133,-0.029,465,0
37.51,49.8,-0.103,0.009,466,0
37.47,49.68,-0.121,-0.034,467,0
37.52,49.65,-0.03,0.045,468,0
37.56,49.71,0.057,0.046,469,0
37.59,49.71,-0.001,0.029,470,0
37.61,49.68,-0.021,0.02,471,0
37.67,49.72,0.038,0.055,472,0
37.71,49.66,-0.06,0.038,473,0
37.7,49.71,0.046,-0.002,474,0
37.67,49.62,-0.09,-0.035,475,0
37.68,49.41,-0.204,0.011,476,0
37.7,49.19,-0.223,0.02,477,0
37.74,49.12,-0.075,0.045,478,0
37.71,49.08,-0.037,-0.032,479,0
37.73,49.04,-0.037,0.02,480,0
37.75,48.87,-0.168,0.023,481,0
37.8,48.89,0.016,0.048,482,0
37.78,48.71,-0.179,-0.027,483,0
37.82,48.58,-0.13,0.043,484,0
37.82,48.5,-0.085,0.005,485,0
37.79,48.48,-0.021,-0.031,486,0
37.76,48.37,-0.108,-0.03,487,0
37.75,48.16,-0.203,-0.016,488,0
37.76,48.13,-0.038,0.015,489,0
37.78,48.06,-0.071,0.024,490,0
37.84,48.03,-0.027,0.055,491,0
37.88,48.04,0.007,0.04,492,0
37.91,48.06,0.027,0.026,493,0
37.92,48.02,-0.047,0.012,494,0
37.93,47.9,-0.116,0.01,495,0
37.92,47.95,0.053,-0.009,496,0
37.88,47.82,-0.134,-0.036,497,0
37.84,47.62,-0.195,-0.04,498,0
37.84,47.45,-0.172,-0.003,499,0
37.84,47.37,-0.082,-0.004,500,0
37.8,47.21,-0.155,-0.034,501,0
37.81,47.18,-0.031,0.011,502,0
37.79,46.95,-0.233,-0.019,503,0
37.79,46.95,0.002,-0.004,504,0
37.8,46.73,-0.224,0.009,505,0
37.81,46.51,-0.215,0.016,506,0
37.8,46.55,0.035,-0.019,507,0
37.81,46.55,0.004,0.01,508,0
37.8,46.39,-0.166,-0.002,509,0
37.79,46.25,-0.14,-0.017,510,0
37.74,46.27,0.025,-0.042,511,0
37.76,46.16,-0.116,0.014,512,0
37.79,46.16,0.006,0.029,513,0
37.83,46.17,0.011,0.046,514,0
37.87,45.95,-0.227,0.038,515,0
37.87,45.92,-0.03,0.001,516,0
37.87,45.78,-0.135,-0.002,517,0
37.9,45.71,-0.07,0.024,518,0
37.94,45.67,-0.046,0.047,519,0
37.96,45.53,-0.133,0.021,520,0
37.93,45.44,-0.091,-0.031,521,0
37.89,45.5,0.058,-0.037,522,0
37.91,45.31,-0.194,0.017,523,0
37.93,45.07,-0.232,0.017,524,0
37.97,44.97,-0.101,0.041,525,0
38.02,44.93,-0.042,0.046,526,0
38.06,44.75,-0.184,0.04,527,0
38.07,44.71,-0.035,0.018,528,0
38.07,44.56,-0.151,-0.004,529,0
38.03,44.44,-0.12,-0.036,530,0
38.02,44.38,-0.057,-0.01,531,0
38.02,44.16,-0.224,-0.006,532,0
38.0,44.18,0.02,-0.016,533,0
38.05,43.98,-0.196,0.053,534,0
38.06,43.87,-0.117,0.002,535,0
38.08,43.72,-0.149,0.026,536,0
38.07,43.75,0.03,-0.013,537,0
38.04,43.78,0.035,-0.031,538,0
38.06,43.78,-0.003,0.024,539,0
38.1,43.58,-0.198,0.036,540,0
38.06,43.63,0.05,-0.036,541,0
38.06,43.62,-0.01,-0.006,542,0
38.07,43.61,-0.007,0.009,543,0
38.1,43.51,-0.107,0.032,544,0
38.11,43.36,-0.145,0.007,545,0
38.15,43.21,-0.156,0.049,546,0
38.17,43.23,0.026,0.015,547,0
38.2,43.19,-0.048,0.034,548,0
38.22,43.07,-0.113,0.02,549,0
38.22,42.87,-0.2,-0.008,550,0
38.22,42.68,-0.19,0.005,551,0
38.24,42.59,-0.09,0.024,552,0
38.21,42.37,-0.224,-0.039,553,0
38.25,42.24,-0.128,0.049,554,0
38.23,42.29,0.048,-0.024,555,0
38.2,42.27,-0.022,-0.03,556,0
38.17,42.07,-0.193,-0.027,557,0
38.14,41.9,-0.176,-0.03,558,0
38.14,41.91,0.011,-0.006,559,0
38.14,41.68,-0.227,0.007,560,0
38.15,41.67,-0.014,0.007,561,0
38.17,41.62,-0.051,0.015,562,0
38.17,41.64,0.026,0.0,563,0
38.22,41.44,-0.205,0.051,564,0
38.25,41.22,-0.22,0.032,565,0
38.24,40.98,-0.235,-0.009,566,0
38.22,40.96,-0.018,-0.022,567,0
38.18,40.79,-0.177,-0.036,568,0
38.19,40.77,-0.022,0.007,569,0
38.19,40.64,-0.126,-0.003,570,0
38.24,40.5,-0.138,0.051,571,0
38.22,40.45,-0.05,-0.016,572,0
38.19,40.26,-0.192,-0.03,573,0
38.22,40.24,-0.02,0.026,574,0
38.18,40.0,-0.235,-0.036,575,0
38.23,39.81,-0.193,0.043,576,0
38.21,39.65,-0.156,-0.019,577,0
38.23,39.64,-0.014,0.028,578,0
38.22,39.64,0.001,-0.017,579,0
38.25,39.61,-0.028,0.035,580,0
38.21,39.46,-0.153,-0.042,581,0
38.26,39.49,0.034,0.048,582,0
38.24,39.4,-0.092,-0.023,583,0
38.27,39.37,-0.029,0.035,584,0
38.31,39.2,-0.178,0.039,585,0
38.35,39.1,-0.098,0.039,586,0
38.36,39.04,-0.06,0.01,587,0
38.34,39.01,-0.03,-0.014,588,0
38.31,39.0,-0.01,-0.035,589,0
38.36,38.8,-0.203,0.048,590,0
38.32,38.6,-0.193,-0.036,591,0
38.37,38.51,-0.09,0.049,592,0
38.42,38.53,0.022,0.045,593,0
38.42,38.45,-0.082,0.005,594,0
38.47,38.41,-0.041,0.051,595,0
38.49,38.42,0.004,0.012,596,0
38.47,38.22,-0.192,-0.014,597,0
38.46,38.28,0.055,-0.01,598,0
38.49,38.18,-0.098,0.032,599,0
34.5,83.17,-0.058,-0.025,0,0
34.49,83.26,0.09,-0.019,1,0
34.45,83.1,-0.155,-0.032,2,0
34.45,83.12,0.018,-0.003,3,0
34.41,83.21,0.092,-0.039,4,0
34.46,83.24,0.032,0.046,5,0
34.42,83.3,0.054,-0.038,6,0
34.44,83.2,-0.1,0.021,7,0
34.42,83.04,-0.155,-0.021,8,0
34.37,82.95,-0.095,-0.047,9,0
34.37,82.89,-0.053,-0.001,10,0
34.34,82.87,-0.026,-0.035,11,0
34.29,82.68,-0.185,-0.049,12,0
34.27,82.56,-0.118,-0.02,13,0
34.29,82.44,-0.124,0.02,14,0
34.33,82.3,-0.137,0.043,15,0
34.38,82.16,-0.145,0.045,16,0
34.37,82.1,-0.061,-0.006,17,0
34.36,82.02,-0.079,-0.015,18,0
34.31,81.84,-0.18,-0.04,19,0
34.31,81.81,-0.029,-0.004,20,0
34.33,81.71,-0.097,0.016,21,0
34.28,81.67,-0.043,-0.045,22,0
34.23,81.68,0.007,-0.048,23,0
34.2,81.62,-0.051,-0.033,24,0
34.23,81.64,0.012,0.029,25,0
34.22,81.66,0.022,-0.014,26,0
34.18,81.57,-0.085,-0.034,27,0
34.2,81.49,-0.082,0.022,28,0
34.16,81.34,-0.152,-0.041,29,0
34.11,81.34,0.004,-0.05,30,0
34.13,81.4,0.059,0.018,31,0
34.1,81.49,0.089,-0.028,32,0
34.07,81.59,0.093,-0.031,33,0
34.03,81.58,-0.002,-0.041,34,0
33.99,81.63,0.049,-0.045,35,0
33.97,81.72,0.084,-0.018,36,0
34.0,81.7,-0.016,0.033,37,0
33.98,81.62,-0.078,-0.023,38,0
33.96,81.64,0.019,-0.022,39,0
33.92,81.73,0.086,-0.032,40,0
33.93,81.71,-0.014,0.008,41,0
33.96,81.66,-0.049,0.028,42,0
33.94,81.68,0.012,-0.017,43,0
33.91,81.55,-0.125,-0.029,44,0
33.92,81.44,-0.11,0.005,45,0
33.93,81.38,-0.058,0.009,46,0
33.92,81.44,0.06,-0.007,47,0
33.94,81.28,-0.165,0.022,48,0
33.97,81.31,0.031,0.026,49,0
33.94,81.21,-0.102,-0.024,50,0
33.94,81.19,-0.013,-0.004,51,0
33.94,81.22,0.029,0.001,52,0
33.94,81.14,-0.086,0.002,53,0
33.9,81.07,-0.069,-0.046,54,0
33.89,81.03,-0.034,-0.003,55,0
33.89,81.09,0.058,-0.006,56,0
33.93,81.02,-0.072,0.041,57,0
33.96,81.12,0.106,0.028,58,0
33.94,80.97,-0.154,-0.017,59,0
33.94,80.95,-0.016,-0.003,60,0
33.93,80.84,-0.116,-0.008,61,0
33.9,80.94,0.1,-0.031,62,0
33.93,80.78,-0.155,0.037,63,0
33.89,80.77,-0.018,-0.049,64,0
33.85,80.85,0.083,-0.032,65,0
33.82,80.7,-0.145,-0.035,66,0
33.8,80.77,0.068,-0.021,67,0
33.84,80.75,-0.026,0.04,68,0
33.81,80.68,-0.061,-0.024,69,0
33.77,80.55,-0.131,-0.042,70,0
33.81,80.45,-0.099,0.041,71,0
33.85,80.48,0.028,0.037,72,0
33.84,80.36,-0.128,-0.014,73,0
33.83,80.3,-0.054,-0.007,74,0
33.82,80.33,0.024,-0.004,75,0
33.77,80.13,-0.191,-0.052,76,0
33.76,80.06,-0.072,-0.012,77,0
33.78,80.17,0.106,0.023,78,0
33.73,80.1,-0.072,-0.053,79,0
33.72,80.19,0.097,-0.016,80,0
33.68,80.21,0.022,-0.037,81,0
33.71,80.32,0.105,0.032,82,0
33.75,80.16,-0.157,0.043,83,0
33.76,80.21,0.043,0.011,84,0
33.77,80.05,-0.155,0.005,85,0
33.8,80.14,0.085,0.033,86,0
33.83,80.09,-0.042,0.033,87,0
33.83,80.06,-0.032,-0.005,88,0
33.85,80.11,0.044,0.023,89,0
33.83,79.95,-0.153,-0.027,90,0
33.83,80.0,0.044,0.007,91,0
33.78,79.86,-0.134,-0.052,92,0
33.8,79.76,-0.103,0.025,93,0
33.85,79.76,0.0,0.046,94,0
33.81,79.7,-0.064,-0.037,95,0
33.85,79.73,0.035,0.037,96,0
33.89,79.66,-0.073,0.043,97,0
33.87,79.48,-0.183,-0.026,98,0
33.84,79.39,-0.087,-0.03,99,0
33.81,79.25,-0.139,-0.028,100,0
33.78,79.33,0.081,-0.033,101,0
33.8,79.24,-0.091,0.028,102,0
33.84,79.13,-0.11,0.034,103,0
33.8,79.11,-0.024,-0.042,104,0
33.77,79.07,-0.037,-0.022,105,0
33.76,79.13,0.065,-0.01,106,0
33.81,78.97,-0.164,0.043,107,0
33.76,78.83,-0.139,-0.05,108,0
33.73,78.76,-0.076,-0.03,109,0
33.68,78.73,-0.026,-0.045,110,0
33.63,78.76,0.034,-0.051,111,0
33.65,78.74,-0.025,0.019,112,0
33.63,78.61,-0.125,-0.016,113,0
33.63,78.61,-0.005,-0.0,114,0
33.62,78.44,-0.168,-0.012,115,0
33.6,78.35,-0.092,-0.018,116,0
33.65,78.26,-0.085,0.045,117,0
33.66,78.24,-0.027,0.009,118,0
33.7,78.16,-0.081,0.04,119,0
33.71,78.01,-0.143,0.009,120,0
33.73,77.97,-0.043,0.022,121,0
33.7,78.05,0.083,-0.032,122,0
33.66,78.12,0.063,-0.034,123,0
33.64,78.13,0.014,-0.02,124,0
33.64,78.09,-0.044,-0.004,125,0
33.64,78.03,-0.055,-0.001,126,0
33.62,77.98,-0.05,-0.017,127,0
33.65,77.85,-0.13,0.025,128,0
33.61,77.79,-0.065,-0.032,129,0
33.57,77.82,0.04,-0.044,130,0
33.58,77.71,-0.116,0.006,131,0
33.54,77.69,-0.018,-0.031,132,0
33.55,77.74,0.051,0.002,133,0
33.56,77.84,0.095,0.012,134,0
33.52,77.88,0.047,-0.035,135,0
33.55,77.93,0.043,0.032,136,0
33.56,77.79,-0.135,0.007,137,0
33.59,77.6,-0.189,0.028,138,0
33.55,77.66,0.062,-0.042,139,0
33.5,77.73,0.067,-0.05,140,0
33.47,77.56,-0.171,-0.031,141,0
33.44,77.4,-0.161,-0.023,142,0
33.42,77.5,0.097,-0.023,143,0
33.39,77.36,-0.138,-0.033,144,0
33.38,77.46,0.099,-0.003,145,0
33.34,77.31,-0.146,-0.046,146,0
33.35,77.42,0.105,0.007,147,0
33.38,77.25,-0.167,0.033,148,0
33.37,77.21,-0.036,-0.014,149,0
33.35,77.26,0.047,-0.015,150,0
33.38,77.31,0.053,0.029,151,0
33.4,77.37,0.055,0.017,152,0
33.43,77.18,-0.187,0.031,153,0
33.44,77.28,0.101,0.013,154,0
33.39,77.26,-0.022,-0.044,155,0
33.39,77.36,0.101,-0.005,156,0
33.43,77.33,-0.034,0.039,157,0
33.44,77.25,-0.079,0.008,158,0
33.43,77.23,-0.021,-0.007,159,0
33.42,77.1,-0.124,-0.008,160,0
33.43,77.2,0.1,0.005,161,0
33.38,77.13,-0.075,-0.049,162,0
33.34,76.99,-0.139,-0.034,163,0
33.32,76.85,-0.139,-0.023,164,0
33.27,76.86,0.009,-0.048,165,0
33.26,76.82,-0.04,-0.015,166,0
33.3,76.8,-0.023,0.045,167,0
33.34,76.87,0.076,0.038,168,0
33.33,76.87,-0.007,-0.006,169,0
33.36,76.87,0.006,0.022,170,0
33.39,76.79,-0.084,0.038,171,0
33.36,76.73,-0.06,-0.034,172,0
33.36,76.77,0.037,-0.004,173,0
33.31,76.58,-0.191,-0.042,174,0
33.33,76.48,-0.092,0.014,175,0
33.37,76.32,-0.164,0.043,176,0
33.34,76.33,0.01,-0.033,177,0
33.36,76.38,0.049,0.02,178,0
33.31,76.44,0.062,-0.053,179,0
33.3,76.54,0.097,-0.011,180,0
33.29,76.45,-0.091,-0.003,181,0
33.33,76.46,0.013,0.033,182,0
33.31,76.47,0.013,-0.011,183,0
33.35,76.3,-0.174,0.039,184,0
33.37,76.26,-0.036,0.014,185,0
33.41,76.21,-0.051,0.041,186,0
33.45,76.17,-0.043,0.045,187,0
33.48,76.12,-0.049,0.03,188,0
33.49,76.2,0.083,0.006,189,0
33.53,76.26,0.056,0.042,190,0
33.58,76.34,0.082,0.046,191,0
33.55,76.27,-0.07,-0.026,192,0
33.51,76.23,-0.044,-0.037,193,0
33.51,76.09,-0.133,-0.004,194,0
33.52,76.15,0.059,0.012,195,0
33.55,76.22,0.072,0.023,196,0
33.53,76.14,-0.088,-0.014,197,0
33.5,76.21,0.069,-0.027,198,0
33.5,76.11,-0.093,-0.009,199,0
33.48,76.14,0.029,-0.015,200,0
33.49,76.03,-0.115,0.005,201,0
33.48,75.91,-0.113,-0.009,202,0
33.46,75.74,-0.17,-0.018,203,0
33.48,75.74,-0.005,0.02,204,0
33.47,75.63,-0.11,-0.009,205,0
33.45,75.51,-0.117,-0.021,206,0
33.46,75.33,-0.182,0.011,207,0
33.48,75.21,-0.117,0.024,208,0
33.48,75.09,-0.121,-0.004,209,0
33.43,75.08,-0.013,-0.053,210,0
33.44,75.1,0.024,0.015,211,0
33.45,75.13,0.031,0.008,212,0
33.42,75.04,-0.099,-0.031,213,0
33.4,75.03,-0.006,-0.02,214,0
33.39,74.85,-0.185,-0.009,215,0
33.36,74.9,0.051,-0.025,216,0
33.31,74.96,0.067,-0.05,217,0
33.31,75.06,0.097,-0.001,218,0
33.31,74.98,-0.081,-0.0,219,0
33.31,74.85,-0.133,0.0,220,0
33.32,74.93,0.084,0.005,221,0
33.32,74.79,-0.137,0.007,222,0
33.33,74.68,-0.119,0.007,223,0
33.35,74.57,-0.102,0.021,224,0
33.39,74.39,-0.18,0.039,225,0
33.34,74.44,0.05,-0.05,226,0
33.31,74.32,-0.127,-0.032,227,0
33.34,74.41,0.097,0.034,228,0
33.29,74.25,-0.167,-0.053,229,0
33.26,74.32,0.071,-0.032,230,0
33.27,74.37,0.05,0.017,231,0
33.25,74.43,0.059,-0.022,232,0
33.27,74.25,-0.179,0.02,233,0
33.26,74.1,-0.151,-0.017,234,0
33.26,73.97,-0.124,-0.0,235,0
33.25,73.97,-0.004,-0.01,236,0
33.22,73.84,-0.132,-0.024,237,0
33.2,73.76,-0.075,-0.025,238,0
33.21,73.7,-0.065,0.016,239,0
33.25,73.8,0.106,0.042,240,0
33.24,73.73,-0.075,-0.01,241,0
33.21,73.55,-0.182,-0.032,242,0
33.17,73.61,0.064,-0.04,243,0
33.2,73.56,-0.047,0.029,244,0
33.2,73.54,-0.022,-0.006,245,0
33.2,73.38,-0.16,0.006,246,0
33.22,73.42,0.042,0.018,247,0
33.19,73.46,0.034,-0.025,248,0
33.15,73.51,0.052,-0.048,249,0
33.11,73.34,-0.166,-0.035,250,0
33.06,73.3,-0.046,-0.049,251,0
33.02,73.35,0.048,-0.042,252,0
33.0,73.42,0.069,-0.021,253,0
33.04,73.34,-0.076,0.044,254,0
33.08,73.23,-0.114,0.035,255,0
33.09,73.18,-0.05,0.01,256,0
33.05,73.04,-0.132,-0.034,257,0
33.08,72.92,-0.122,0.03,258,0
33.06,72.86,-0.065,-0.027,259,0
33.04,72.73,-0.129,-0.021,260,0
33.02,72.79,0.066,-0.016,261,0
33.01,72.81,0.019,-0.006,262,0
33.05,72.8,-0.016,0.032,263,0
33.07,72.61,-0.186,0.028,264,0
33.1,72.52,-0.09,0.022,265,0
33.06,72.52,-0.001,-0.035,266,0
33.08,72.34,-0.184,0.023,267,0
33.07,72.15,-0.184,-0.013,268,0
33.05,72.12,-0.035,-0.02,269,0
33.0,72.15,0.034,-0.047,270,0
33.03,71.98,-0.167,0.031,271,0
33.05,72.0,0.017,0.015,272,0
33.01,71.84,-0.157,-0.037,273,0
33.05,71.7,-0.138,0.035,274,0
33.0,71.63,-0.073,-0.044,275,0
32.96,71.5,-0.127,-0.042,276,0
32.95,71.37,-0.137,-0.007,277,0
32.96,71.28,-0.084,0.011,278,0
32.94,71.25,-0.037,-0.024,279,0
32.96,71.26,0.009,0.017,280,0
33.0,71.35,0.097,0.038,281,0
32.98,71.23,-0.118,-0.012,282,0
32.93,71.19,-0.043,-0.052,283,0
32.93,71.27,0.082,-0.003,284,0
32.92,71.37,0.101,-0.004,285,0
32.87,71.2,-0.173,-0.049,286,0
32.86,71.25,0.048,-0.013,287,0
32.82,71.25,-0.001,-0.041,288,0
32.81,71.06,-0.184,-0.011,289,0
32.76,70.88,-0.181,-0.05,290,0
32.73,70.83,-0.057,-0.033,291,0
32.74,70.79,-0.032,0.011,292,0
32.76,70.73,-0.061,0.02,293,0
32.72,70.69,-0.039,-0.034,294,0
32.7,70.5,-0.19,-0.028,295,0
32.68,70.56,0.059,-0.018,296,0
32.72,70.43,-0.129,0.04,297,0
32.69,70.34,-0.094,-0.025,298,0
32.73,70.35,0.01,0.033,299,0
32.74,70.42,0.07,0.009,300,0
32.73,70.37,-0.049,-0.002,301,0
32.7,70.36,-0.009,-0.034,302,0
32.7,70.43,0.067,0.002,303,0
32.67,70.48,0.053,-0.029,304,0
32.66,70.49,0.006,-0.014,305,0
32.63,70.59,0.103,-0.029,306,0
32.62,70.68,0.091,-0.011,307,0
32.6,70.71,0.03,-0.021,308,0
32.63,70.71,-0.006,0.03,309,0
32.67,70.8,0.091,0.046,310,0
32.67,70.87,0.074,0.002,311,0
32.71,70.88,0.005,0.037,312,0
32.72,70.98,0.106,0.005,313,0
32.76,70.8,-0.186,0.046,314,0
32.71,70.9,0.098,-0.05,315,0
32.7,70.89,-0.005,-0.016,316,0
32.71,70.7,-0.191,0.018,317,0
32.7,70.61,-0.09,-0.011,318,0
32.66,70.6,-0.006,-0.048,319,0
32.62,70.63,0.03,-0.037,320,0
32.63,70.69,0.057,0.012,321,0
32.64,70.77,0.077,0.007,322,0
32.65,70.75,-0.014,0.009,323,0
32.61,70.67,-0.079,-0.031,324,0
32.64,70.77,0.095,0.029,325,0
32.61,70.63,-0.143,-0.029,326,0
32.6,70.69,0.062,-0.013,327,0
32.55,70.57,-0.114,-0.053,328,0
32.54,70.45,-0.12,-0.009,329,0
32.5,70.45,-0.0,-0.042,330,0
32.52,70.37,-0.087,0.027,331,0
32.55,70.43,0.059,0.027,332,0
32.52,70.44,0.012,-0.033,333,0
32.48,70.29,-0.144,-0.042,334,0
32.49,70.36,0.067,0.009,335,0
32.44,70.28,-0.086,-0.044,336,0
32.42,70.38,0.1,-0.021,337,0
32.38,70.19,-0.186,-0.041,338,0
32.42,70.02,-0.17,0.041,339,0
32.37,69.87,-0.151,-0.049,340,0
32.41,69.97,0.106,0.032,341,0
32.37,70.06,0.087,-0.041,342,0
32.34,70.14,0.08,-0.023,343,0
32.37,70.21,0.069,0.025,344,0
32.34,70.03,-0.183,-0.03,345,0
32.37,70.12,0.097,0.038,346,0
32.37,70.04,-0.089,-0.0,347,0
32.34,70.06,0.02,-0.032,348,0
32.33,70.02,-0.038,-0.009,349,0
32.34,70.07,0.054,0.007,350,0
32.35,70.14,0.072,0.005,351,0
32.37,70.11,-0.035,0.021,352,0
32.39,70.0,-0.112,0.018,353,0
32.37,69.99,-0.002,-0.021,354,0
32.32,69.96,-0.035,-0.043,355,0
32.32,70.02,0.064,0.0,356,0
32.36,69.98,-0.047,0.033,357,0
32.35,69.84,-0.137,-0.002,358,0
32.39,69.69,-0.152,0.04,359,0
32.4,69.75,0.063,0.005,360,0
32.35,69.82,0.067,-0.044,361,0
32.39,69.73,-0.09,0.034,362,0
32.38,69.65,-0.083,-0.007,363,0
32.38,69.58,-0.067,-0.001,364,0
32.4,69.54,-0.035,0.019,365,0
32.38,69.45,-0.092,-0.02,366,0
32.33,69.27,-0.181,-0.048,367,0
32.34,69.23,-0.039,0.004,368,0
32.37,69.26,0.025,0.032,369,0
32.4,69.25,-0.007,0.031,370,0
32.4,69.13,-0.114,-0.003,371,0
32.41,69.06,-0.077,0.014,372,0
32.44,68.97,-0.091,0.029,373,0
32.44,69.0,0.036,-0.002,374,0
32.46,68.89,-0.109,0.021,375,0
32.49,68.97,0.072,0.031,376,0
32.49,68.99,0.028,-0.002,377,0
32.46,68.84,-0.152,-0.028,378,0
32.44,68.77,-0.071,-0.024,379,0
32.42,68.65,-0.122,-0.02,380,0
32.45,68.59,-0.06,0.032,381,0
32.43,68.58,-0.014,-0.017,382,0
32.44,68.62,0.042,0.007,383,0
32.48,68.66,0.047,0.04,384,0
32.46,68.58,-0.083,-0.02,385,0
32.49,68.54,-0.04,0.033,386,0
32.51,68.5,-0.041,0.018,387,0
32.5,68.51,0.006,-0.009,388,0
32.47,68.55,0.04,-0.023,389,0
32.47,68.58,0.037,-0.008,390,0
32.46,68.54,-0.044,-0.004,391,0
32.5,68.46,-0.081,0.034,392,0
32.53,68.38,-0.082,0.035,393,0
32.5,68.22,-0.158,-0.032,394,0
32.53,68.16,-0.059,0.032,395,0
32.56,68.19,0.028,0.028,396,0
32.57,68.07,-0.119,0.006,397,0
32.51,68.06,-0.008,-0.052,398,0
32.49,67.89,-0.174,-0.025,399,0
32.47,67.79,-0.094,-0.017,400,0
32.47,67.9,0.102,0.001,401,0
32.49,67.8,-0.1,0.015,402,0
32.53,67.73,-0.068,0.036,403,0
32.56,67.81,0.084,0.031,404,0
32.55,67.65,-0.161,-0.011,405,0
32.55,67.52,-0.134,0.003,406,0
32.56,67.56,0.043,0.013,407,0
32.52,67.51,-0.046,-0.038,408,0
32.49,67.43,-0.084,-0.031,409,0
32.53,67.51,0.077,0.04,410,0
32.52,67.55,0.04,-0.01,411,0
32.54,67.43,-0.114,0.02,412,0
32.52,67.25,-0.187,-0.023,413,0
32.56,67.29,0.042,0.038,414,0
32.55,67.39,0.103,-0.004,415,0
32.54,67.4,0.011,-0.014,416,0
32.49,67.27,-0.134,-0.047,417,0
32.47,67.16,-0.108,-0.017,418,0
32.48,67.0,-0.159,0.009,419,0
32.48,66.89,-0.11,-0.004,420,0
32.51,66.98,0.086,0.029,421,0
32.48,66.8,-0.176,-0.025,422,0
32.49,66.72,-0.084,0.002,423,0
32.47,66.76,0.044,-0.018,424,0
32.45,66.75,-0.006,-0.02,425,0
32.49,66.81,0.056,0.039,426,0
32.53,66.86,0.047,0.042,427,0
32.53,66.79,-0.066,0.002,428,0
32.5,66.89,0.098,-0.032,429,0
32.54,66.81,-0.081,0.044,430,0
32.56,66.81,0.004,0.017,431,0
32.55,66.88,0.065,-0.012,432,0
32.55,66.84,-0.04,0.003,433,0
32.53,66.88,0.042,-0.018,434,0
32.58,66.69,-0.191,0.046,435,0
32.54,66.72,0.03,-0.044,436,0
32.56,66.68,-0.042,0.023,437,0
32.52,66.5,-0.178,-0.033,438,0
32.51,66.45,-0.051,-0.016,439,0
32.5,66.35,-0.094,-0.006,440,0
32.46,66.26,-0.097,-0.037,441,0
32.47,66.25,-0.005,0.005,442,0
32.44,66.23,-0.018,-0.031,443,0
32.47,66.21,-0.026,0.035,444,0
32.48,66.25,0.041,0.008,445,0
32.52,66.34,0.097,0.034,446,0
32.5,66.35,0.007,-0.011,447,0
32.55,66.32,-0.036,0.042,448,0
32.59,66.39,0.072,0.045,449,0
32.6,66.36,-0.029,0.011,450,0
32.56,66.17,-0.186,-0.045,451,0
32.58,66.09,-0.082,0.026,452,0
32.59,66.06,-0.027,0.006,453,0
32.57,65.9,-0.165,-0.016,454,0
32.52,65.77,-0.132,-0.049,455,0
32.48,65.69,-0.071,-0.049,456,0
32.44,65.68,-0.01,-0.034,457,0
32.41,65.7,0.01,-0.03,458,0
32.42,65.57,-0.128,0.004,459,0
32.42,65.45,-0.12,0.005,460,0
32.37,65.31,-0.138,-0.053,461,0
32.34,65.32,0.008,-0.03,462,0
32.33,65.29,-0.025,-0.009,463,0
32.34,65.15,-0.142,0.012,464,0
32.34,65.24,0.093,0.003,465,0
32.34,65.23,-0.009,-0.001,466,0
32.38,65.13,-0.108,0.041,467,0
32.41,65.09,-0.037,0.022,468,0
32.4,65.02,-0.069,-0.008,469,0
32.42,64.95,-0.072,0.021,470,0
32.45,64.84,-0.111,0.031,471,0
32.4,64.68,-0.152,-0.053,472,0
32.4,64.56,-0.123,-0.002,473,0
32.37,64.4,-0.165,-0.024,474,0
32.36,64.43,0.03,-0.013,475,0
32.33,64.32,-0.105,-0.026,476,0
32.32,64.35,0.025,-0.012,477,0
32.27,64.24,-0.111,-0.05,478,0
32.27,64.18,-0.054,0.003,479,0
32.3,64.22,0.037,0.023,480,0
32.3,64.25,0.035,0.007,481,0
32.27,64.19,-0.063,-0.029,482,0
32.29,64.18,-0.015,0.012,483,0
32.3,64.14,-0.038,0.015,484,0
32.29,64.11,-0.028,-0.009,485,0
32.27,64.17,0.063,-0.026,486,0
32.24,64.15,-0.023,-0.022,487,0
32.26,64.12,-0.035,0.013,488,0
32.3,64.01,-0.101,0.042,489,0
32.31,63.94,-0.078,0.008,490,0
32.31,64.04,0.102,0.004,491,0
32.28,64.06,0.018,-0.028,492,0
32.26,64.11,0.05,-0.02,493,0
32.24,64.04,-0.062,-0.022,494,0
32.25,63.89,-0.15,0.008,495,0
32.21,63.7,-0.19,-0.038,496,0
32.23,63.63,-0.079,0.026,497,0
32.27,63.66,0.035,0.031,498,0
32.29,63.75,0.089,0.027,499,0
32.34,63.64,-0.113,0.042,500,0
32.32,63.56,-0.076,-0.012,501,0
32.32,63.67,0.106,-0.001,502,0
32.28,63.76,0.095,-0.041,503,0
32.25,63.86,0.103,-0.035,504,0
32.27,63.71,-0.151,0.025,505,0
32.28,63.56,-0.149,0.013,506,0
32.33,63.56,0.002,0.044,507,0
32.3,63.56,0.001,-0.027,508,0
32.26,63.54,-0.025,-0.04,509,0
32.23,63.62,0.078,-0.031,510,0
32.23,63.49,-0.131,-0.005,511,0
32.2,63.46,-0.026,-0.026,512,0
32.21,63.56,0.101,0.014,513,0
32.21,63.39,-0.174,-0.002,514,0
32.19,63.34,-0.045,-0.023,515,0
32.19,63.42,0.072,-0.001,516,0
32.18,63.32,-0.095,-0.003,517,0
32.16,63.14,-0.178,-0.027,518,0
32.16,63.05,-0.094,0.005,519,0
32.2,63.06,0.013,0.038,520,0
32.22,62.97,-0.095,0.024,521,0
32.24,62.97,0.006,0.012,522,0
32.26,62.98,0.007,0.026,523,0
32.29,62.9,-0.081,0.027,524,0
32.29,62.86,-0.042,0.003,525,0
32.33,62.66,-0.192,0.035,526,0
32.36,62.57,-0.092,0.032,527,0
32.35,62.42,-0.153,-0.014,528,0
32.36,62.45,0.032,0.012,529,0
32.33,62.33,-0.115,-0.028,530,0
32.3,62.32,-0.013,-0.032,531,0
32.27,62.25,-0.069,-0.031,532,0
32.25,62.2,-0.053,-0.017,533,0
32.29,62.04,-0.161,0.043,534,0
32.33,61.95,-0.086,0.035,535,0
32.29,62.0,0.047,-0.036,536,0
32.25,61.83,-0.175,-0.038,537,0
32.25,61.93,0.101,-0.002,538,0
32.24,61.87,-0.06,-0.008,539,0
32.23,61.7,-0.163,-0.016,540,0
32.21,61.53,-0.178,-0.021,541,0
32.16,61.52,-0.004,-0.044,542,0
32.14,61.62,0.098,-0.019,543,0
32.09,61.71,0.09,-0.051,544,0
32.08,61.62,-0.091,-0.016,545,0
32.05,61.46,-0.163,-0.031,546,0
32.05,61.53,0.071,0.001,547,0
32.0,61.35,-0.178,-0.045,548,0
31.97,61.24,-0.114,-0.035,549,0
31.93,61.1,-0.137,-0.035,550,0
31.97,61.07,-0.024,0.033,551,0
31.96,61.02,-0.05,-0.011,552,0
31.92,61.04,0.02,-0.033,553,0
31.94,61.11,0.063,0.014,554,0
31.89,61.12,0.015,-0.049,555,0
31.86,61.01,-0.109,-0.033,556,0
31.8,60.98,-0.029,-0.053,557,0
31.85,60.8,-0.181,0.045,558,0
31.86,60.85,0.047,0.008,559,0
31.88,60.68,-0.17,0.029,560,0
31.87,60.5,-0.18,-0.017,561,0
31.82,60.34,-0.155,-0.045,562,0
31.81,60.23,-0.113,-0.007,563,0
31.84,60.29,0.059,0.025,564,0
31.84,60.37,0.082,0.005,565,0
31.83,60.41,0.037,-0.017,566,0
31.81,60.4,-0.013,-0.02,567,0
31.76,60.24,-0.153,-0.051,568,0
31.76,60.1,-0.139,0.008,569,0
31.81,60.04,-0.064,0.042,570,0
31.77,60.09,0.048,-0.032,571,0
31.77,60.17,0.078,-0.003,572,0
31.75,60.03,-0.135,-0.022,573,0
31.76,60.1,0.067,0.009,574,0
31.79,60.05,-0.049,0.036,575,0
31.75,60.07,0.023,-0.041,576,0
31.71,59.89,-0.181,-0.046,577,0
31.67,59.88,-0.014,-0.038,578,0
31.63,59.95,0.074,-0.039,579,0
31.64,59.88,-0.073,0.005,580,0
31.66,59.77,-0.107,0.027,581,0
31.66,59.64,-0.133,-0.007,582,0
31.65,59.53,-0.108,-0.009,583,0
31.61,59.63,0.097,-0.038,584,0
31.56,59.52,-0.108,-0.045,585,0
31.54,59.36,-0.155,-0.025,586,0
31.5,59.41,0.047,-0.035,587,0
31.49,59.34,-0.066,-0.018,588,0
31.45,59.41,0.064,-0.036,589,0
31.4,59.28,-0.133,-0.045,590,0
31.39,59.21,-0.069,-0.018,591,0
31.38,59.17,-0.04,-0.011,592,0
31.37,59.02,-0.149,-0.008,593,0
31.33,58.92,-0.093,-0.038,594,0
31.29,58.87,-0.056,-0.039,595,0
31.26,58.69,-0.177,-0.029,596,0
31.25,58.69,-0.004,-0.006,597,0
31.25,58.51,-0.176,-0.008,598,0
31.19,58.41,-0.099,-0.053,599,0
35.34,82.18,-0.094,0.006,0,0
35.3,82.08,-0.097,-0.043,1,0
35.26,82.0,-0.086,-0.036,2,0
35.24,81.79,-0.204,-0.025,3,0
35.2,81.78,-0.016,-0.034,4,0
35.25,81.67,-0.11,0.044,5,0
35.28,81.62,-0.045,0.038,6,0
35.28,81.69,0.067,-0.007,7,0
35.29,81.7,0.014,0.014,8,0
35.32,81.55,-0.156,0.026,9,0
35.34,81.39,-0.155,0.02,10,0
35.35,81.28,-0.114,0.01,11,0
35.38,81.27,-0.005,0.027,12,0
35.42,81.34,0.066,0.044,13,0
35.42,81.24,-0.099,0.004,14,0
35.42,81.03,-0.208,0.001,15,0
35.4,80.9,-0.136,-0.029,16,0
35.41,80.7,-0.192,0.01,17,0
35.39,80.49,-0.215,-0.016,18,0
35.37,80.38,-0.106,-0.017,19,0
35.41,80.38,0.0,0.035,20,0
35.43,80.35,-0.036,0.025,21,0
35.45,80.34,-0.003,0.014,22,0
35.41,80.16,-0.182,-0.04,23,0
35.44,79.96,-0.204,0.034,24,0
35.43,80.0,0.047,-0.011,25,0
35.44,79.87,-0.133,0.007,26,0
35.41,79.88,0.009,-0.033,27,0
35.38,79.84,-0.043,-0.024,28,0
35.37,79.73,-0.107,-0.007,29,0
35.43,79.58,-0.151,0.055,30,0
35.41,79.41,-0.164,-0.019,31,0
35.44,79.28,-0.13,0.028,32,0
35.43,79.17,-0.114,-0.013,33,0
35.47,79.08,-0.085,0.044,34,0
35.51,78.86,-0.224,0.039,35,0
35.48,78.91,0.045,-0.031,36,0
35.46,78.91,0.006,-0.017,37,0
35.46,78.82,-0.09,0.002,38,0
35.43,78.79,-0.033,-0.028,39,0
35.39,78.8,0.011,-0.042,40,0
35.37,78.87,0.065,-0.016,41,0
35.41,78.66,-0.206,0.039,42,0
35.44,78.54,-0.123,0.027,43,0
35.45,78.5,-0.038,0.012,44,0
35.49,78.48,-0.021,0.037,45,0
35.54,78.51,0.034,0.049,46,0
35.55,78.47,-0.037,0.013,47,0
35.55,78.39,-0.084,0.002,48,0
35.56,78.42,0.027,0.011,49,0
35.53,78.31,-0.111,-0.032,50,0
35.53,78.2,-0.111,0.001,51,0
35.55,77.98,-0.214,0.017,52,0
35.58,77.91,-0.077,0.031,53,0
35.62,77.97,0.065,0.034,54,0
35.65,77.82,-0.153,0.033,55,0
35.61,77.61,-0.204,-0.037,56,0
35.6,77.49,-0.121,-0.007,57,0
35.57,77.52,0.023,-0.035,58,0
35.6,77.4,-0.111,0.034,59,0
35.63,77.24,-0.168,0.029,60,0
35.65,77.03,-0.203,0.016,61,0
35.64,77.11,0.074,-0.006,62,0
35.6,77.07,-0.032,-0.04,63,0
35.64,77.03,-0.044,0.039,64,0
35.6,77.02,-0.008,-0.039,65,0
35.63,76.9,-0.12,0.029,66,0
35.68,76.87,-0.036,0.05,67,0
35.72,76.9,0.036,0.04,68,0
35.71,76.97,0.069,-0.01,69,0
35.75,76.81,-0.164,0.041,70,0
35.77,76.72,-0.085,0.023,71,0
35.83,76.75,0.031,0.056,72,0
35.79,76.79,0.035,-0.042,73,0
35.76,76.64,-0.147,-0.025,74,0
35.77,76.42,-0.221,0.011,75,0
35.77,76.39,-0.03,-0.001,76,0
35.8,76.36,-0.029,0.029,77,0
35.82,76.27,-0.09,0.015,78,0
35.81,76.29,0.021,-0.002,79,0
35.87,76.29,0.003,0.055,80,0
35.89,76.32,0.024,0.023,81,0
35.93,76.33,0.011,0.039,82,0
35.94,76.12,-0.205,0.013,83,0
35.99,76.05,-0.071,0.043,84,0
35.95,76.05,-0.003,-0.041,85,0
36.0,76.01,-0.043,0.051,86,0
36.04,75.85,-0.159,0.041,87,0
36.0,75.8,-0.049,-0.036,88,0
36.01,75.66,-0.141,0.014,89,0
35.98,75.68,0.019,-0.036,90,0
35.94,75.59,-0.085,-0.038,91,0
35.91,75.43,-0.166,-0.03,92,0
35.93,75.41,-0.018,0.024,93,0
35.93,75.34,-0.067,-0.009,94,0
35.95,75.37,0.028,0.024,95,0
35.95,75.35,-0.018,0.003,96,0
35.99,75.38,0.022,0.042,97,0
35.96,75.39,0.011,-0.035,98,0
35.96,75.36,-0.024,0.003,99,0
35.97,75.35,-0.016,0.007,100,0
35.94,75.39,0.039,-0.033,101,0
35.94,75.33,-0.056,-0.0,102,0
35.97,75.3,-0.028,0.03,103,0
35.95,75.35,0.048,-0.013,104,0
35.96,75.13,-0.216,0.006,105,0
35.95,74.97,-0.164,-0.011,106,0
35.94,74.92,-0.047,-0.004,107,0
35.97,74.94,0.015,0.025,108,0
36.01,75.01,0.072,0.039,109,0
36.0,74.83,-0.18,-0.008,110,0
36.04,74.85,0.02,0.041,111,0
36.04,74.92,0.066,-0.006,112,0
36.09,74.76,-0.153,0.05,113,0
36.14,74.79,0.025,0.05,114,0
36.17,74.76,-0.026,0.037,115,0
36.21,74.76,-0.006,0.035,116,0
36.2,74.71,-0.042,-0.008,117,0
36.19,74.5,-0.21,-0.007,118,0
36.22,74.41,-0.098,0.032,119,0
36.25,74.45,0.039,0.029,120,0
36.26,74.35,-0.1,0.004,121,0
36.23,74.23,-0.116,-0.031,122,0
36.19,74.04,-0.186,-0.032,123,0
36.18,74.04,-0.007,-0.017,124,0
36.23,73.95,-0.09,0.055,125,0
36.25,73.87,-0.075,0.018,126,0
36.3,73.76,-0.113,0.055,127,0
36.33,73.81,0.054,0.024,128,0
36.35,73.87,0.059,0.022,129,0
36.36,73.74,-0.133,0.011,130,0
36.38,73.63,-0.113,0.017,131,0
36.41,73.58,-0.048,0.032,132,0
36.38,73.41,-0.172,-0.029,133,0
36.35,73.19,-0.214,-0.035,134,0
36.37,73.03,-0.165,0.027,135,0
36.37,73.07,0.043,-0.001,136,0
36.34,73.02,-0.052,-0.028,137,0
36.31,73.04,0.018,-0.032,138,0
36.31,72.84,-0.198,-0.001,139,0
36.29,72.79,-0.049,-0.024,140,0
36.31,72.67,-0.114,0.025,141,0
36.28,72.51,-0.161,-0.036,142,0
36.28,72.52,0.004,0.005,143,0
36.27,72.36,-0.16,-0.011,144,0
36.24,72.25,-0.107,-0.03,145,0
36.27,72.27,0.014,0.029,146,0
36.25,72.18,-0.082,-0.02,147,0
36.24,72.06,-0.126,-0.01,148,0
36.21,71.96,-0.098,-0.026,149,0
36.24,71.78,-0.184,0.024,150,0
36.29,71.78,0.008,0.052,151,0
36.3,71.63,-0.149,0.007,152,0
36.31,71.44,-0.191,0.013,153,0
36.35,71.34,-0.104,0.042,154,0
36.34,71.29,-0.048,-0.014,155,0
36.34,71.18,-0.114,0.002,156,0
36.31,71.12,-0.054,-0.027,157,0
36.33,70.94,-0.187,0.015,158,0
36.35,70.74,-0.2,0.021,159,0
36.34,70.67,-0.072,-0.01,160,0
36.38,70.72,0.055,0.036,161,0
36.36,70.67,-0.055,-0.015,162,0
36.4,70.66,-0.009,0.041,163,0
36.43,70.54,-0.113,0.033,164,0
36.42,70.51,-0.03,-0.012,165,0
36.45,70.58,0.065,0.026,166,0
36.45,70.5,-0.076,0.005,167,0
36.42,70.53,0.029,-0.035,168,0
36.38,70.4,-0.135,-0.036,169,0
36.37,70.21,-0.187,-0.013,170,0
36.36,70.07,-0.134,-0.011,171,0
36.37,69.95,-0.12,0.007,172,0
36.33,69.94,-0.016,-0.036,173,0
36.32,69.81,-0.126,-0.008,174,0
36.29,69.84,0.032,-0.029,175,0
36.26,69.91,0.066,-0.027,176,0
36.27,69.87,-0.039,0.008,177,0
36.25,69.87,-0.005,-0.024,178,0
36.29,69.82,-0.047,0.042,179,0
36.28,69.73,-0.09,-0.008,180,0
36.33,69.63,-0.1,0.045,181,0
36.31,69.48,-0.148,-0.023,182,0
36.32,69.29,-0.195,0.01,183,0
36.35,69.33,0.042,0.036,184,0
36.39,69.4,0.068,0.037,185,0
36.38,69.33,-0.064,-0.011,186,0
36.41,69.23,-0.105,0.033,187,0
36.46,69.07,-0.157,0.049,188,0
36.44,69.04,-0.032,-0.016,189,0
36.41,69.06,0.016,-0.037,190,0
36.37,69.05,-0.01,-0.042,191,0
36.37,68.86,-0.181,0.006,192,0
36.38,68.86,-0.0,0.004,193,0
36.37,68.83,-0.038,-0.008,194,0
36.34,68.85,0.028,-0.028,195,0
36.3,68.9,0.051,-0.043,196,0
36.33,68.94,0.03,0.037,197,0
36.38,68.86,-0.073,0.045,198,0
36.4,68.82,-0.04,0.018,199,0
36.42,68.88,0.057,0.021,200,0
36.39,68.72,-0.161,-0.028,201,0
36.41,68.75,0.029,0.02,202,0
36.41,68.6,-0.151,0.002,203,0
36.39,68.66,0.061,-0.022,204,0
36.39,68.52,-0.133,0.007,205,0
36.36,68.49,-0.035,-0.033,206,0
36.37,68.36,-0.127,0.007,207,0
36.36,68.39,0.032,-0.013,208,0
36.32,68.28,-0.114,-0.038,209,0
36.37,68.08,-0.197,0.055,210,0
36.41,67.98,-0.101,0.041,211,0
36.39,68.02,0.039,-0.027,212,0
36.43,67.85,-0.169,0.04,213,0
36.42,67.73,-0.125,-0.011,214,0
36.39,67.63,-0.1,-0.027,215,0
36.44,67.67,0.049,0.053,216,0
36.43,67.7,0.024,-0.009,217,0
36.43,67.55,-0.15,-0.004,218,0
36.4,67.54,-0.012,-0.026,219,0
36.42,67.51,-0.026,0.014,220,0
36.46,67.29,-0.224,0.04,221,0
36.46,67.09,-0.2,0.001,222,0
36.44,67.06,-0.025,-0.02,223,0
36.49,66.95,-0.109,0.048,224,0
36.52,67.0,0.051,0.037,225,0
36.56,67.06,0.053,0.04,226,0
36.59,66.91,-0.147,0.025,227,0
36.55,66.9,-0.009,-0.038,228,0
36.59,66.69,-0.21,0.036,229,0
36.6,66.74,0.053,0.009,230,0
36.56,66.82,0.071,-0.038,231,0
36.59,66.76,-0.051,0.034,232,0
36.57,66.57,-0.192,-0.024,233,0
36.55,66.39,-0.185,-0.017,234,0
36.52,66.39,0.004,-0.035,235,0
36.56,66.22,-0.172,0.048,236,0
36.58,66.04,-0.175,0.02,237,0
36.58,65.96,-0.079,-0.003,238,0
36.54,65.85,-0.11,-0.039,239,0
36.54,65.81,-0.043,0.0,240,0
36.51,65.79,-0.026,-0.035,241,0
36.55,65.78,-0.005,0.048,242,0
36.53,65.64,-0.144,-0.024,243,0
36.53,65.61,-0.023,0.0,244,0
36.57,65.5,-0.117,0.037,245,0
36.56,65.31,-0.183,-0.009,246,0
36.6,65.37,0.057,0.037,247,0
36.64,65.17,-0.205,0.047,248,0
36.69,65.15,-0.016,0.045,249,0
36.69,65.09,-0.059,0.001,250,0
36.71,65.05,-0.041,0.024,251,0
36.72,65.04,-0.007,0.012,252,0
36.75,64.99,-0.055,0.027,253,0
36.79,64.82,-0.172,0.037,254,0
36.76,64.77,-0.047,-0.026,255,0
36.81,64.79,0.019,0.043,256,0
36.77,64.76,-0.032,-0.033,257,0
36.79,64.62,-0.14,0.014,258,0
36.77,64.67,0.048,-0.016,259,0
36.74,64.47,-0.191,-0.032,260,0
36.7,64.25,-0.223,-0.035,261,0
36.76,64.27,0.02,0.053,262,0
36.75,64.25,-0.017,-0.003,263,0
36.73,64.2,-0.052,-0.024,264,0
36.77,64.01,-0.189,0.042,265,0
36.74,63.91,-0.101,-0.028,266,0
36.78,63.96,0.047,0.04,267,0
36.74,63.98,0.021,-0.04,268,0
36.79,63.89,-0.09,0.046,269,0
36.81,63.71,-0.179,0.019,270,0
36.79,63.64,-0.073,-0.013,271,0
36.81,63.51,-0.133,0.019,272,0
36.87,63.43,-0.074,0.053,273,0
36.86,63.33,-0.108,-0.007,274,0
36.82,63.19,-0.136,-0.036,275,0
36.83,63.13,-0.062,0.003,276,0
36.84,63.18,0.057,0.017,277,0
36.84,63.03,-0.151,-0.005,278,0
36.83,63.07,0.041,-0.01,279,0
36.8,63.03,-0.043,-0.033,280,0
36.85,62.93,-0.1,0.052,281,0
36.86,62.91,-0.017,0.015,282,0
36.92,62.99,0.074,0.054,283,0
36.89,62.82,-0.167,-0.028,284,0
36.91,62.63,-0.191,0.022,285,0
36.88,62.67,0.043,-0.033,286,0
36.87,62.47,-0.206,-0.012,287,0
36.83,62.28,-0.184,-0.033,288,0
36.88,62.18,-0.104,0.045,289,0
36.92,62.18,0.005,0.046,290,0
36.9,62.03,-0.154,-0.025,291,0
36.93,61.88,-0.15,0.028,292,0
36.9,61.66,-0.221,-0.031,293,0
36.94,61.7,0.04,0.045,294,0
36.94,61.75,0.051,-0.004,295,0
36.94,61.81,0.058,0.005,296,0
36.92,61.61,-0.2,-0.019,297,0
36.88,61.62,0.009,-0.042,298,0
36.86,61.43,-0.183,-0.018,299,0
36.89,61.46,0.026,0.033,300,0
36.87,61.31,-0.149,-0.019,301,0
36.91,61.21,-0.098,0.037,302,0
36.92,61.23,0.019,0.004,303,0
36.95,61.02,-0.216,0.034,304,0
36.98,60.98,-0.039,0.03,305,0
37.0,60.95,-0.029,0.02,306,0
37.02,60.92,-0.027,0.016,307,0
37.04,60.86,-0.064,0.021,308,0
37.04,60.9,0.048,-0.0,309,0
37.04,60.8,-0.106,0.004,310,0
37.05,60.59,-0.209,0.011,311,0
37.09,60.63,0.038,0.043,312,0
37.06,60.55,-0.079,-0.03,313,0
37.09,60.34,-0.213,0.022,314,0
37.07,60.16,-0.171,-0.014,315,0
37.03,60.15,-0.018,-0.041,316,0
37.06,60.17,0.025,0.027,317,0
37.05,60.21,0.04,-0.006,318,0
37.08,60.01,-0.203,0.026,319,0
37.11,60.03,0.019,0.032,320,0
37.12,60.02,-0.01,0.006,321,0
37.1,60.07,0.05,-0.015,322,0
37.16,59.98,-0.086,0.054,323,0
37.13,59.86,-0.121,-0.025,324,0
37.18,59.74,-0.121,0.045,325,0
37.21,59.64,-0.094,0.038,326,0
37.23,59.72,0.072,0.016,327,0
37.2,59.55,-0.163,-0.025,328,0
37.21,59.63,0.075,0.0,329,0
37.24,59.62,-0.008,0.032,330,0
37.25,59.61,-0.011,0.015,331,0
37.23,59.48,-0.129,-0.025,332,0
37.19,59.42,-0.058,-0.033,333,0
37.23,59.36,-0.059,0.036,334,0
37.21,59.29,-0.072,-0.024,335,0
37.18,59.18,-0.111,-0.024,336,0
37.16,59.16,-0.024,-0.027,337,0
37.17,59.18,0.025,0.012,338,0
37.13,59.08,-0.097,-0.041,339,0
37.16,59.13,0.04,0.031,340,0
37.13,58.91,-0.213,-0.025,341,0
37.12,58.95,0.038,-0.008,342,0
37.16,59.0,0.049,0.034,343,0
37.17,58.84,-0.156,0.009,344,0
37.18,58.8,-0.044,0.015,345,0
37.15,58.6,-0.204,-0.035,346,0
37.16,58.5,-0.097,0.015,347,0
37.13,58.33,-0.169,-0.035,348,0
37.11,58.16,-0.168,-0.018,349,0
37.14,58.15,-0.013,0.029,350,0
37.18,58.03,-0.121,0.038,351,0
37.23,58.1,0.07,0.057,352,0
37.24,57.87,-0.224,0.005,353,0
37.25,57.65,-0.223,0.013,354,0
37.3,57.7,0.051,0.047,355,0
37.32,57.65,-0.055,0.023,356,0
37.36,57.61,-0.042,0.036,357,0
37.39,57.5,-0.105,0.035,358,0
37.4,57.41,-0.088,0.007,359,0
37.4,57.4,-0.014,-0.002,360,0
37.38,57.4,0.006,-0.019,361,0
37.42,57.46,0.055,0.038,362,0
37.41,57.51,0.049,-0.007,363,0
37.45,57.47,-0.042,0.039,364,0
37.48,57.41,-0.059,0.031,365,0
37.45,57.27,-0.142,-0.026,366,0
37.47,57.31,0.045,0.015,367,0
37.44,57.19,-0.124,-0.024,368,0
37.42,57.22,0.029,-0.024,369,0
37.41,57.0,-0.215,-0.01,370,0
37.4,56.8,-0.205,-0.014,371,0
37.37,56.75,-0.05,-0.022,372,0
37.34,56.73,-0.018,-0.032,373,0
37.39,56.73,-0.001,0.049,374,0
37.41,56.53,-0.195,0.017,375,0
37.4,56.46,-0.076,-0.009,376,0
37.45,56.43,-0.023,0.055,377,0
37.45,56.45,0.017,-0.0,378,0
37.44,56.35,-0.104,-0.008,379,0
37.5,56.3,-0.043,0.051,380,0
37.46,56.18,-0.124,-0.04,381,0
37.44,55.97,-0.205,-0.019,382,0
37.48,56.01,0.04,0.047,383,0
37.47,55.83,-0.183,-0.017,384,0
37.49,55.73,-0.099,0.027,385,0
37.53,55.76,0.028,0.036,386,0
37.58,55.68,-0.085,0.053,387,0
37.61,55.46,-0.213,0.028,388,0
37.65,55.5,0.04,0.039,389,0
37.67,55.33,-0.173,0.02,390,0
37.64,55.27,-0.061,-0.029,391,0
37.6,55.07,-0.201,-0.037,392,0
37.61,55.08,0.013,0.009,393,0
37.64,55.04,-0.038,0.029,394,0
37.63,55.04,0.0,-0.008,395,0
37.66,55.08,0.033,0.024,396,0
37.7,55.07,-0.002,0.042,397,0
37.67,54.94,-0.129,-0.029,398,0
37.63,54.97,0.021,-0.036,399,0
37.67,54.79,-0.177,0.032,400,0
37.67,54.85,0.059,-0.001,401,0
37.67,54.85,0.002,0.007,402,0
37.64,54.87,0.02,-0.036,403,0
37.68,54.74,-0.133,0.041,404,0
37.73,54.57,-0.163,0.056,405,0
37.69,54.38,-0.193,-0.042,406,0
37.69,54.32,-0.064,-0.003,407,0
37.65,54.38,0.067,-0.038,408,0
37.68,54.29,-0.095,0.034,409,0
37.7,54.3,0.01,0.015,410,0
37.74,54.15,-0.147,0.04,411,0
37.78,53.93,-0.217,0.038,412,0
37.79,53.87,-0.065,0.008,413,0
37.81,53.65,-0.219,0.027,414,0
37.86,53.51,-0.136,0.052,415,0
37.89,53.5,-0.01,0.025,416,0
37.86,53.55,0.05,-0.03,417,0
37.85,53.48,-0.075,-0.013,418,0
37.81,53.47,-0.013,-0.041,419,0
37.77,53.27,-0.199,-0.039,420,0
37.82,53.2,-0.07,0.054,421,0
37.84,52.99,-0.206,0.02,422,0
37.84,52.91,-0.084,0.001,423,0
37.82,52.92,0.013,-0.024,424,0
37.8,52.92,0.003,-0.015,425,0
37.81,52.88,-0.043,0.005,426,0
37.77,52.93,0.05,-0.042,427,0
37.82,52.91,-0.025,0.053,428,0
37.84,52.76,-0.141,0.021,429,0
37.82,52.74,-0.026,-0.018,430,0
37.81,52.73,-0.008,-0.012,431,0
37.77,52.55,-0.186,-0.039,432,0
37.82,52.43,-0.117,0.044,433,0
37.8,52.45,0.017,-0.014,434,0
37.77,52.34,-0.106,-0.037,435,0
37.73,52.3,-0.036,-0.032,436,0
37.72,52.11,-0.188,-0.01,437,0
37.76,51.99,-0.125,0.031,438,0
37.73,51.94,-0.054,-0.03,439,0
37.76,51.93,-0.009,0.033,440,0
37.78,52.0,0.075,0.025,441,0
37.76,51.82,-0.187,-0.02,442,0
37.76,51.88,0.063,-0.001,443,0
37.79,51.91,0.033,0.026,444,0
37.75,51.73,-0.186,-0.035,445,0
37.79,51.61,-0.112,0.035,446,0
37.83,51.6,-0.012,0.037,447,0
37.86,51.56,-0.045,0.033,448,0
37.87,51.62,0.057,0.012,449,0
37.92,51.61,-0.01,0.047,450,0
37.92,51.63,0.022,0.006,451,0
37.92,51.55,-0.082,0.001,452,0
37.89,51.43,-0.114,-0.037,453,0
37.89,51.36,-0.075,0.003,454,0
37.93,51.16,-0.202,0.036,455,0
37.89,51.11,-0.043,-0.035,456,0
37.87,51.18,0.066,-0.021,457,0
37.89,51.09,-0.088,0.02,458,0
37.88,50.91,-0.177,-0.015,459,0
37.84,50.83,-0.082,-0.039,460,0
37.85,50.72,-0.117,0.016,461,0
37.88,50.59,-0.129,0.031,462,0
37.89,50.48,-0.102,0.008,463,0
37.91,50.51,0.024,0.021,464,0
37.95,50.52,0.012,0.04,465,0
37.92,50.36,-0.158,-0.032,466,0
37.95,50.3,-0.058,0.025,467,0
38.0,50.23,-0.075,0.054,468,0
38.04,50.2,-0.028,0.035,469,0
38.0,50.19,-0.007,-0.039,470,0
38.03,50.16,-0.037,0.036,471,0
38.04,50.04,-0.121,0.005,472,0
38.03,49.91,-0.129,-0.01,473,0
38.04,49.74,-0.167,0.014,474,0
38.05,49.75,0.005,0.011,475,0
38.08,49.62,-0.127,0.023,476,0
38.04,49.61,-0.009,-0.04,477,0
38.07,49.66,0.045,0.04,478,0
38.11,49.61,-0.045,0.034,479,0
38.11,49.56,-0.05,0.002,480,0
38.1,49.54,-0.023,-0.012,481,0
38.1,49.32,-0.216,-0.002,482,0
38.14,49.25,-0.07,0.042,483,0
38.1,49.3,0.044,-0.042,484,0
38.13,49.36,0.068,0.031,485,0
38.09,49.43,0.064,-0.036,486,0
38.09,49.31,-0.118,0.003,487,0
38.07,49.28,-0.028,-0.025,488,0
38.06,49.26,-0.019,-0.009,489,0
38.05,49.24,-0.02,-0.008,490,0
38.03,49.12,-0.124,-0.021,491,0
38.02,48.99,-0.129,-0.015,492,0
37.98,48.99,0.003,-0.04,493,0
38.02,49.0,0.003,0.049,494,0
38.05,48.98,-0.012,0.025,495,0
38.08,48.9,-0.088,0.027,496,0
38.09,48.82,-0.074,0.009,497,0
38.1,48.89,0.067,0.016,498,0
38.12,48.93,0.038,0.021,499,0
38.09,48.97,0.044,-0.03,500,0
38.06,49.04,0.067,-0.033,501,0
38.09,49.09,0.053,0.031,502,0
38.06,49.0,-0.088,-0.029,503,0
38.11,48.98,-0.025,0.049,504,0
38.14,48.76,-0.218,0.032,505,0
38.18,48.63,-0.132,0.033,506,0
38.15,48.42,-0.204,-0.031,507,0
38.14,48.25,-0.173,-0.003,508,0
38.14,48.23,-0.018,-0.006,509,0
38.16,48.15,-0.077,0.026,510,0
38.15,48.2,0.043,-0.015,511,0
38.11,48.26,0.058,-0.041,512,0
38.09,48.24,-0.017,-0.012,513,0
38.1,48.14,-0.097,0.005,514,0
38.08,48.07,-0.068,-0.017,515,0
38.14,47.93,-0.143,0.053,516,0
38.12,47.74,-0.187,-0.014,517,0
38.17,47.77,0.022,0.053,518,0
38.16,47.56,-0.207,-0.017,519,0
38.16,47.5,-0.06,0.004,520,0
38.12,47.31,-0.19,-0.042,521,0
38.12,47.12,-0.19,0.003,522,0
38.1,47.13,0.009,-0.02,523,0
38.11,46.95,-0.178,0.003,524,0
38.09,46.74,-0.211,-0.015,525,0
38.13,46.6,-0.137,0.035,526,0
38.11,46.39,-0.216,-0.019,527,0
38.1,46.25,-0.133,-0.006,528,0
38.11,46.15,-0.098,0.01,529,0
38.16,46.23,0.073,0.044,530,0
38.14,46.2,-0.028,-0.018,531,0
38.16,46.22,0.018,0.025,532,0
38.18,46.22,0.002,0.021,533,0
38.22,46.01,-0.208,0.037,534,0
38.28,45.86,-0.157,0.055,535,0
38.28,45.87,0.016,0.001,536,0
38.31,45.82,-0.046,0.031,537,0
38.32,45.88,0.055,0.014,538,0
38.36,45.73,-0.147,0.041,539,0
38.37,45.56,-0.177,0.004,540,0
38.38,45.42,-0.14,0.01,541,0
38.43,45.22,-0.193,0.05,542,0
38.39,45.06,-0.167,-0.034,543,0
38.45,44.96,-0.097,0.055,544,0
38.43,44.81,-0.151,-0.018,545,0
38.48,44.83,0.019,0.049,546,0
38.52,44.81,-0.018,0.038,547,0
38.55,44.61,-0.196,0.036,548,0
38.55,44.44,-0.175,-0.006,549,0
38.58,44.24,-0.201,0.039,550,0
38.57,44.03,-0.208,-0.019,551,0
38.6,43.88,-0.152,0.033,552,0
38.63,43.73,-0.144,0.03,553,0
38.67,43.55,-0.179,0.046,554,0
38.68,43.57,0.017,0.004,555,0
38.72,43.36,-0.216,0.038,556,0
38.74,43.42,0.065,0.026,557,0
38.71,43.26,-0.162,-0.029,558,0
38.73,43.06,-0.197,0.022,559,0
38.7,42.88,-0.178,-0.031,560,0
38.69,42.9,0.022,-0.017,561,0
38.65,42.87,-0.034,-0.032,562,0
38.7,42.9,0.026,0.047,563,0
38.66,42.86,-0.033,-0.04,564,0
38.63,42.64,-0.221,-0.033,565,0
38.65,42.64,-0.004,0.022,566,0
38.68,42.47,-0.164,0.035,567,0
38.65,42.36,-0.117,-0.03,568,0
38.68,42.16,-0.202,0.024,569,0
38.7,42.01,-0.145,0.022,570,0
38.75,41.91,-0.098,0.05,571,0
38.8,41.88,-0.029,0.051,572,0
38.79,41.88,-0.0,-0.007,573,0
38.78,41.72,-0.165,-0.017,574,0
38.81,41.53,-0.184,0.034,575,0
38.85,41.35,-0.189,0.04,576,0
38.88,41.15,-0.192,0.025,577,0
38.9,41.13,-0.024,0.019,578,0
38.88,41.12,-0.01,-0.012,579,0
38.88,41.11,-0.005,-0.002,580,0
38.89,41.1,-0.014,0.01,581,0
38.88,41.13,0.03,-0.01,582,0
38.92,40.97,-0.162,0.033,583,0
38.9,41.04,0.074,-0.011,584,0
38.9,41.11,0.066,-0.003,585,0
38.92,40.92,-0.187,0.021,586,0
38.93,40.81,-0.114,0.01,587,0
38.95,40.66,-0.144,0.018,588,0
38.97,40.68,0.02,0.023,589,0
38.95,40.75,0.065,-0.025,590,0
38.92,40.58,-0.167,-0.024,591,0
38.94,40.52,-0.058,0.016,592,0
38.95,40.55,0.023,0.008,593,0
39.0,40.53,-0.017,0.052,594,0
39.02,40.53,-0.004,0.02,595,0
38.99,40.56,0.038,-0.026,596,0
38.98,40.49,-0.07,-0.01,597,0
38.99,40.55,0.053,0.006,598,0
39.0,40.34,-0.211,0.007,599,0
33.99,79.08,0.021,-0.006,0,0
34.03,79.09,0.015,0.04,1,0
34.02,79.15,0.052,-0.006,2,0
34.05,79.01,-0.137,0.028,3,0
34.06,78.93,-0.073,0.006,4,0
34.1,78.8,-0.136,0.049,5,0
34.09,78.75,-0.052,-0.016,6,0
34.05,78.7,-0.045,-0.039,7,0
34.09,78.61,-0.093,0.039,8,0
34.05,78.4,-0.207,-0.041,9,0
34.09,78.35,-0.051,0.045,10,0
34.09,78.41,0.056,-0.003,11,0
34.06,78.35,-0.057,-0.03,12,0
34.06,78.35,0.001,0.004,13,0
34.1,78.37,0.021,0.038,14,0
34.12,78.3,-0.072,0.017,15,0
34.16,78.32,0.014,0.039,16,0
34.21,78.26,-0.052,0.048,17,0
34.23,78.3,0.038,0.023,18,0
34.25,78.19,-0.107,0.016,19,0
34.21,78.02,-0.179,-0.04,20,0
34.17,78.05,0.033,-0.04,21,0
34.16,77.87,-0.174,-0.006,22,0
34.15,77.9,0.022,-0.007,23,0
34.15,77.73,-0.162,0.001,24,0
34.16,77.54,-0.193,0.001,25,0
34.21,77.49,-0.049,0.057,26,0
34.25,77.53,0.035,0.039,27,0
34.27,77.35,-0.179,0.021,28,0
34.23,77.2,-0.145,-0.039,29,0
34.23,77.15,-0.052,-0.002,30,0
34.26,76.97,-0.18,0.025,31,0
34.22,77.02,0.047,-0.032,32,0
34.2,76.94,-0.078,-0.022,33,0
34.24,76.92,-0.015,0.035,34,0
34.23,76.77,-0.156,-0.005,35,0
34.21,76.74,-0.026,-0.019,36,0
34.24,76.72,-0.017,0.027,37,0
34.22,76.68,-0.046,-0.018,38,0
34.23,76.65,-0.031,0.009,39,0
34.28,76.59,-0.062,0.053,40,0
34.29,76.65,0.06,0.004,41,0
34.26,76.6,-0.049,-0.027,42,0
34.26,76.65,0.056,0.001,43,0
34.27,76.67,0.015,0.008,44,0
34.28,76.72,0.052,0.015,45,0
34.28,76.72,-0.003,-0.009,46,0
34.29,76.73,0.018,0.018,47,0
34.29,76.74,0.003,-0.007,48,0
34.33,76.7,-0.034,0.042,49,0
34.37,76.7,-0.001,0.045,50,0
34.41,76.53,-0.169,0.03,51,0
34.41,76.53,-0.003,0.007,52,0
34.44,76.57,0.041,0.026,53,0
34.48,76.61,0.038,0.038,54,0
34.44,76.52,-0.089,-0.032,55,0
34.49,76.37,-0.153,0.043,56,0
34.47,76.42,0.058,-0.014,57,0
34.45,76.21,-0.214,-0.021,58,0
34.45,76.28,0.068,-0.003,59,0
34.42,76.26,-0.021,-0.029,60,0
34.42,76.15,-0.105,0.004,61,0
34.41,76.21,0.054,-0.015,62,0
34.43,75.99,-0.212,0.024,63,0
34.42,76.07,0.072,-0.014,64,0
34.41,76.12,0.056,-0.009,65,0
34.38,76.01,-0.111,-0.034,66,0
34.36,75.96,-0.055,-0.019,67,0
34.33,75.76,-0.197,-0.03,68,0
34.29,75.54,-0.216,-0.042,69,0
34.33,75.36,-0.18,0.045,70,0
34.36,75.18,-0.182,0.03,71,0
34.37,75.01,-0.173,0.006,72,0
34.39,74.98,-0.026,0.026,73,0
34.39,74.86,-0.12,-0.007,74,0
34.44,74.88,0.017,0.051,75,0
34.49,74.95,0.072,0.053,76,0
34.54,74.86,-0.088,0.051,77,0
34.55,74.77,-0.095,0.006,78,0
34.52,74.63,-0.139,-0.022,79,0
34.55,74.47,-0.158,0.028,80,0
34.59,74.31,-0.156,0.033,81,0
34.64,74.34,0.025,0.057,82,0
34.67,74.25,-0.084,0.031,83,0
34.68,74.07,-0.181,0.002,84,0
34.69,74.14,0.068,0.019,85,0
34.71,74.15,0.01,0.016,86,0
34.76,73.95,-0.197,0.054,87,0
34.72,73.77,-0.185,-0.041,88,0
34.73,73.66,-0.107,0.007,89,0
34.69,73.67,0.006,-0.035,90,0
34.71,73.5,-0.163,0.021,91,0
34.77,73.36,-0.146,0.058,92,0
34.83,73.29,-0.065,0.053,93,0
34.86,73.24,-0.05,0.037,94,0
34.91,73.31,0.07,0.05,95,0
34.96,73.2,-0.118,0.045,96,0
35.01,72.99,-0.201,0.048,97,0
34.98,72.92,-0.078,-0.031,98,0
34.95,72.7,-0.213,-0.024,99,0
34.97,72.65,-0.053,0.014,100,0
34.97,72.45,-0.202,0.003,101,0
35.01,72.24,-0.212,0.039,102,0
34.97,72.31,0.075,-0.037,103,0
35.01,72.28,-0.034,0.042,104,0
35.05,72.2,-0.081,0.043,105,0
35.02,72.25,0.05,-0.032,106,0
35.03,72.06,-0.182,0.005,107,0
35.08,71.9,-0.163,0.052,108,0
35.11,71.96,0.061,0.032,109,0
35.08,71.9,-0.066,-0.037,110,0
35.05,71.97,0.072,-0.026,111,0
35.07,71.95,-0.014,0.025,112,0
35.09,72.03,0.078,0.018,113,0
35.12,72.06,0.028,0.028,114,0
35.12,72.0,-0.064,-0.001,115,0
35.08,71.99,-0.006,-0.042,116,0
35.05,71.79,-0.204,-0.027,117,0
35.07,71.57,-0.213,0.023,118,0
35.12,71.5,-0.078,0.045,119,0
35.09,71.56,0.062,-0.03,120,0
35.12,71.51,-0.046,0.033,121,0
35.1,71.37,-0.137,-0.024,122,0
35.12,71.33,-0.042,0.022,123,0
35.12,71.21,-0.124,-0.001,124,0
35.1,71.0,-0.21,-0.019,125,0
35.09,70.8,-0.199,-0.009,126,0
35.13,70.77,-0.035,0.036,127,0
35.16,70.73,-0.034,0.03,128,0
35.13,70.79,0.063,-0.031,129,0
35.16,70.68,-0.113,0.037,130,0
35.14,70.47,-0.212,-0.025,131,0
35.19,70.25,-0.217,0.051,132,0
35.15,70.19,-0.063,-0.036,133,0
35.11,70.1,-0.091,-0.042,134,0
35.16,70.06,-0.04,0.052,135,0
35.12,69.98,-0.082,-0.041,136,0
35.15,70.04,0.065,0.031,137,0
35.13,69.86,-0.185,-0.02,138,0
35.13,69.64,-0.214,0.002,139,0
35.13,69.61,-0.034,0.0,140,0
35.14,69.58,-0.026,0.009,141,0
35.13,69.6,0.013,-0.01,142,0
35.13,69.58,-0.016,-0.008,143,0
35.14,69.66,0.076,0.017,144,0
35.11,69.61,-0.049,-0.032,145,0
35.1,69.49,-0.121,-0.012,146,0
35.1,69.51,0.027,0.002,147,0
35.1,69.56,0.049,-0.003,148,0
35.12,69.53,-0.035,0.026,149,0
35.1,69.35,-0.183,-0.024,150,0
35.09,69.25,-0.092,-0.008,151,0
35.06,69.19,-0.059,-0.03,152,0
35.03,69.2,0.009,-0.029,153,0
35.09,69.07,-0.129,0.055,154,0
35.1,68.92,-0.153,0.013,155,0
35.09,68.93,0.008,-0.01,156,0
35.14,68.72,-0.207,0.053,157,0
35.14,68.58,-0.143,-0.002,158,0
35.19,68.39,-0.189,0.046,159,0
35.16,68.25,-0.143,-0.023,160,0
35.21,68.11,-0.132,0.045,161,0
35.26,68.15,0.036,0.048,162,0
35.29,67.96,-0.189,0.036,163,0
35.32,68.02,0.055,0.029,164,0
35.32,68.06,0.045,0.003,165,0
35.33,68.13,0.069,0.002,166,0
35.34,68.18,0.047,0.014,167,0
35.34,68.22,0.042,-0.0,168,0
35.38,68.15,-0.068,0.041,169,0
35.43,68.21,0.06,0.048,170,0
35.44,68.27,0.063,0.011,171,0
35.46,68.19,-0.087,0.02,172,0
35.43,68.25,0.066,-0.034,173,0
35.47,68.15,-0.103,0.039,174,0
35.49,68.06,-0.09,0.022,175,0
35.47,68.13,0.072,-0.013,176,0
35.48,67.94,-0.194,0.003,177,0
35.49,67.79,-0.15,0.016,178,0
35.54,67.73,-0.06,0.047,179,0
35.54,67.57,-0.156,0.005,180,0
35.52,67.37,-0.199,-0.026,181,0
35.56,67.32,-0.049,0.046,182,0
35.6,67.14,-0.188,0.032,183,0
35.62,67.02,-0.114,0.025,184,0
35.59,66.96,-0.065,-0.027,185,0
35.65,67.0,0.047,0.056,186,0
35.65,67.08,0.075,0.002,187,0
35.65,66.86,-0.217,0.002,188,0
35.66,66.73,-0.133,0.006,189,0
35.66,66.68,-0.044,-0.003,190,0
35.66,66.48,-0.201,0.009,191,0
35.66,66.4,-0.087,-0.003,192,0
35.72,66.35,-0.047,0.056,193,0
35.77,66.4,0.049,0.048,194,0
35.73,66.22,-0.179,-0.037,195,0
35.76,66.29,0.07,0.036,196,0
35.79,66.36,0.067,0.025,197,0
35.76,66.42,0.063,-0.026,198,0
35.82,66.48,0.065,0.054,199,0
35.79,66.5,0.012,-0.03,200,0
35.83,66.38,-0.112,0.047,201,0
35.89,66.46,0.076,0.057,202,0
35.87,66.29,-0.175,-0.017,203,0
35.91,66.07,-0.213,0.036,204,0
35.92,65.99,-0.084,0.008,205,0
35.95,65.94,-0.048,0.037,206,0
35.94,65.75,-0.187,-0.019,207,0
35.91,65.74,-0.009,-0.024,208,0
35.91,65.76,0.012,-0.004,209,0
35.92,65.54,-0.219,0.012,210,0
35.88,65.53,-0.004,-0.042,211,0
35.93,65.57,0.041,0.05,212,0
35.91,65.59,0.022,-0.021,213,0
35.87,65.57,-0.025,-0.038,214,0
35.83,65.63,0.065,-0.039,215,0
35.81,65.68,0.049,-0.015,216,0
35.87,65.71,0.025,0.055,217,0
35.87,65.73,0.025,-0.002,218,0
35.84,65.71,-0.025,-0.03,219,0
35.84,65.64,-0.066,0.001,220,0
35.82,65.7,0.06,-0.015,221,0
35.84,65.75,0.046,0.018,222,0
35.89,65.79,0.037,0.044,223,0
35.93,65.81,0.02,0.039,224,0
35.93,65.59,-0.213,0.008,225,0
35.9,65.38,-0.208,-0.038,226,0
35.95,65.31,-0.072,0.052,227,0
35.93,65.12,-0.191,-0.014,228,0
35.98,64.97,-0.149,0.045,229,0
35.94,64.76,-0.212,-0.037,230,0
35.96,64.62,-0.138,0.017,231,0
35.98,64.62,-0.002,0.024,232,0
36.03,64.7,0.076,0.047,233,0
36.03,64.56,-0.136,-0.003,234,0
36.05,64.47,-0.09,0.024,235,0
36.09,64.44,-0.03,0.043,236,0
36.1,64.33,-0.107,0.008,237,0
36.1,64.32,-0.01,0.002,238,0
36.15,64.36,0.041,0.048,239,0
36.18,64.41,0.046,0.029,240,0
36.22,64.43,0.019,0.041,241,0
36.2,64.43,0.001,-0.017,242,0
36.21,64.32,-0.109,0.008,243,0
36.22,64.23,-0.092,0.01,244,0
36.23,64.1,-0.134,0.012,245,0
36.2,64.02,-0.071,-0.035,246,0
36.21,63.85,-0.17,0.008,247,0
36.23,63.9,0.044,0.021,248,0
36.26,63.75,-0.146,0.03,249,0
36.26,63.71,-0.04,0.008,250,0
36.24,63.54,-0.169,-0.021,251,0
36.26,63.4,-0.144,0.015,252,0
36.23,63.2,-0.197,-0.026,253,0
36.21,63.04,-0.16,-0.02,254,0
36.25,63.08,0.04,0.041,255,0
36.3,63.02,-0.064,0.042,256,0
36.27,63.07,0.054,-0.03,257,0
36.23,63.02,-0.052,-0.04,258,0
36.27,62.94,-0.083,0.04,259,0
36.32,62.78,-0.158,0.055,260,0
36.28,62.76,-0.023,-0.041,261,0
36.33,62.75,-0.006,0.053,262,0
36.37,62.61,-0.144,0.036,263,0
36.42,62.51,-0.095,0.05,264,0
36.41,62.44,-0.076,-0.006,265,0
36.4,62.46,0.027,-0.016,266,0
36.4,62.46,-0.001,0.004,267,0
36.4,62.45,-0.012,-0.003,268,0
36.4,62.32,-0.132,-0.0,269,0
36.38,62.27,-0.044,-0.019,270,0
36.35,62.08,-0.196,-0.032,271,0
36.38,62.06,-0.015,0.032,272,0
36.4,61.95,-0.11,0.023,273,0
36.44,61.88,-0.074,0.037,274,0
36.44,61.86,-0.021,0.003,275,0
36.49,61.88,0.023,0.051,276,0
36.52,61.9,0.024,0.03,277,0
36.56,61.8,-0.106,0.044,278,0
36.56,61.72,-0.077,-0.003,279,0
36.53,61.67,-0.053,-0.03,280,0
36.56,61.6,-0.071,0.032,281,0
36.59,61.48,-0.119,0.022,282,0
36.57,61.43,-0.045,-0.011,283,0
36.63,61.48,0.043,0.05,284,0
36.62,61.28,-0.2,-0.006,285,0
36.64,61.14,-0.135,0.02,286,0
36.65,61.08,-0.065,0.011,287,0
36.66,61.03,-0.043,0.008,288,0
36.66,61.11,0.078,0.005,289,0
36.65,60.98,-0.131,-0.015,290,0
36.65,60.81,-0.171,0.001,291,0
36.66,60.79,-0.015,0.013,292,0
36.66,60.78,-0.013,-0.001,293,0
36.68,60.74,-0.039,0.017,294,0
36.72,60.68,-0.06,0.036,295,0
36.73,60.53,-0.152,0.01,296,0
36.71,60.54,0.014,-0.015,297,0
36.75,60.34,-0.203,0.038,298,0
36.75,60.16,-0.179,-0.001,299,0
36.73,60.23,0.067,-0.022,300,0
36.7,60.02,-0.21,-0.026,301,0
36.68,60.06,0.039,-0.016,302,0
36.65,59.85,-0.204,-0.033,303,0
36.71,59.84,-0.012,0.058,304,0
36.69,59.87,0.025,-0.018,305,0
36.74,59.89,0.025,0.048,306,0
36.71,59.7,-0.189,-0.031,307,0
36.69,59.74,0.039,-0.016,308,0
36.68,59.53,-0.215,-0.007,309,0
36.67,59.46,-0.071,-0.01,310,0
36.66,59.39,-0.064,-0.01,311,0
36.65,59.21,-0.181,-0.013,312,0
36.65,59.04,-0.175,-0.003,313,0
36.63,58.92,-0.118,-0.015,314,0
36.64,58.82,-0.098,0.004,315,0
36.64,58.68,-0.145,0.003,316,0
36.62,58.74,0.065,-0.021,317,0
36.62,58.54,-0.199,0.003,318,0
36.63,58.49,-0.05,0.012,319,0
36.64,58.47,-0.026,0.003,320,0
36.66,58.52,0.056,0.024,321,0
36.72,58.4,-0.123,0.055,322,0
36.77,58.46,0.065,0.049,323,0
36.81,58.37,-0.092,0.046,324,0
36.79,58.35,-0.024,-0.022,325,0
36.82,58.38,0.031,0.029,326,0
36.85,58.33,-0.049,0.029,327,0
36.85,58.33,0.002,0.002,328,0
36.85,58.19,-0.146,0.004,329,0
36.83,58.13,-0.061,-0.028,330,0
36.82,58.19,0.062,-0.003,331,0
36.79,57.98,-0.207,-0.03,332,0
36.81,57.94,-0.037,0.016,333,0
36.85,57.76,-0.188,0.04,334,0
36.82,57.76,-0.001,-0.029,335,0
36.87,57.79,0.037,0.051,336,0
36.87,57.66,-0.129,0.005,337,0
36.85,57.65,-0.01,-0.025,338,0
36.89,57.49,-0.162,0.038,339,0
36.9,57.48,-0.016,0.012,340,0
36.91,57.3,-0.18,0.01,341,0
36.88,57.18,-0.113,-0.03,342,0
36.88,57.25,0.069,0.004,343,0
36.9,57.16,-0.091,0.014,344,0
36.94,57.19,0.03,0.046,345,0
36.98,56.98,-0.207,0.039,346,0
37.01,56.76,-0.22,0.023,347,0
37.05,56.82,0.058,0.043,348,0
37.07,56.84,0.023,0.019,349,0
37.1,56.64,-0.204,0.036,350,0
37.15,56.61,-0.035,0.043,351,0
37.19,56.61,0.001,0.044,352,0
37.17,56.64,0.03,-0.023,353,0
37.17,56.7,0.065,0.003,354,0
37.14,56.51,-0.191,-0.029,355,0
37.18,56.52,0.012,0.038,356,0
37.19,56.49,-0.03,0.015,357,0
37.24,56.46,-0.031,0.048,358,0
37.24,56.46,-0.002,-0.004,359,0
37.28,56.49,0.027,0.039,360,0
37.28,56.48,-0.004,-0.0,361,0
37.24,56.32,-0.166,-0.039,362,0
37.24,56.21,-0.104,0.0,363,0
37.28,56.06,-0.156,0.037,364,0
37.33,56.02,-0.041,0.056,365,0
37.34,55.9,-0.115,0.01,366,0
37.37,55.77,-0.135,0.031,367,0
37.36,55.66,-0.106,-0.01,368,0
37.33,55.64,-0.019,-0.033,369,0
37.31,55.5,-0.138,-0.019,370,0
37.3,55.47,-0.028,-0.011,371,0
37.32,55.54,0.062,0.017,372,0
37.3,55.47,-0.063,-0.014,373,0
37.35,55.45,-0.019,0.047,374,0
37.4,55.25,-0.203,0.046,375,0
37.38,55.19,-0.062,-0.023,376,0
37.34,55.25,0.063,-0.037,377,0
37.3,55.11,-0.137,-0.041,378,0
37.32,55.18,0.065,0.018,379,0
37.3,55.18,0.0,-0.017,380,0
37.26,55.01,-0.166,-0.037,381,0
37.31,54.97,-0.046,0.052,382,0
37.35,54.92,-0.052,0.037,383,0
37.33,54.7,-0.214,-0.016,384,0
37.38,54.48,-0.22,0.051,385,0
37.34,54.32,-0.161,-0.04,386,0
37.35,54.29,-0.035,0.005,387,0
37.36,54.09,-0.192,0.014,388,0
37.35,53.94,-0.15,-0.009,389,0
37.41,53.93,-0.014,0.052,390,0
37.45,53.75,-0.182,0.045,391,0
37.47,53.67,-0.079,0.022,392,0
37.47,53.59,-0.074,-0.007,393,0
37.46,53.45,-0.144,-0.002,394,0
37.47,53.36,-0.09,0.002,395,0
37.45,53.28,-0.078,-0.02,396,0
37.46,53.16,-0.125,0.014,397,0
37.46,52.97,-0.189,0.005,398,0
37.51,52.78,-0.192,0.049,399,0
37.48,52.68,-0.099,-0.032,400,0
37.46,52.72,0.046,-0.017,401,0
37.5,52.57,-0.156,0.035,402,0
37.47,52.57,0.002,-0.029,403,0
37.47,52.43,-0.141,0.004,404,0
37.45,52.22,-0.206,-0.028,405,0
37.41,52.02,-0.2,-0.036,406,0
37.39,51.99,-0.029,-0.021,407,0
37.43,51.85,-0.145,0.043,408,0
37.45,51.82,-0.03,0.015,409,0
37.45,51.73,-0.09,0.005,410,0
37.46,51.76,0.035,0.012,411,0
37.51,51.73,-0.037,0.046,412,0
37.56,51.66,-0.07,0.047,413,0
37.56,51.68,0.023,0.005,414,0
37.61,51.52,-0.157,0.046,415,0
37.65,51.47,-0.052,0.041,416,0
37.67,51.43,-0.04,0.018,417,0
37.67,51.22,-0.208,0.003,418,0
37.69,51.03,-0.188,0.018,419,0
37.69,50.86,-0.177,0.002,420,0
37.7,50.82,-0.041,0.015,421,0
37.69,50.83,0.015,-0.011,422,0
37.66,50.81,-0.021,-0.033,423,0
37.64,50.68,-0.135,-0.024,424,0
37.6,50.69,0.016,-0.033,425,0
37.58,50.75,0.061,-0.023,426,0
37.62,50.58,-0.168,0.041,427,0
37.66,50.57,-0.009,0.043,428,0
37.65,50.57,-0.005,-0.01,429,0
37.61,50.38,-0.195,-0.042,430,0
37.6,50.24,-0.138,-0.017,431,0
37.64,50.13,-0.103,0.045,432,0
37.63,50.03,-0.103,-0.013,433,0
37.6,49.87,-0.158,-0.026,434,0
37.64,49.88,0.012,0.039,435,0
37.61,49.79,-0.096,-0.033,436,0
37.63,49.61,-0.177,0.027,437,0
37.66,49.69,0.073,0.029,438,0
37.67,49.65,-0.032,0.004,439,0
37.72,49.48,-0.176,0.05,440,0
37.71,49.54,0.066,-0.002,441,0
37.7,49.47,-0.071,-0.01,442,0
37.67,49.39,-0.083,-0.037,443,0
37.71,49.36,-0.033,0.048,444,0
37.76,49.41,0.055,0.05,445,0
37.77,49.29,-0.125,0.006,446,0
37.82,49.08,-0.204,0.049,447,0
37.85,48.92,-0.165,0.033,448,0
37.81,48.76,-0.156,-0.041,449,0
37.86,48.72,-0.045,0.048,450,0
37.84,48.7,-0.021,-0.021,451,0
37.83,48.77,0.071,-0.008,452,0
37.83,48.77,-0.002,0.0,453,0
37.88,48.83,0.066,0.051,454,0
37.87,48.88,0.044,-0.014,455,0
37.87,48.77,-0.11,-0.001,456,0
37.88,48.69,-0.077,0.013,457,0
37.88,48.56,-0.128,0.004,458,0
37.87,48.35,-0.213,-0.013,459,0
37.89,48.37,0.02,0.022,460,0
37.92,48.21,-0.155,0.029,461,0
37.92,48.24,0.025,-0.007,462,0
37.95,48.25,0.016,0.034,463,0
37.99,48.15,-0.097,0.044,464,0
38.03,48.02,-0.136,0.04,465,0
38.02,47.82,-0.202,-0.012,466,0
38.0,47.72,-0.098,-0.022,467,0
37.99,47.53,-0.185,-0.011,468,0
38.04,47.37,-0.16,0.055,469,0
38.08,47.38,0.006,0.04,470,0
38.05,47.31,-0.067,-0.031,471,0
38.11,47.31,-0.002,0.057,472,0
38.13,47.21,-0.102,0.025,473,0
38.17,47.1,-0.113,0.04,474,0
38.19,46.98,-0.113,0.016,475,0
38.19,46.86,-0.123,-0.001,476,0
38.24,46.65,-0.209,0.051,477,0
38.29,46.71,0.055,0.05,478,0
38.27,46.55,-0.153,-0.02,479,0
38.24,46.56,0.002,-0.027,480,0
38.24,46.5,-0.05,-0.003,481,0
38.22,46.37,-0.14,-0.017,482,0
38.18,46.19,-0.179,-0.041,483,0
38.24,46.01,-0.173,0.055,484,0
38.2,45.83,-0.183,-0.033,485,0
38.2,45.69,-0.141,-0.007,486,0
38.22,45.74,0.054,0.021,487,0
38.2,45.77,0.031,-0.022,488,0
38.18,45.74,-0.029,-0.019,489,0
38.14,45.64,-0.102,-0.038,490,0
38.11,45.44,-0.2,-0.028,491,0
38.09,45.35,-0.092,-0.021,492,0
38.13,45.18,-0.166,0.042,493,0
38.1,44.98,-0.207,-0.034,494,0
38.07,44.99,0.016,-0.027,495,0
38.04,44.95,-0.044,-0.028,496,0
38.08,44.73,-0.216,0.036,497,0
38.11,44.62,-0.113,0.034,498,0
38.17,44.49,-0.128,0.056,499,0
38.14,44.33,-0.164,-0.027,500,0
38.14,44.29,-0.039,-0.005,501,0
38.19,44.09,-0.195,0.057,502,0
38.24,44.07,-0.021,0.051,503,0
38.29,44.02,-0.051,0.048,504,0
38.25,43.97,-0.054,-0.04,505,0
38.28,43.99,0.02,0.026,506,0
38.32,43.97,-0.021,0.039,507,0
38.28,43.81,-0.162,-0.037,508,0
38.29,43.75,-0.057,0.012,509,0
38.35,43.59,-0.157,0.058,510,0
38.36,43.46,-0.133,0.008,511,0
38.38,43.37,-0.084,0.02,512,0
38.43,43.17,-0.206,0.056,513,0
38.42,43.1,-0.069,-0.011,514,0
38.48,43.0,-0.101,0.056,515,0
38.47,42.89,-0.108,-0.011,516,0
38.47,42.84,-0.053,0.001,517,0
38.43,42.82,-0.016,-0.042,518,0
38.45,42.89,0.069,0.021,519,0
38.45,42.73,-0.158,-0.001,520,0
38.47,42.56,-0.174,0.026,521,0
38.5,42.44,-0.114,0.031,522,0
38.49,42.38,-0.062,-0.009,523,0
38.53,42.21,-0.167,0.037,524,0
38.55,42.12,-0.093,0.015,525,0
38.54,42.14,0.017,-0.004,526,0
38.58,42.09,-0.051,0.043,527,0
38.63,41.93,-0.158,0.049,528,0
38.64,41.75,-0.178,0.003,529,0
38.64,41.77,0.023,0.007,530,0
38.63,41.74,-0.032,-0.012,531,0
38.63,41.77,0.027,-0.001,532,0
38.66,41.71,-0.059,0.03,533,0
38.66,41.7,-0.008,0.005,534,0
38.69,41.5,-0.205,0.026,535,0
38.67,41.42,-0.081,-0.023,536,0
38.65,41.4,-0.02,-0.018,537,0
38.69,41.37,-0.03,0.045,538,0
38.69,41.44,0.072,-0.001,539,0
38.69,41.25,-0.19,-0.007,540,0
38.67,41.31,0.06,-0.012,541,0
38.67,41.31,-0.003,-0.004,542,0
38.73,41.25,-0.057,0.056,543,0
38.72,41.29,0.04,-0.003,544,0
38.74,41.22,-0.071,0.013,545,0
38.77,41.23,0.006,0.032,546,0
38.82,41.21,-0.013,0.053,547,0
38.84,41.28,0.062,0.019,548,0
38.9,41.1,-0.17,0.055,549,0
38.95,41.06,-0.04,0.056,550,0
38.99,41.11,0.046,0.033,551,0
39.02,41.09,-0.017,0.037,552,0
39.07,41.07,-0.026,0.049,553,0
39.08,40.95,-0.113,0.01,554,0
39.11,40.86,-0.093,0.029,555,0
39.08,40.77,-0.096,-0.033,556,0
39.06,40.74,-0.021,-0.015,557,0
39.12,40.78,0.034,0.055,558,0
39.14,40.63,-0.153,0.023,559,0
39.15,40.66,0.039,0.012,560,0
39.12,40.61,-0.058,-0.03,561,0
39.1,40.56,-0.047,-0.023,562,0
39.12,40.48,-0.08,0.016,563,0
39.14,40.5,0.02,0.022,564,0
39.12,40.52,0.016,-0.022,565,0
39.14,40.58,0.068,0.018,566,0
39.16,40.6,0.014,0.021,567,0
39.2,40.56,-0.038,0.039,568,0
39.22,40.37,-0.194,0.025,569,0
39.27,40.19,-0.174,0.051,570,0
39.27,39.98,-0.213,-0.004,571,0
39.3,39.79,-0.192,0.034,572,0
39.26,39.62,-0.167,-0.042,573,0
39.28,39.44,-0.175,0.016,574,0
39.26,39.33,-0.112,-0.021,575,0
39.24,39.39,0.057,-0.018,576,0
39.26,39.42,0.027,0.022,577,0
39.29,39.4,-0.015,0.026,578,0
39.24,39.27,-0.134,-0.042,579,0
39.21,39.21,-0.055,-0.034,580,0
39.19,39.14,-0.076,-0.024,581,0
39.2,38.95,-0.185,0.017,582,0
39.18,38.86,-0.093,-0.023,583,0
39.16,38.89,0.029,-0.024,584,0
39.12,38.77,-0.117,-0.04,585,0
39.1,38.8,0.033,-0.018,586,0
39.1,38.78,-0.022,0.003,587,0
39.1,38.75,-0.03,-0.002,588,0
39.13,38.7,-0.049,0.027,589,0
39.08,38.48,-0.219,-0.042,590,0
39.1,38.29,-0.19,0.016,591,0
39.13,38.37,0.078,0.033,592,0
39.13,38.44,0.064,-0.005,593,0
39.18,38.32,-0.118,0.054,594,0
39.22,38.16,-0.157,0.034,595,0
39.26,38.22,0.061,0.043,596,0
39.24,38.16,-0.062,-0.016,597,0
39.29,38.0,-0.156,0.044,598,0
39.29,38.06,0.052,0.006,599,0
32.23,78.71,-0.163,-0.004,0,0
32.27,78.7,-0.009,0.04,1,0
32.27,78.71,0.01,-0.005,2,0
32.23,78.55,-0.157,-0.036,3,0
32.27,78.65,0.093,0.04,4,0
32.23,78.7,0.056,-0.045,5,0
32.24,78.69,-0.01,0.016,6,0
32.24,78.72,0.023,0.002,7,0
32.25,78.78,0.061,0.004,8,0
32.23,78.8,0.021,-0.022,9,0
32.24,78.81,0.017,0.014,10,0
32.21,78.67,-0.143,-0.03,11,0
32.23,78.51,-0.163,0.016,12,0
32.22,78.32,-0.193,-0.013,13,0
32.24,78.3,-0.017,0.021,14,0
32.26,78.15,-0.144,0.02,15,0
32.22,78.12,-0.033,-0.036,16,0
32.2,78.14,0.024,-0.015,17,0
32.19,78.16,0.016,-0.012,18,0
32.21,78.07,-0.089,0.015,19,0
32.17,77.89,-0.184,-0.034,20,0
32.13,77.76,-0.131,-0.04,21,0
32.12,77.7,-0.057,-0.016,22,0
32.12,77.59,-0.11,0.003,23,0
32.09,77.66,0.075,-0.029,24,0
32.09,77.73,0.07,-0.001,25,0
32.12,77.55,-0.189,0.025,26,0
32.11,77.37,-0.172,-0.006,27,0
32.14,77.21,-0.164,0.03,28,0
32.14,77.31,0.099,-0.003,29,0
32.14,77.36,0.052,0.004,30,0
32.19,77.38,0.024,0.045,31,0
32.17,77.19,-0.195,-0.018,32,0
32.17,77.09,-0.097,0.001,33,0
32.19,77.16,0.065,0.025,34,0
32.17,77.09,-0.067,-0.027,35,0
32.13,76.9,-0.192,-0.033,36,0
32.11,76.89,-0.013,-0.02,37,0
32.14,76.83,-0.052,0.031,38,0
32.12,76.92,0.086,-0.029,39,0
32.09,76.98,0.06,-0.022,40,0
32.08,76.98,0.005,-0.014,41,0
32.09,76.85,-0.138,0.011,42,0
32.05,76.73,-0.113,-0.043,43,0
32.0,76.74,0.002,-0.047,44,0
31.98,76.64,-0.1,-0.018,45,0
31.98,76.6,-0.039,0.0,46,0
31.96,76.45,-0.148,-0.021,47,0
31.96,76.53,0.082,-0.005,48,0
31.96,76.4,-0.127,-0.0,49,0
31.95,76.28,-0.122,-0.005,50,0
31.97,76.23,-0.049,0.023,51,0
32.0,76.2,-0.029,0.022,52,0
32.01,76.3,0.102,0.015,53,0
32.03,76.23,-0.079,0.016,54,0
32.01,76.28,0.052,-0.016,55,0
31.99,76.23,-0.044,-0.018,56,0
31.94,76.25,0.018,-0.049,57,0
31.91,76.2,-0.048,-0.034,58,0
31.92,76.06,-0.147,0.014,59,0
31.9,76.15,0.097,-0.026,60,0
31.9,76.17,0.02,0.005,61,0
31.86,76.15,-0.028,-0.038,62,0
31.9,76.16,0.01,0.041,63,0
31.89,76.0,-0.158,-0.014,64,0
31.86,75.83,-0.17,-0.034,65,0
31.83,75.88,0.051,-0.025,66,0
31.8,75.81,-0.069,-0.031,67,0
31.75,75.73,-0.082,-0.047,68,0
31.76,75.8,0.069,0.01,69,0
31.73,75.71,-0.088,-0.032,70,0
31.71,75.52,-0.185,-0.019,71,0
31.71,75.35,-0.177,-0.003,72,0
31.69,75.36,0.017,-0.023,73,0
31.72,75.45,0.088,0.03,74,0
31.71,75.47,0.019,-0.004,75,0
31.69,75.47,0.003,-0.023,76,0
31.72,75.38,-0.092,0.031,77,0
31.71,75.32,-0.065,-0.007,78,0
31.7,75.27,-0.044,-0.01,79,0
31.72,75.14,-0.139,0.016,80,0
31.77,74.99,-0.148,0.045,81,0
31.8,75.03,0.041,0.033,82,0
31.81,74.97,-0.063,0.016,83,0
31.83,74.78,-0.19,0.013,84,0
31.78,74.74,-0.034,-0.042,85,0
31.83,74.62,-0.123,0.048,86,0
31.84,74.58,-0.041,0.008,87,0
31.8,74.65,0.077,-0.04,88,0
31.83,74.68,0.029,0.034,89,0
31.82,74.73,0.049,-0.017,90,0
31.85,74.66,-0.075,0.029,91,0
31.84,74.58,-0.076,-0.006,92,0
31.85,74.66,0.074,0.008,93,0
31.83,74.56,-0.096,-0.023,94,0
31.78,74.48,-0.077,-0.047,95,0
31.79,74.43,-0.052,0.007,96,0
31.78,74.47,0.04,-0.005,97,0
31.74,74.37,-0.105,-0.043,98,0
31.77,74.44,0.073,0.037,99,0
31.8,74.38,-0.057,0.03,100,0
31.77,74.22,-0.158,-0.035,101,0
31.72,74.09,-0.135,-0.05,102,0
31.7,74.1,0.014,-0.015,103,0
31.7,73.97,-0.128,-0.005,104,0
31.69,74.04,0.065,-0.006,105,0
31.68,74.04,0.0,-0.018,106,0
31.64,73.9,-0.14,-0.035,107,0
31.63,73.89,-0.012,-0.015,108,0
31.64,73.87,-0.021,0.019,109,0
31.65,73.83,-0.037,0.002,110,0
31.68,73.8,-0.03,0.028,111,0
31.68,73.71,-0.089,0.0,112,0
31.67,73.56,-0.145,-0.004,113,0
31.68,73.42,-0.146,0.011,114,0
31.65,73.51,0.088,-0.029,115,0
31.67,73.53,0.02,0.02,116,0
31.69,73.6,0.07,0.013,117,0
31.73,73.45,-0.148,0.04,118,0
31.76,73.26,-0.188,0.031,119,0
31.76,73.14,-0.124,0.0,120,0
31.73,73.14,0.003,-0.031,121,0
31.73,73.12,-0.015,0.003,122,0
31.71,73.16,0.033,-0.022,123,0
31.67,73.05,-0.111,-0.037,124,0
31.68,72.98,-0.061,0.008,125,0
31.7,72.86,-0.127,0.022,126,0
31.72,72.78,-0.079,0.018,127,0
31.69,72.62,-0.158,-0.026,128,0
31.72,72.45,-0.174,0.023,129,0
31.71,72.37,-0.072,-0.005,130,0
31.76,72.23,-0.147,0.047,131,0
31.74,72.17,-0.055,-0.017,132,0
31.71,72.27,0.097,-0.028,133,0
31.69,72.14,-0.127,-0.019,134,0
31.68,71.95,-0.196,-0.011,135,0
31.72,71.8,-0.15,0.035,136,0
31.69,71.72,-0.074,-0.031,137,0
31.64,71.61,-0.116,-0.044,138,0
31.68,71.49,-0.119,0.038,139,0
31.67,71.32,-0.17,-0.01,140,0
31.71,71.18,-0.138,0.038,141,0
31.68,71.28,0.098,-0.032,142,0
31.65,71.34,0.065,-0.029,143,0
31.68,71.2,-0.146,0.037,144,0
31.65,71.17,-0.03,-0.032,145,0
31.64,71.04,-0.132,-0.014,146,0
31.62,70.85,-0.187,-0.023,147,0
31.65,70.76,-0.088,0.03,148,0
31.69,70.6,-0.162,0.041,149,0
31.67,70.6,-0.001,-0.019,150,0
31.65,70.48,-0.116,-0.021,151,0
31.6,70.33,-0.153,-0.042,152,0
31.58,70.27,-0.057,-0.024,153,0
31.56,70.25,-0.024,-0.021,154,0
31.56,70.22,-0.027,-0.002,155,0
31.58,70.11,-0.11,0.026,156,0
31.59,69.94,-0.173,0.005,157,0
31.56,69.96,0.018,-0.032,158,0
31.54,69.95,-0.009,-0.02,159,0
31.5,69.82,-0.126,-0.039,160,0
31.46,69.73,-0.087,-0.034,161,0
31.51,69.57,-0.164,0.048,162,0
31.54,69.5,-0.075,0.025,163,0
31.5,69.49,-0.005,-0.033,164,0
31.49,69.37,-0.122,-0.011,165,0
31.5,69.23,-0.144,0.009,166,0
31.5,69.18,-0.047,-0.006,167,0
31.52,69.06,-0.121,0.023,168,0
31.53,68.96,-0.1,0.015,169,0
31.54,68.95,-0.011,0.003,170,0
31.56,68.9,-0.048,0.026,171,0
31.52,68.87,-0.026,-0.038,172,0
31.47,68.75,-0.125,-0.05,173,0
31.5,68.69,-0.058,0.031,174,0
31.55,68.57,-0.119,0.048,175,0
31.58,68.57,-0.002,0.03,176,0
31.56,68.44,-0.131,-0.022,177,0
31.53,68.51,0.068,-0.032,178,0
31.5,68.52,0.009,-0.027,179,0
31.5,68.42,-0.095,-0.004,180,0
31.46,68.49,0.07,-0.033,181,0
31.43,68.39,-0.1,-0.03,182,0
31.46,68.22,-0.174,0.022,183,0
31.43,68.05,-0.17,-0.025,184,0
31.47,68.14,0.097,0.04,185,0
31.47,68.02,-0.125,-0.002,186,0
31.5,68.01,-0.005,0.032,187,0
31.47,67.93,-0.082,-0.033,188,0
31.42,67.8,-0.135,-0.045,189,0
31.38,67.84,0.048,-0.043,190,0
31.37,67.73,-0.116,-0.009,191,0
31.39,67.66,-0.069,0.023,192,0
31.36,67.64,-0.02,-0.039,193,0
31.39,67.45,-0.189,0.031,194,0
31.38,67.43,-0.019,-0.009,195,0
31.42,67.46,0.028,0.041,196,0
31.46,67.44,-0.015,0.038,197,0
31.49,67.29,-0.153,0.036,198,0
31.53,67.11,-0.178,0.041,199,0
31.55,67.09,-0.018,0.02,200,0
31.54,66.91,-0.186,-0.016,201,0
31.57,66.84,-0.07,0.035,202,0
31.53,66.72,-0.117,-0.042,203,0
31.49,66.7,-0.023,-0.04,204,0
31.47,66.77,0.073,-0.018,205,0
31.52,66.62,-0.155,0.049,206,0
31.48,66.44,-0.173,-0.046,207,0
31.5,66.52,0.076,0.026,208,0
31.55,66.38,-0.141,0.048,209,0
31.59,66.23,-0.148,0.043,210,0
31.58,66.22,-0.011,-0.009,211,0
31.62,66.32,0.101,0.036,212,0
31.63,66.41,0.091,0.014,213,0
31.6,66.25,-0.163,-0.033,214,0
31.64,66.22,-0.031,0.039,215,0
31.66,66.1,-0.118,0.02,216,0
31.62,66.07,-0.033,-0.036,217,0
31.62,65.88,-0.186,-0.004,218,0
31.61,65.8,-0.079,-0.012,219,0
31.62,65.79,-0.016,0.014,220,0
31.62,65.88,0.092,0.0,221,0
31.57,65.76,-0.119,-0.047,222,0
31.53,65.58,-0.179,-0.043,223,0
31.56,65.41,-0.172,0.034,224,0
31.55,65.26,-0.156,-0.011,225,0
31.53,65.25,-0.005,-0.028,226,0
31.5,65.2,-0.051,-0.025,227,0
31.54,65.26,0.056,0.042,228,0
31.59,65.08,-0.177,0.048,229,0
31.56,65.06,-0.023,-0.033,230,0
31.59,65.07,0.014,0.034,231,0
31.61,65.1,0.025,0.021,232,0
31.61,65.08,-0.017,-0.004,233,0
31.6,64.98,-0.1,-0.003,234,0
31.64,64.91,-0.066,0.039,235,0
31.66,64.98,0.072,0.02,236,0
31.63,64.97,-0.014,-0.033,237,0
31.61,64.84,-0.128,-0.016,238,0
31.62,64.79,-0.047,0.007,239,0
31.63,64.8,0.001,0.01,240,0
31.66,64.76,-0.037,0.033,241,0
31.66,64.68,-0.08,-0.007,242,0
31.68,64.62,-0.056,0.022,243,0
31.67,64.46,-0.167,-0.013,244,0
31.64,64.32,-0.132,-0.023,245,0
31.6,64.33,0.005,-0.04,246,0
31.58,64.13,-0.196,-0.022,247,0
31.59,64.19,0.057,0.007,248,0
31.57,64.29,0.095,-0.016,249,0
31.6,64.33,0.045,0.024,250,0
31.6,64.4,0.065,0.003,251,0
31.61,64.43,0.033,0.013,252,0
31.66,64.42,-0.011,0.046,253,0
31.61,64.35,-0.069,-0.049,254,0
31.58,64.34,-0.012,-0.029,255,0
31.58,64.23,-0.105,-0.003,256,0
31.53,64.31,0.078,-0.048,257,0
31.56,64.26,-0.051,0.034,258,0
31.52,64.3,0.042,-0.041,259,0
31.5,64.13,-0.17,-0.021,260,0
31.52,64.05,-0.08,0.016,261,0
31.55,63.97,-0.083,0.034,262,0
31.51,63.86,-0.111,-0.04,263,0
31.54,63.66,-0.19,0.028,264,0
31.52,63.72,0.059,-0.016,265,0
31.52,63.62,-0.109,0.0,266,0
31.53,63.71,0.098,0.011,267,0
31.52,63.59,-0.127,-0.01,268,0
31.49,63.46,-0.125,-0.034,269,0
31.46,63.35,-0.114,-0.026,270,0
31.49,63.38,0.035,0.026,271,0
31.47,63.47,0.086,-0.017,272,0
31.5,63.52,0.05,0.022,273,0
31.51,63.45,-0.072,0.018,274,0
31.54,63.36,-0.088,0.027,275,0
31.51,63.3,-0.059,-0.028,276,0
31.49,63.36,0.066,-0.025,277,0
31.52,63.41,0.047,0.03,278,0
31.56,63.32,-0.091,0.042,279,0
31.52,63.17,-0.151,-0.043,280,0
31.5,63.02,-0.146,-0.017,281,0
31.51,63.07,0.048,0.005,282,0
31.5,62.96,-0.11,-0.004,283,0
31.52,62.94,-0.019,0.014,284,0
31.51,62.77,-0.172,-0.001,285,0
31.48,62.67,-0.1,-0.033,286,0
31.48,62.52,-0.15,-0.002,287,0
31.52,62.55,0.028,0.041,288,0
31.53,62.54,-0.011,0.006,289,0
31.57,62.57,0.031,0.049,290,0
31.54,62.47,-0.099,-0.034,291,0
31.53,62.51,0.039,-0.01,292,0
31.57,62.39,-0.121,0.037,293,0
31.57,62.48,0.088,0.006,294,0
31.53,62.29,-0.181,-0.044,295,0
31.53,62.17,-0.13,0.002,296,0
31.52,62.05,-0.116,-0.006,297,0
31.5,61.87,-0.179,-0.024,298,0
31.51,61.7,-0.17,0.007,299,0
31.47,61.53,-0.172,-0.037,300,0
31.48,61.37,-0.154,0.006,301,0
31.52,61.27,-0.101,0.039,302,0
31.53,61.14,-0.131,0.019,303,0
31.56,61.05,-0.095,0.021,304,0
31.6,60.91,-0.137,0.044,305,0
31.59,60.97,0.064,-0.013,306,0
31.55,60.85,-0.123,-0.034,307,0
31.51,60.74,-0.112,-0.043,308,0
31.5,60.58,-0.158,-0.007,309,0
31.48,60.43,-0.147,-0.023,310,0
31.44,60.39,-0.044,-0.036,311,0
31.42,60.31,-0.078,-0.026,312,0
31.41,60.19,-0.118,-0.009,313,0
31.42,60.02,-0.176,0.01,314,0
31.39,59.98,-0.039,-0.031,315,0
31.36,59.83,-0.154,-0.032,316,0
31.34,59.74,-0.082,-0.015,317,0
31.37,59.73,-0.016,0.033,318,0
31.39,59.73,0.001,0.019,319,0
31.35,59.54,-0.185,-0.04,320,0
31.31,59.63,0.089,-0.044,321,0
31.35,59.46,-0.172,0.038,322,0
31.4,59.38,-0.082,0.049,323,0
31.43,59.24,-0.136,0.033,324,0
31.4,59.29,0.044,-0.027,325,0
31.39,59.24,-0.046,-0.013,326,0
31.39,59.13,-0.113,0.003,327,0
31.38,59.02,-0.107,-0.008,328,0
31.38,59.07,0.044,-0.007,329,0
31.39,59.07,0.002,0.018,330,0
31.44,59.06,-0.008,0.042,331,0
31.43,58.89,-0.171,-0.003,332,0
31.39,58.86,-0.031,-0.045,333,0
31.43,58.71,-0.15,0.041,334,0
31.4,58.52,-0.188,-0.026,335,0
31.42,58.45,-0.072,0.022,336,0
31.42,58.47,0.02,-0.009,337,0
31.44,58.55,0.085,0.028,338,0
31.48,58.49,-0.061,0.035,339,0
31.52,58.4,-0.094,0.045,340,0
31.51,58.31,-0.084,-0.014,341,0
31.52,58.21,-0.107,0.012,342,0
31.5,58.03,-0.18,-0.025,343,0
31.46,58.12,0.092,-0.039,344,0
31.49,58.02,-0.098,0.036,345,0
31.48,57.9,-0.122,-0.014,346,0
31.44,57.92,0.025,-0.039,347,0
31.4,58.0,0.073,-0.036,348,0
31.41,57.99,-0.01,0.007,349,0
31.38,57.9,-0.086,-0.027,350,0
31.4,57.72,-0.182,0.012,351,0
31.36,57.75,0.028,-0.031,352,0
31.38,57.62,-0.122,0.015,353,0
31.35,57.69,0.067,-0.03,354,0
31.4,57.7,0.007,0.048,355,0
31.41,57.59,-0.104,0.015,356,0
31.44,57.49,-0.103,0.025,357,0
31.39,57.3,-0.189,-0.048,358,0
31.34,57.22,-0.084,-0.048,359,0
31.37,57.06,-0.155,0.029,360,0
31.37,56.87,-0.193,-0.006,361,0
31.35,56.89,0.018,-0.018,362,0
31.37,56.99,0.103,0.024,363,0
31.4,56.88,-0.108,0.031,364,0
31.37,56.83,-0.054,-0.034,365,0
31.41,56.91,0.083,0.04,366,0
31.39,56.84,-0.071,-0.022,367,0
31.41,56.94,0.098,0.023,368,0
31.37,56.82,-0.121,-0.037,369,0
31.41,56.83,0.012,0.033,370,0
31.38,56.81,-0.023,-0.025,371,0
31.36,56.66,-0.145,-0.022,372,0
31.34,56.6,-0.066,-0.017,373,0
31.31,56.54,-0.054,-0.033,374,0
31.26,56.4,-0.147,-0.047,375,0
31.29,56.27,-0.128,0.03,376,0
31.29,56.36,0.09,0.001,377,0
31.29,56.22,-0.135,-0.004,378,0
31.28,56.06,-0.164,-0.013,379,0
31.25,55.92,-0.143,-0.024,380,0
31.26,56.02,0.099,0.006,381,0
31.27,56.09,0.071,0.009,382,0
31.29,56.16,0.07,0.022,383,0
31.27,56.25,0.089,-0.02,384,0
31.31,56.23,-0.016,0.045,385,0
31.34,56.15,-0.082,0.022,386,0
31.29,56.14,-0.01,-0.043,387,0
31.3,56.15,0.015,0.008,388,0
31.33,56.05,-0.103,0.032,389,0
31.31,56.05,-0.0,-0.021,390,0
31.29,55.94,-0.108,-0.025,391,0
31.26,55.84,-0.101,-0.026,392,0
31.21,55.82,-0.022,-0.047,393,0
31.2,55.64,-0.175,-0.013,394,0
31.17,55.54,-0.106,-0.035,395,0
31.2,55.6,0.066,0.035,396,0
31.2,55.57,-0.039,-0.001,397,0
31.18,55.48,-0.087,-0.025,398,0
31.2,55.55,0.07,0.029,399,0
31.2,55.5,-0.046,-0.003,400,0
31.22,55.45,-0.051,0.019,401,0
31.18,55.48,0.032,-0.038,402,0
31.17,55.49,0.008,-0.013,403,0
31.19,55.58,0.085,0.025,404,0
31.22,55.56,-0.012,0.025,405,0
31.18,55.49,-0.07,-0.036,406,0
31.17,55.49,-0.005,-0.016,407,0
31.13,55.31,-0.184,-0.037,408,0
31.08,55.26,-0.046,-0.047,409,0
31.06,55.3,0.042,-0.019,410,0
31.06,55.13,-0.174,-0.002,411,0
31.1,55.14,0.016,0.033,412,0
31.07,55.09,-0.048,-0.023,413,0
31.03,55.15,0.058,-0.046,414,0
31.02,55.03,-0.123,-0.009,415,0
31.0,54.9,-0.131,-0.02,416,0
31.01,54.93,0.027,0.009,417,0
31.02,54.77,-0.159,0.018,418,0
31.06,54.6,-0.171,0.038,419,0
31.04,54.51,-0.092,-0.018,420,0
31.03,54.36,-0.144,-0.016,421,0
31.05,54.36,-0.003,0.022,422,0
31.07,54.37,0.016,0.017,423,0
31.03,54.24,-0.137,-0.038,424,0
31.02,54.21,-0.029,-0.01,425,0
31.02,54.22,0.009,0.0,426,0
31.07,54.3,0.079,0.046,427,0
31.06,54.3,0.007,-0.008,428,0
31.06,54.37,0.068,0.002,429,0
31.04,54.33,-0.045,-0.015,430,0
31.0,54.35,0.026,-0.039,431,0
31.04,54.25,-0.1,0.033,432,0
31.0,54.26,0.006,-0.042,433,0
31.0,54.19,-0.071,0.006,434,0
30.98,54.17,-0.022,-0.02,435,0
30.96,53.98,-0.184,-0.026,436,0
30.93,54.07,0.083,-0.026,437,0
30.94,53.94,-0.122,0.014,438,0
30.98,53.85,-0.095,0.038,439,0
31.0,53.75,-0.103,0.019,440,0
31.04,53.59,-0.162,0.041,441,0
31.05,53.45,-0.131,0.009,442,0
31.02,53.38,-0.072,-0.031,443,0
31.06,53.22,-0.158,0.04,444,0
31.06,53.31,0.082,0.001,445,0
31.07,53.22,-0.085,0.011,446,0
31.03,53.04,-0.177,-0.037,447,0
31.05,53.13,0.088,0.014,448,0
31.05,53.06,-0.068,0.007,449,0
31.09,53.12,0.057,0.039,450,0
31.12,53.09,-0.03,0.026,451,0
31.13,53.16,0.066,0.008,452,0
31.13,53.13,-0.031,0.002,453,0
31.16,53.1,-0.026,0.033,454,0
31.21,53.09,-0.009,0.049,455,0
31.17,53.12,0.025,-0.042,456,0
31.14,53.05,-0.07,-0.028,457,0
31.14,52.95,-0.093,-0.001,458,0
31.16,52.77,-0.182,0.021,459,0
31.2,52.69,-0.08,0.037,460,0
31.17,52.79,0.1,-0.032,461,0
31.17,52.7,-0.093,0.006,462,0
31.15,52.52,-0.174,-0.025,463,0
31.19,52.4,-0.127,0.044,464,0
31.17,52.24,-0.157,-0.022,465,0
31.19,52.22,-0.021,0.022,466,0
31.19,52.03,-0.194,-0.001,467,0
31.15,51.89,-0.136,-0.039,468,0
31.16,51.87,-0.015,0.007,469,0
31.15,51.83,-0.046,-0.008,470,0
31.17,51.77,-0.057,0.018,471,0
31.17,51.58,-0.192,0.002,472,0
31.14,51.58,0.003,-0.028,473,0
31.13,51.5,-0.081,-0.008,474,0
31.1,51.35,-0.152,-0.031,475,0
31.09,51.28,-0.073,-0.015,476,0
31.1,51.22,-0.056,0.014,477,0
31.1,51.13,-0.091,-0.005,478,0
31.12,51.05,-0.08,0.023,479,0
31.13,50.9,-0.147,0.011,480,0
31.09,50.8,-0.104,-0.044,481,0
31.13,50.84,0.043,0.038,482,0
31.15,50.89,0.054,0.021,483,0
31.17,50.76,-0.132,0.024,484,0
31.12,50.71,-0.056,-0.048,485,0
31.1,50.74,0.029,-0.019,486,0
31.12,50.7,-0.04,0.021,487,0
31.14,50.59,-0.106,0.019,488,0
31.17,50.51,-0.083,0.025,489,0
31.19,50.41,-0.1,0.018,490,0
31.17,50.28,-0.128,-0.016,491,0
31.13,50.21,-0.073,-0.039,492,0
31.16,50.16,-0.043,0.025,493,0
31.13,49.97,-0.193,-0.026,494,0
31.08,50.07,0.096,-0.05,495,0
31.12,50.12,0.056,0.036,496,0
31.14,50.13,0.005,0.022,497,0
31.15,50.03,-0.098,0.016,498,0
31.12,49.95,-0.073,-0.036,499,0
31.1,49.78,-0.177,-0.017,500,0
31.15,49.86,0.078,0.047,501,0
31.17,49.92,0.065,0.021,502,0
31.21,49.75,-0.169,0.043,503,0
31.17,49.71,-0.046,-0.042,504,0
31.18,49.65,-0.052,0.01,505,0
31.15,49.7,0.046,-0.029,506,0
31.14,49.62,-0.08,-0.012,507,0
31.15,49.49,-0.129,0.015,508,0
31.13,49.58,0.084,-0.02,509,0
31.09,49.43,-0.145,-0.043,510,0
31.08,49.31,-0.123,-0.009,511,0
31.09,49.37,0.058,0.008,512,0
31.04,49.25,-0.113,-0.049,513,0
31.06,49.12,-0.137,0.018,514,0
31.08,49.1,-0.014,0.022,515,0
31.09,49.11,0.003,0.01,516,0
31.04,49.21,0.099,-0.047,517,0
31.03,49.08,-0.13,-0.014,518,0
31.05,48.98,-0.094,0.019,519,0
31.01,48.98,0.003,-0.039,520,0
31.03,48.85,-0.137,0.021,521,0
30.99,48.87,0.025,-0.038,522,0
31.04,48.88,0.01,0.045,523,0
31.03,48.78,-0.098,-0.005,524,0
31.05,48.62,-0.168,0.013,525,0
31.08,48.43,-0.183,0.03,526,0
31.05,48.47,0.038,-0.025,527,0
31.05,48.39,-0.086,-0.0,528,0
31.05,48.36,-0.03,-0.005,529,0
31.07,48.18,-0.177,0.02,530,0
31.05,48.21,0.035,-0.017,531,0
31.09,48.1,-0.112,0.035,532,0
31.09,47.99,-0.109,0.004,533,0
31.07,47.82,-0.175,-0.015,534,0
31.08,47.86,0.043,0.01,535,0
31.09,47.81,-0.045,0.001,536,0
31.13,47.89,0.073,0.041,537,0
31.08,47.96,0.075,-0.043,538,0
31.09,47.8,-0.161,0.009,539,0
31.08,47.74,-0.065,-0.009,540,0
31.06,47.71,-0.025,-0.026,541,0
31.05,47.73,0.021,-0.009,542,0
31.04,47.64,-0.091,-0.009,543,0
31.04,47.55,-0.093,0.001,544,0
31.09,47.65,0.101,0.046,545,0
31.12,47.66,0.014,0.03,546,0
31.15,47.58,-0.081,0.034,547,0
31.17,47.58,-0.0,0.016,548,0
31.17,47.6,0.015,0.006,549,0
31.21,47.64,0.047,0.039,550,0
31.22,47.73,0.09,0.006,551,0
31.19,47.71,-0.029,-0.024,552,0
31.16,47.74,0.037,-0.031,553,0
31.19,47.8,0.059,0.031,554,0
31.17,47.83,0.025,-0.018,555,0
31.21,47.77,-0.053,0.031,556,0
31.19,47.7,-0.074,-0.011,557,0
31.17,47.72,0.019,-0.026,558,0
31.2,47.68,-0.034,0.034,559,0
31.19,47.59,-0.094,-0.016,560,0
31.23,47.63,0.036,0.046,561,0
31.25,47.7,0.078,0.021,562,0
31.21,47.68,-0.022,-0.041,563,0
31.2,47.59,-0.087,-0.015,564,0
31.19,47.52,-0.077,-0.006,565,0
31.23,47.38,-0.141,0.044,566,0
31.25,47.35,-0.028,0.015,567,0
31.28,47.37,0.025,0.026,568,0
31.3,47.46,0.091,0.026,569,0
31.29,47.49,0.03,-0.012,570,0
31.25,47.3,-0.193,-0.038,571,0
31.21,47.34,0.037,-0.041,572,0
31.16,47.33,-0.006,-0.047,573,0
31.17,47.25,-0.082,0.006,574,0
31.14,47.15,-0.099,-0.027,575,0
31.14,46.96,-0.187,0.003,576,0
31.19,46.93,-0.037,0.049,577,0
31.14,46.86,-0.066,-0.05,578,0
31.18,46.71,-0.155,0.04,579,0
31.23,46.78,0.074,0.042,580,0
31.23,46.8,0.017,0.005,581,0
31.28,46.77,-0.032,0.044,582,0
31.3,46.62,-0.15,0.026,583,0
31.29,46.59,-0.024,-0.007,584,0
31.29,46.65,0.059,-0.007,585,0
31.25,46.52,-0.131,-0.034,586,0
31.27,46.33,-0.192,0.015,587,0
31.29,46.2,-0.13,0.027,588,0
31.34,46.15,-0.046,0.049,589,0
31.34,46.07,-0.084,-0.008,590,0
31.35,45.87,-0.197,0.014,591,0
31.37,45.85,-0.023,0.02,592,0
31.38,45.75,-0.093,0.016,593,0
31.41,45.65,-0.099,0.03,594,0
31.45,45.71,0.055,0.035,595,0
31.45,45.69,-0.02,-0.001,596,0
31.42,45.5,-0.187,-0.024,597,0
31.39,45.55,0.049,-0.03,598,0
31.38,45.43,-0.124,-0.011,599,0
34.37,77.96,-0.109,0.015,0,0
34.4,77.88,-0.077,0.035,1,0
34.43,77.72,-0.164,0.026,2,0
34.44,77.71,-0.01,0.012,3,0
34.46,77.62,-0.086,0.013,4,0
34.43,77.4,-0.219,-0.024,5,0
34.4,77.23,-0.173,-0.031,6,0
34.44,77.28,0.054,0.04,7,0
34.49,77.17,-0.11,0.048,8,0
34.48,76.97,-0.198,-0.013,9,0
34.49,76.89,-0.088,0.011,10,0
34.45,76.66,-0.222,-0.037,11,0
34.41,76.52,-0.138,-0.035,12,0
34.38,76.29,-0.233,-0.031,13,0
34.36,76.14,-0.149,-0.028,14,0
34.39,76.0,-0.142,0.039,15,0
34.36,76.0,-0.006,-0.039,16,0
34.41,75.77,-0.229,0.052,17,0
34.46,75.73,-0.035,0.057,18,0
34.47,75.77,0.041,0.005,19,0
34.52,75.69,-0.081,0.054,20,0
34.53,75.53,-0.159,0.004,21,0
34.51,75.52,-0.009,-0.017,22,0
34.52,75.38,-0.144,0.01,23,0
34.52,75.21,-0.164,0.0,24,0
34.56,75.15,-0.065,0.042,25,0
34.52,75.1,-0.046,-0.037,26,0
34.49,75.05,-0.055,-0.03,27,0
34.51,74.84,-0.205,0.013,28,0
34.5,74.89,0.047,-0.002,29,0
34.49,74.67,-0.216,-0.018,30,0
34.54,74.47,-0.204,0.056,31,0
34.51,74.34,-0.132,-0.028,32,0
34.54,74.3,-0.039,0.024,33,0
34.57,74.26,-0.04,0.031,34,0
34.54,74.13,-0.129,-0.033,35,0
34.59,73.92,-0.211,0.05,36,0
34.57,73.88,-0.04,-0.02,37,0
34.56,73.75,-0.131,-0.01,38,0
34.57,73.74,-0.012,0.018,39,0
34.59,73.55,-0.187,0.018,40,0
34.57,73.33,-0.218,-0.022,41,0
34.59,73.26,-0.067,0.022,42,0
34.61,73.25,-0.015,0.019,43,0
34.59,73.23,-0.018,-0.017,44,0
34.58,73.22,-0.005,-0.015,45,0
34.58,73.15,-0.074,0.005,46,0
34.59,73.04,-0.111,0.007,47,0
34.55,73.06,0.019,-0.036,48,0
34.6,73.01,-0.047,0.043,49,0
34.61,73.03,0.016,0.012,50,0
34.66,73.07,0.045,0.05,51,0
34.71,73.09,0.014,0.049,52,0
34.75,73.08,-0.002,0.043,53,0
34.73,72.85,-0.232,-0.019,54,0
34.79,72.8,-0.053,0.057,55,0
34.8,72.73,-0.072,0.013,56,0
34.83,72.58,-0.151,0.027,57,0
34.79,72.54,-0.041,-0.038,58,0
34.77,72.33,-0.207,-0.02,59,0
34.8,72.16,-0.165,0.029,60,0
34.78,72.1,-0.066,-0.02,61,0
34.81,72.05,-0.05,0.028,62,0
34.77,71.95,-0.102,-0.039,63,0
34.77,71.82,-0.121,-0.002,64,0
34.81,71.74,-0.084,0.048,65,0
34.81,71.64,-0.095,-0.005,66,0
34.78,71.5,-0.144,-0.032,67,0
34.76,71.36,-0.139,-0.018,68,0
34.73,71.37,0.011,-0.03,69,0
34.74,71.38,0.007,0.011,70,0
34.74,71.16,-0.22,0.004,71,0
34.79,71.06,-0.102,0.044,72,0
34.81,70.97,-0.089,0.019,73,0
34.84,71.03,0.059,0.038,74,0
34.86,71.04,0.007,0.016,75,0
34.9,70.98,-0.055,0.036,76,0
34.86,71.01,0.026,-0.034,77,0
34.92,70.82,-0.19,0.057,78,0
34.91,70.88,0.061,-0.008,79,0
34.87,70.77,-0.105,-0.037,80,0
34.91,70.69,-0.086,0.035,81,0
34.94,70.5,-0.181,0.028,82,0
34.94,70.27,-0.233,0.002,83,0
34.95,70.15,-0.123,0.009,84,0
34.97,70.06,-0.092,0.019,85,0
34.95,70.01,-0.044,-0.013,86,0
34.98,69.95,-0.058,0.026,87,0
34.97,69.77,-0.184,-0.008,88,0
34.98,69.76,-0.012,0.006,89,0
34.98,69.58,-0.18,0.0,90,0
34.98,69.51,-0.064,0.001,91,0
35.01,69.56,0.048,0.03,92,0
35.04,69.35,-0.208,0.034,93,0
35.05,69.21,-0.142,0.005,94,0
35.04,69.21,-0.007,-0.005,95,0
35.1,69.18,-0.021,0.057,96,0
35.14,69.04,-0.148,0.041,97,0
35.16,69.05,0.01,0.013,98,0
35.15,69.11,0.058,-0.008,99,0
35.17,69.08,-0.021,0.025,100,0
35.19,69.13,0.048,0.017,101,0
35.16,68.91,-0.222,-0.029,102,0
35.22,68.83,-0.081,0.055,103,0
35.19,68.82,-0.008,-0.03,104,0
35.22,68.62,-0.203,0.033,105,0
35.21,68.52,-0.094,-0.015,106,0
35.25,68.36,-0.167,0.046,107,0
35.26,68.14,-0.214,0.006,108,0
35.26,67.99,-0.151,0.002,109,0
35.28,68.05,0.061,0.025,110,0
35.29,67.83,-0.219,0.001,111,0
35.34,67.86,0.023,0.059,112,0
35.37,67.62,-0.234,0.021,113,0
35.4,67.45,-0.176,0.033,114,0
35.44,67.51,0.061,0.046,115,0
35.45,67.34,-0.17,0.003,116,0
35.43,67.31,-0.026,-0.022,117,0
35.44,67.22,-0.091,0.011,118,0
35.42,67.11,-0.108,-0.015,119,0
35.46,67.06,-0.049,0.035,120,0
35.45,67.1,0.033,-0.002,121,0
35.5,67.07,-0.03,0.045,122,0
35.52,67.06,-0.004,0.018,123,0
35.54,66.9,-0.164,0.022,124,0
35.51,66.93,0.029,-0.026,125,0
35.52,66.92,-0.006,0.005,126,0
35.51,66.79,-0.135,-0.008,127,0
35.5,66.81,0.027,-0.006,128,0
35.52,66.72,-0.096,0.013,129,0
35.49,66.77,0.049,-0.027,130,0
35.5,66.59,-0.179,0.014,131,0
35.48,66.6,0.01,-0.02,132,0
35.47,66.41,-0.187,-0.013,133,0
35.52,66.38,-0.034,0.047,134,0
35.49,66.19,-0.193,-0.031,135,0
35.5,65.98,-0.204,0.012,136,0
35.54,65.95,-0.035,0.037,137,0
35.56,65.92,-0.022,0.029,138,0
35.56,65.96,0.036,-0.002,139,0
35.62,66.0,0.044,0.056,140,0
35.62,65.84,-0.161,0.002,141,0
35.67,65.85,0.005,0.055,142,0
35.7,65.91,0.063,0.023,143,0
35.73,65.68,-0.229,0.028,144,0
35.78,65.55,-0.133,0.059,145,0
35.82,65.45,-0.096,0.036,146,0
35.85,65.44,-0.011,0.029,147,0
35.82,65.33,-0.113,-0.031,148,0
35.8,65.39,0.06,-0.021,149,0
35.82,65.19,-0.2,0.021,150,0
35.84,65.01,-0.183,0.017,151,0
35.87,64.85,-0.153,0.037,152,0
35.85,64.83,-0.023,-0.023,153,0
35.83,64.88,0.052,-0.018,154,0
35.86,64.8,-0.084,0.03,155,0
35.9,64.82,0.023,0.036,156,0
35.88,64.84,0.02,-0.022,157,0
35.9,64.68,-0.165,0.018,158,0
35.86,64.7,0.023,-0.031,159,0
35.85,64.61,-0.086,-0.013,160,0
35.82,64.49,-0.126,-0.034,161,0
35.79,64.41,-0.075,-0.024,162,0
35.81,64.34,-0.075,0.013,163,0
35.79,64.38,0.04,-0.016,164,0
35.75,64.22,-0.158,-0.04,165,0
35.75,64.25,0.03,-0.005,166,0
35.73,64.08,-0.169,-0.02,167,0
35.74,64.12,0.038,0.01,168,0
35.72,64.01,-0.107,-0.021,169,0
35.76,63.97,-0.036,0.047,170,0
35.82,63.74,-0.234,0.058,171,0
35.86,63.68,-0.063,0.035,172,0
35.85,63.73,0.049,-0.004,173,0
35.9,63.52,-0.207,0.043,174,0
35.93,63.43,-0.086,0.031,175,0
35.9,63.39,-0.041,-0.031,176,0
35.93,63.2,-0.192,0.034,177,0
35.94,63.07,-0.127,0.012,178,0
35.96,62.89,-0.185,0.014,179,0
35.95,62.92,0.035,-0.009,180,0
35.97,62.77,-0.149,0.022,181,0
35.97,62.63,-0.147,-0.001,182,0
35.98,62.6,-0.031,0.012,183,0
35.99,62.62,0.025,0.014,184,0
36.01,62.45,-0.174,0.018,185,0
36.03,62.47,0.019,0.014,186,0
36.05,62.28,-0.184,0.02,187,0
36.03,62.24,-0.041,-0.011,188,0
36.08,62.14,-0.097,0.047,189,0
36.06,61.97,-0.173,-0.019,190,0
36.05,61.85,-0.118,-0.016,191,0
36.04,61.87,0.019,-0.011,192,0
36.04,61.65,-0.224,0.007,193,0
36.1,61.63,-0.014,0.057,194,0
36.14,61.44,-0.191,0.037,195,0
36.12,61.28,-0.166,-0.019,196,0
36.11,61.31,0.03,-0.009,197,0
36.15,61.09,-0.222,0.042,198,0
36.2,60.93,-0.152,0.049,199,0
36.22,60.85,-0.087,0.017,200,0
36.22,60.8,-0.047,0.003,201,0
36.2,60.86,0.063,-0.015,202,0
36.19,60.82,-0.041,-0.018,203,0
36.15,60.88,0.062,-0.037,204,0
36.12,60.93,0.046,-0.034,205,0
36.09,60.98,0.048,-0.03,206,0
36.12,60.87,-0.113,0.037,207,0
36.18,60.76,-0.107,0.058,208,0
36.19,60.81,0.055,0.012,209,0
36.18,60.68,-0.128,-0.008,210,0
36.22,60.47,-0.215,0.035,211,0
36.21,60.39,-0.077,-0.007,212,0
36.27,60.34,-0.052,0.053,213,0
36.24,60.39,0.049,-0.025,214,0
36.24,60.42,0.032,-0.005,215,0
36.21,60.41,-0.008,-0.03,216,0
36.2,60.18,-0.236,-0.009,217,0
36.16,60.07,-0.109,-0.036,218,0
36.2,60.05,-0.017,0.037,219,0
36.23,60.04,-0.013,0.034,220,0
36.21,60.04,0.0,-0.022,221,0
36.17,59.92,-0.12,-0.039,222,0
36.13,59.81,-0.111,-0.038,223,0
36.12,59.6,-0.206,-0.014,224,0
36.1,59.56,-0.039,-0.02,225,0
36.12,59.58,0.012,0.022,226,0
36.15,59.61,0.036,0.032,227,0
36.12,59.64,0.031,-0.027,228,0
36.09,59.5,-0.143,-0.033,229,0
36.09,59.27,-0.23,-0.001,230,0
36.11,59.18,-0.089,0.014,231,0
36.11,59.04,-0.141,0.007,232,0
36.16,59.08,0.042,0.045,233,0
36.12,58.89,-0.193,-0.032,234,0
36.17,58.76,-0.132,0.047,235,0
36.16,58.79,0.037,-0.013,236,0
36.2,58.83,0.032,0.037,237,0
36.19,58.76,-0.065,-0.005,238,0
36.24,58.75,-0.014,0.045,239,0
36.2,58.51,-0.233,-0.032,240,0
36.26,58.3,-0.216,0.052,241,0
36.29,58.27,-0.031,0.035,242,0
36.29,58.22,-0.052,-0.003,243,0
36.31,58.03,-0.186,0.026,244,0
36.31,57.8,-0.229,-0.006,245,0
36.27,57.84,0.042,-0.037,246,0
36.28,57.73,-0.109,0.004,247,0
36.27,57.57,-0.161,-0.006,248,0
36.3,57.61,0.042,0.026,249,0
36.31,57.61,-0.004,0.01,250,0
36.31,57.4,-0.213,0.005,251,0
36.31,57.39,-0.009,-0.004,252,0
36.27,57.37,-0.016,-0.034,253,0
36.31,57.31,-0.068,0.04,254,0
36.29,57.23,-0.071,-0.024,255,0
36.31,57.22,-0.011,0.018,256,0
36.35,57.03,-0.19,0.042,257,0
36.4,56.85,-0.183,0.056,258,0
36.37,56.88,0.033,-0.033,259,0
36.35,56.88,-0.001,-0.022,260,0
36.4,56.8,-0.084,0.046,261,0
36.37,56.77,-0.033,-0.026,262,0
36.42,56.78,0.017,0.047,263,0
36.39,56.71,-0.073,-0.028,264,0
36.39,56.72,0.008,0.002,265,0
36.38,56.61,-0.108,-0.007,266,0
36.38,56.39,-0.223,-0.007,267,0
36.41,56.17,-0.22,0.034,268,0
36.38,56.23,0.059,-0.027,269,0
36.4,56.22,-0.012,0.02,270,0
36.42,56.05,-0.167,0.02,271,0
36.41,55.88,-0.165,-0.015,272,0
36.44,55.94,0.052,0.035,273,0
36.48,55.81,-0.127,0.034,274,0
36.46,55.62,-0.186,-0.015,275,0
36.44,55.5,-0.118,-0.025,276,0
36.45,55.56,0.055,0.016,277,0
36.44,55.47,-0.085,-0.012,278,0
36.49,55.25,-0.223,0.051,279,0
36.55,55.3,0.048,0.057,280,0
36.56,55.31,0.015,0.008,281,0
36.54,55.2,-0.119,-0.014,282,0
36.56,55.14,-0.058,0.019,283,0
36.59,54.95,-0.19,0.033,284,0
36.63,54.94,-0.01,0.034,285,0
36.61,54.71,-0.231,-0.018,286,0
36.61,54.48,-0.229,0.001,287,0
36.58,54.32,-0.16,-0.031,288,0
36.61,54.25,-0.07,0.025,289,0
36.63,54.26,0.012,0.019,290,0
36.62,54.04,-0.223,-0.008,291,0
36.67,53.81,-0.231,0.057,292,0
36.66,53.8,-0.011,-0.013,293,0
36.71,53.76,-0.035,0.045,294,0
36.7,53.72,-0.039,-0.007,295,0
36.69,53.49,-0.228,-0.009,296,0
36.74,53.42,-0.07,0.051,297,0
36.72,53.33,-0.097,-0.023,298,0
36.68,53.11,-0.219,-0.035,299,0
36.67,52.95,-0.161,-0.014,300,0
36.65,52.88,-0.065,-0.017,301,0
36.62,52.68,-0.205,-0.033,302,0
36.67,52.48,-0.199,0.054,303,0
36.64,52.5,0.019,-0.039,304,0
36.62,52.32,-0.177,-0.014,305,0
36.65,52.2,-0.118,0.028,306,0
36.64,52.12,-0.086,-0.012,307,0
36.64,52.16,0.048,-0.0,308,0
36.64,52.13,-0.035,0.009,309,0
36.63,51.96,-0.174,-0.011,310,0
36.63,51.8,-0.153,-0.002,311,0
36.59,51.68,-0.124,-0.04,312,0
36.59,51.48,-0.196,-0.001,313,0
36.63,51.46,-0.018,0.037,314,0
36.67,51.48,0.019,0.039,315,0
36.64,51.33,-0.158,-0.025,316,0
36.66,51.26,-0.069,0.014,317,0
36.67,51.08,-0.179,0.012,318,0
36.69,50.9,-0.174,0.024,319,0
36.74,50.77,-0.13,0.046,320,0
36.76,50.77,0.0,0.028,321,0
36.75,50.71,-0.061,-0.012,322,0
36.77,50.57,-0.145,0.018,323,0
36.74,50.56,-0.005,-0.028,324,0
36.74,50.33,-0.231,-0.001,325,0
36.73,50.33,-0.005,-0.007,326,0
36.73,50.38,0.056,-0.003,327,0
36.73,50.35,-0.03,0.003,328,0
36.79,50.28,-0.069,0.055,329,0
36.77,50.33,0.044,-0.018,330,0
36.77,50.31,-0.015,0.003,331,0
36.79,50.2,-0.117,0.012,332,0
36.76,50.1,-0.099,-0.025,333,0
36.78,50.11,0.013,0.015,334,0
36.76,49.95,-0.162,-0.016,335,0
36.75,49.83,-0.121,-0.013,336,0
36.79,49.77,-0.054,0.048,337,0
36.83,49.69,-0.082,0.035,338,0
36.81,49.52,-0.171,-0.019,339,0
36.87,49.47,-0.05,0.058,340,0
36.87,49.31,-0.165,-0.003,341,0
36.91,49.29,-0.015,0.048,342,0
36.93,49.18,-0.118,0.012,343,0
36.92,49.1,-0.076,-0.006,344,0
36.96,48.92,-0.183,0.04,345,0
37.01,48.93,0.014,0.048,346,0
37.05,48.78,-0.15,0.046,347,0
37.04,48.57,-0.209,-0.015,348,0
37.05,48.58,0.006,0.009,349,0
37.05,48.56,-0.021,0.005,350,0
37.09,48.42,-0.138,0.033,351,0
37.13,48.24,-0.176,0.047,352,0
37.14,48.14,-0.102,0.006,353,0
37.16,47.99,-0.154,0.019,354,0
37.18,47.94,-0.052,0.017,355,0
37.19,47.82,-0.112,0.013,356,0
37.19,47.77,-0.056,-0.004,357,0
37.24,47.77,0.001,0.058,358,0
37.25,47.63,-0.136,0.008,359,0
37.27,47.53,-0.102,0.021,360,0
37.32,47.32,-0.209,0.053,361,0
37.36,47.29,-0.038,0.037,362,0
37.36,47.12,-0.162,-0.006,363,0
37.41,46.95,-0.175,0.05,364,0
37.45,46.87,-0.074,0.045,365,0
37.5,46.81,-0.063,0.052,366,0
37.54,46.73,-0.081,0.034,367,0
37.51,46.58,-0.149,-0.029,368,0
37.56,46.55,-0.034,0.057,369,0
37.59,46.4,-0.143,0.022,370,0
37.57,46.25,-0.153,-0.019,371,0
37.6,46.16,-0.095,0.031,372,0
37.57,45.97,-0.188,-0.03,373,0
37.6,45.94,-0.031,0.026,374,0
37.62,45.85,-0.085,0.026,375,0
37.65,45.86,0.004,0.028,376,0
37.7,45.75,-0.109,0.052,377,0
37.7,45.69,-0.06,-0.001,378,0
37.68,45.6,-0.085,-0.022,379,0
37.67,45.49,-0.114,-0.009,380,0
37.63,45.27,-0.216,-0.037,381,0
37.62,45.2,-0.075,-0.007,382,0
37.68,45.26,0.062,0.052,383,0
37.73,45.15,-0.111,0.053,384,0
37.7,44.94,-0.204,-0.026,385,0
37.71,44.81,-0.138,0.008,386,0
37.75,44.62,-0.189,0.043,387,0
37.73,44.55,-0.071,-0.026,388,0
37.77,44.54,-0.006,0.044,389,0
37.78,44.35,-0.187,0.009,390,0
37.81,44.29,-0.068,0.024,391,0
37.8,44.21,-0.077,-0.003,392,0
37.79,44.17,-0.042,-0.014,393,0
37.81,44.22,0.05,0.018,394,0
37.81,44.17,-0.049,0.0,395,0
37.8,44.12,-0.045,-0.011,396,0
37.79,44.1,-0.021,-0.005,397,0
37.83,44.16,0.063,0.038,398,0
37.81,44.19,0.026,-0.021,399,0
37.77,44.17,-0.023,-0.034,400,0
37.75,44.17,0.002,-0.019,401,0
37.74,44.2,0.033,-0.02,402,0
37.73,44.12,-0.078,-0.003,403,0
37.74,44.01,-0.116,0.009,404,0
37.71,43.92,-0.089,-0.028,405,0
37.76,43.91,-0.011,0.043,406,0
37.79,43.75,-0.16,0.031,407,0
37.77,43.76,0.017,-0.013,408,0
37.73,43.62,-0.145,-0.04,409,0
37.72,43.61,-0.013,-0.013,410,0
37.72,43.61,-0.001,-0.003,411,0
37.7,43.38,-0.223,-0.016,412,0
37.67,43.4,0.022,-0.028,413,0
37.67,43.38,-0.019,-0.009,414,0
37.67,43.38,-0.004,0.004,415,0
37.68,43.44,0.061,0.009,416,0
37.69,43.38,-0.061,0.012,417,0
37.72,43.19,-0.188,0.033,418,0
37.77,43.11,-0.086,0.05,419,0
37.76,43.09,-0.012,-0.01,420,0
37.74,42.99,-0.101,-0.019,421,0
37.8,42.84,-0.157,0.059,422,0
37.82,42.81,-0.023,0.017,423,0
37.8,42.8,-0.015,-0.025,424,0
37.77,42.82,0.022,-0.029,425,0
37.82,42.84,0.019,0.052,426,0
37.8,42.75,-0.093,-0.021,427,0
37.82,42.63,-0.113,0.023,428,0
37.88,42.66,0.026,0.059,429,0
37.94,42.56,-0.103,0.054,430,0
37.98,42.47,-0.084,0.043,431,0
38.01,42.49,0.014,0.03,432,0
38.07,42.53,0.045,0.057,433,0
38.09,42.37,-0.164,0.027,434,0
38.14,42.4,0.036,0.051,435,0
38.14,42.42,0.015,-0.008,436,0
38.17,42.48,0.055,0.034,437,0
38.19,42.28,-0.194,0.025,438,0
38.23,42.22,-0.06,0.04,439,0
38.24,42.19,-0.029,0.009,440,0
38.24,41.99,-0.201,-0.008,441,0
38.2,41.97,-0.022,-0.04,442,0
38.2,41.92,-0.046,0.007,443,0
38.23,41.97,0.042,0.03,444,0
38.29,41.81,-0.16,0.056,445,0
38.29,41.62,-0.189,-0.002,446,0
38.25,41.62,0.001,-0.035,447,0
38.3,41.42,-0.201,0.05,448,0
38.3,41.3,-0.114,-0.0,449,0
38.3,41.21,-0.089,-0.005,450,0
38.36,41.12,-0.093,0.06,451,0
38.41,41.02,-0.105,0.059,452,0
38.43,41.04,0.028,0.017,453,0
38.46,41.02,-0.025,0.029,454,0
38.46,40.81,-0.206,0.003,455,0
38.46,40.8,-0.014,-0.008,456,0
38.5,40.68,-0.114,0.04,457,0
38.56,40.54,-0.148,0.06,458,0
38.57,40.44,-0.099,0.017,459,0
38.53,40.38,-0.055,-0.038,460,0
38.55,40.23,-0.149,0.011,461,0
38.55,40.19,-0.048,0.009,462,0
38.56,40.17,-0.021,0.006,463,0
38.61,39.97,-0.196,0.046,464,0
38.61,39.99,0.018,0.004,465,0
38.61,39.79,-0.194,-0.005,466,0
38.57,39.63,-0.163,-0.033,467,0
38.63,39.59,-0.045,0.059,468,0
38.62,39.52,-0.064,-0.008,469,0
38.62,39.38,-0.144,0.002,470,0
38.6,39.41,0.029,-0.027,471,0
38.64,39.3,-0.111,0.043,472,0
38.65,39.17,-0.122,0.007,473,0
38.62,39.2,0.031,-0.024,474,0
38.65,39.16,-0.041,0.028,475,0
38.61,39.06,-0.106,-0.038,476,0
38.58,39.03,-0.029,-0.029,477,0
38.61,39.01,-0.024,0.03,478,0
38.65,38.78,-0.227,0.041,479,0
38.62,38.66,-0.119,-0.034,480,0
38.65,38.5,-0.16,0.03,481,0
38.66,38.52,0.024,0.007,482,0
38.63,38.32,-0.209,-0.027,483,0
38.66,38.32,0.001,0.027,484,0
38.69,38.32,0.008,0.031,485,0
38.69,38.2,-0.122,0.003,486,0
38.68,38.26,0.054,-0.011,487,0
38.66,38.02,-0.236,-0.017,488,0
38.65,37.98,-0.046,-0.012,489,0
38.68,37.93,-0.049,0.025,490,0
38.68,37.9,-0.029,0.001,491,0
38.66,37.83,-0.067,-0.018,492,0
38.64,37.66,-0.17,-0.023,493,0
38.67,37.71,0.053,0.034,494,0
38.68,37.75,0.037,0.007,495,0
38.67,37.71,-0.037,-0.004,496,0
38.66,37.74,0.03,-0.016,497,0
38.62,37.8,0.053,-0.037,498,0
38.6,37.66,-0.137,-0.018,499,0
38.6,37.46,-0.202,-0.002,500,0
38.65,37.46,0.005,0.046,501,0
38.7,37.45,-0.01,0.051,502,0
38.69,37.38,-0.069,-0.01,503,0
38.68,37.25,-0.137,-0.003,504,0
38.68,37.13,-0.114,-0.009,505,0
38.64,36.91,-0.228,-0.039,506,0
38.66,36.89,-0.016,0.026,507,0
38.62,36.95,0.058,-0.039,508,0
38.6,37.0,0.052,-0.024,509,0
38.56,37.05,0.047,-0.036,510,0
38.57,36.93,-0.117,0.009,511,0
38.56,36.93,0.003,-0.011,512,0
38.54,36.73,-0.199,-0.021,513,0
38.56,36.78,0.042,0.019,514,0
38.62,36.79,0.014,0.057,515,0
38.62,36.72,-0.073,0.003,516,0
38.67,36.53,-0.185,0.053,517,0
38.69,36.46,-0.068,0.02,518,0
38.68,36.49,0.026,-0.015,519,0
38.64,36.38,-0.108,-0.037,520,0
38.63,36.34,-0.042,-0.007,521,0
38.63,36.21,-0.133,-0.003,522,0
38.67,36.11,-0.092,0.036,523,0
38.7,36.05,-0.061,0.035,524,0
38.7,36.03,-0.028,-0.004,525,0
38.68,36.05,0.023,-0.02,526,0
38.66,36.07,0.026,-0.015,527,0
38.63,35.94,-0.136,-0.033,528,0
38.63,36.0,0.057,0.005,529,0
38.67,35.82,-0.177,0.036,530,0
38.72,35.66,-0.161,0.047,531,0
38.68,35.58,-0.078,-0.038,532,0
38.74,35.36,-0.217,0.059,533,0
38.71,35.25,-0.11,-0.024,534,0
38.7,35.07,-0.178,-0.013,535,0
38.7,35.07,-0.008,-0.0,536,0
38.67,35.03,-0.032,-0.032,537,0
38.7,34.84,-0.192,0.03,538,0
38.73,34.88,0.038,0.037,539,0
38.78,34.72,-0.162,0.041,540,0
38.8,34.52,-0.199,0.027,541,0
38.85,34.36,-0.158,0.048,542,0
38.89,34.26,-0.102,0.034,543,0
38.94,34.18,-0.084,0.058,544,0
38.93,33.94,-0.236,-0.013,545,0
38.91,33.91,-0.029,-0.023,546,0
38.87,33.89,-0.021,-0.033,547,0
38.86,33.82,-0.069,-0.013,548,0
38.88,33.82,-0.004,0.015,549,0
38.9,33.84,0.027,0.026,550,0
38.94,33.68,-0.163,0.037,551,0
38.95,33.73,0.048,0.015,552,0
39.0,33.72,-0.007,0.046,553,0
39.03,33.7,-0.019,0.033,554,0
39.01,33.5,-0.201,-0.027,555,0
38.98,33.38,-0.116,-0.029,556,0
39.0,33.37,-0.011,0.02,557,0
38.96,33.14,-0.234,-0.039,558,0
38.95,33.16,0.019,-0.008,559,0
38.97,33.08,-0.074,0.019,560,0
38.96,33.11,0.025,-0.007,561,0
39.02,33.07,-0.04,0.059,562,0
38.99,32.84,-0.224,-0.028,563,0
38.98,32.61,-0.232,-0.018,564,0
38.94,32.59,-0.023,-0.038,565,0
38.95,32.65,0.061,0.015,566,0
38.98,32.64,-0.014,0.029,567,0
38.98,32.67,0.031,-0.006,568,0
39.01,32.73,0.058,0.031,569,0
39.03,32.59,-0.134,0.024,570,0
39.06,32.57,-0.021,0.026,571,0
39.08,32.58,0.006,0.019,572,0
39.05,32.35,-0.225,-0.022,573,0
39.04,32.15,-0.205,-0.017,574,0
39.04,31.93,-0.216,0.001,575,0
39.03,31.82,-0.112,-0.01,576,0
39.0,31.59,-0.23,-0.026,577,0
38.98,31.54,-0.046,-0.024,578,0
38.97,31.59,0.05,-0.011,579,0
38.97,31.48,-0.108,0.005,580,0
38.96,31.37,-0.11,-0.014,581,0
38.93,31.29,-0.085,-0.025,582,0
38.97,31.26,-0.031,0.033,583,0
39.01,31.19,-0.067,0.046,584,0
38.99,31.07,-0.118,-0.024,585,0
39.03,30.97,-0.1,0.041,586,0
39.07,30.92,-0.05,0.042,587,0
39.06,30.92,-0.002,-0.014,588,0
39.09,30.96,0.034,0.032,589,0
39.13,30.9,-0.057,0.045,590,0
39.18,30.78,-0.12,0.046,591,0
39.16,30.59,-0.192,-0.016,592,0
39.21,30.37,-0.213,0.044,593,0
39.21,30.36,-0.013,-0.003,594,0
39.2,30.41,0.054,-0.005,595,0
39.25,30.39,-0.022,0.047,596,0
39.25,30.38,-0.009,-0.001,597,0
39.29,30.29,-0.089,0.046,598,0
39.26,30.21,-0.083,-0.03,599,0
30.15,89.82,0.061,0.014,0,0
30.14,89.83,0.009,-0.014,1,0
30.12,89.64,-0.187,-0.016,2,0
30.12,89.44,-0.206,-0.004,3,0
30.14,89.48,0.045,0.028,4,0
30.13,89.43,-0.048,-0.011,5,0
30.1,89.45,0.021,-0.03,6,0
30.08,89.27,-0.179,-0.02,7,0
30.05,89.2,-0.076,-0.028,8,0
30.08,89.06,-0.136,0.03,9,0
30.13,89.14,0.077,0.049,10,0
30.1,89.04,-0.102,-0.034,11,0
30.07,88.88,-0.162,-0.033,12,0
30.11,88.72,-0.152,0.044,13,0
30.15,88.62,-0.108,0.041,14,0
30.16,88.63,0.016,0.006,15,0
30.15,88.51,-0.121,-0.003,16,0
30.11,88.45,-0.066,-0.042,17,0
30.12,88.32,-0.121,0.007,18,0
30.11,88.28,-0.044,-0.012,19,0
30.12,88.35,0.072,0.009,20,0
30.14,88.25,-0.107,0.02,21,0
30.18,88.31,0.06,0.041,22,0
30.18,88.29,-0.015,0.004,23,0
30.19,88.23,-0.058,0.013,24,0
30.16,88.29,0.061,-0.031,25,0
30.16,88.13,-0.166,0.0,26,0
30.16,88.03,-0.102,-0.005,27,0
30.15,87.87,-0.159,-0.006,28,0
30.15,87.92,0.057,-0.002,29,0
30.16,87.75,-0.175,0.003,30,0
30.13,87.74,-0.011,-0.029,31,0
30.11,87.65,-0.093,-0.019,32,0
30.11,87.67,0.024,0.004,33,0
30.09,87.52,-0.148,-0.018,34,0
30.11,87.46,-0.058,0.018,35,0
30.14,87.43,-0.035,0.032,36,0
30.13,87.31,-0.114,-0.009,37,0
30.17,87.39,0.08,0.04,38,0
30.21,87.42,0.029,0.035,39,0
30.26,87.22,-0.208,0.047,40,0
30.3,87.23,0.018,0.039,41,0
30.34,87.27,0.036,0.046,42,0
30.39,87.06,-0.212,0.043,43,0
30.41,86.99,-0.068,0.025,44,0
30.38,86.78,-0.209,-0.03,45,0
30.42,86.65,-0.129,0.044,46,0
30.46,86.44,-0.212,0.032,47,0
30.47,86.42,-0.019,0.014,48,0
30.45,86.28,-0.137,-0.021,49,0
30.43,86.17,-0.108,-0.022,50,0
30.47,85.99,-0.189,0.045,51,0
30.5,85.96,-0.025,0.027,52,0
30.46,85.93,-0.031,-0.04,53,0
30.51,85.78,-0.152,0.052,54,0
30.48,85.78,0.003,-0.031,55,0
30.52,85.72,-0.059,0.041,56,0
30.58,85.73,0.007,0.054,57,0
30.6,85.77,0.04,0.021,58,0
30.6,85.82,0.049,-0.001,59,0
30.63,85.75,-0.072,0.031,60,0
30.65,85.67,-0.076,0.022,61,0
30.61,85.49,-0.177,-0.038,62,0
30.58,85.55,0.061,-0.035,63,0
30.56,85.6,0.044,-0.013,64,0
30.57,85.55,-0.052,0.008,65,0
30.57,85.4,-0.143,0.004,66,0
30.57,85.35,-0.05,-0.004,67,0
30.59,85.37,0.02,0.021,68,0
30.62,85.29,-0.083,0.028,69,0
30.65,85.31,0.018,0.032,70,0
30.63,85.28,-0.024,-0.024,71,0
30.68,85.35,0.063,0.05,72,0
30.67,85.17,-0.175,-0.011,73,0
30.72,85.13,-0.04,0.051,74,0
30.7,84.95,-0.179,-0.017,75,0
30.74,84.84,-0.109,0.033,76,0
30.77,84.77,-0.074,0.034,77,0
30.75,84.69,-0.081,-0.018,78,0
30.74,84.61,-0.084,-0.009,79,0
30.71,84.44,-0.168,-0.032,80,0
30.72,84.46,0.024,0.01,81,0
30.69,84.35,-0.114,-0.034,82,0
30.67,84.41,0.063,-0.015,83,0
30.73,84.29,-0.125,0.057,84,0
30.72,84.14,-0.149,-0.005,85,0
30.74,84.08,-0.058,0.015,86,0
30.77,83.98,-0.099,0.034,87,0
30.81,83.91,-0.071,0.04,88,0
30.79,83.95,0.045,-0.025,89,0
30.82,83.97,0.018,0.033,90,0
30.8,83.99,0.021,-0.014,91,0
30.83,83.87,-0.118,0.026,92,0
30.85,83.86,-0.01,0.016,93,0
30.84,83.82,-0.049,-0.006,94,0
30.86,83.75,-0.067,0.016,95,0
30.86,83.67,-0.083,0.004,96,0
30.88,83.71,0.047,0.015,97,0
30.92,83.78,0.068,0.04,98,0
30.89,83.77,-0.013,-0.025,99,0
30.86,83.65,-0.115,-0.03,100,0
30.83,83.63,-0.026,-0.028,101,0
30.82,83.7,0.075,-0.011,102,0
30.86,83.61,-0.095,0.042,103,0
30.89,83.6,-0.004,0.027,104,0
30.94,83.53,-0.075,0.052,105,0
31.0,83.43,-0.094,0.056,106,0
31.01,83.41,-0.024,0.01,107,0
31.02,83.43,0.021,0.009,108,0
31.03,83.44,0.011,0.009,109,0
31.05,83.35,-0.087,0.029,110,0
31.02,83.36,0.006,-0.035,111,0
31.03,83.21,-0.15,0.014,112,0
31.02,83.18,-0.032,-0.014,113,0
31.07,83.15,-0.026,0.055,114,0
31.1,83.11,-0.042,0.027,115,0
31.13,82.91,-0.198,0.028,116,0
31.13,82.8,-0.117,0.001,117,0
31.15,82.65,-0.149,0.02,118,0
31.11,82.72,0.071,-0.038,119,0
31.12,82.69,-0.032,0.003,120,0
31.13,82.62,-0.069,0.014,121,0
31.15,82.44,-0.176,0.024,122,0
31.19,82.38,-0.066,0.035,123,0
31.23,82.27,-0.104,0.04,124,0
31.28,82.14,-0.13,0.053,125,0
31.33,82.21,0.066,0.045,126,0
31.34,82.19,-0.014,0.014,127,0
31.35,82.19,-0.005,0.012,128,0
31.39,82.16,-0.028,0.038,129,0
31.35,82.18,0.021,-0.041,130,0
31.37,82.13,-0.052,0.021,131,0
31.33,81.92,-0.21,-0.04,132,0
31.31,81.92,0.005,-0.025,133,0
31.33,81.95,0.028,0.024,134,0
31.33,81.91,-0.039,-0.004,135,0
31.32,81.79,-0.121,-0.011,136,0
31.31,81.67,-0.12,-0.009,137,0
31.32,81.53,-0.141,0.015,138,0
31.28,81.54,0.009,-0.039,139,0
31.29,81.53,-0.008,0.002,140,0
31.32,81.5,-0.028,0.035,141,0
31.28,81.58,0.08,-0.042,142,0
31.24,81.52,-0.064,-0.043,143,0
31.29,81.38,-0.138,0.051,144,0
31.29,81.32,-0.063,0.005,145,0
31.27,81.16,-0.162,-0.027,146,0
31.31,80.99,-0.165,0.043,147,0
31.29,81.04,0.053,-0.014,148,0
31.32,81.12,0.075,0.026,149,0
31.32,81.19,0.07,-0.001,150,0
31.29,81.18,-0.006,-0.03,151,0
31.3,81.05,-0.128,0.009,152,0
31.35,81.09,0.039,0.052,153,0
31.35,80.98,-0.114,0.003,154,0
31.33,80.94,-0.042,-0.027,155,0
31.3,80.82,-0.118,-0.025,156,0
31.35,80.67,-0.152,0.048,157,0
31.4,80.51,-0.156,0.051,158,0
31.45,80.39,-0.119,0.051,159,0
31.48,80.31,-0.078,0.025,160,0
31.48,80.3,-0.013,0.007,161,0
31.53,80.15,-0.154,0.047,162,0
31.5,80.17,0.019,-0.03,163,0
31.53,80.19,0.022,0.034,164,0
31.54,80.13,-0.058,0.005,165,0
31.56,79.93,-0.203,0.024,166,0
31.59,79.71,-0.215,0.028,167,0
31.61,79.67,-0.04,0.017,168,0
31.61,79.53,-0.14,0.004,169,0
31.63,79.46,-0.074,0.02,170,0
31.61,79.45,-0.012,-0.025,171,0
31.66,79.38,-0.064,0.053,172,0
31.71,79.29,-0.094,0.051,173,0
31.73,79.37,0.08,0.017,174,0
31.71,79.3,-0.073,-0.017,175,0
31.76,79.2,-0.099,0.046,176,0
31.77,79.27,0.076,0.017,177,0
31.8,79.2,-0.068,0.024,178,0
31.83,79.13,-0.075,0.036,179,0
31.87,79.18,0.052,0.032,180,0
31.9,79.1,-0.08,0.032,181,0
31.93,78.94,-0.166,0.034,182,0
31.93,78.83,-0.107,-0.001,183,0
31.91,78.81,-0.02,-0.019,184,0
31.87,78.89,0.079,-0.038,185,0
31.91,78.72,-0.171,0.033,186,0
31.96,78.62,-0.101,0.056,187,0
31.96,78.67,0.058,-0.006,188,0
31.95,78.5,-0.174,-0.007,189,0
31.98,78.44,-0.058,0.03,190,0
31.99,78.49,0.049,0.006,191,0
31.94,78.37,-0.121,-0.042,192,0
31.98,78.44,0.073,0.033,193,0
32.0,78.45,0.006,0.023,194,0
32.03,78.28,-0.165,0.026,195,0
32.01,78.26,-0.022,-0.013,196,0
32.01,78.18,-0.079,-0.004,197,0
32.01,78.25,0.067,-0.001,198,0
32.06,78.24,-0.014,0.051,199,0
32.05,78.07,-0.162,-0.005,200,0
32.08,77.93,-0.139,0.027,201,0
32.06,77.95,0.019,-0.023,202,0
32.11,77.86,-0.096,0.05,203,0
32.12,77.67,-0.185,0.014,204,0
32.17,77.51,-0.165,0.053,205,0
32.17,77.42,-0.085,-0.004,206,0
32.15,77.29,-0.128,-0.021,207,0
32.11,77.34,0.043,-0.039,208,0
32.13,77.22,-0.122,0.02,209,0
32.13,77.25,0.034,-0.004,210,0
32.11,77.33,0.08,-0.021,211,0
32.13,77.12,-0.212,0.022,212,0
32.1,76.96,-0.157,-0.029,213,0
32.14,77.02,0.06,0.036,214,0
32.16,76.82,-0.201,0.025,215,0
32.12,76.72,-0.101,-0.037,216,0
32.17,76.65,-0.064,0.044,217,0
32.21,76.73,0.072,0.038,218,0
32.17,76.76,0.037,-0.037,219,0
32.22,76.64,-0.127,0.048,220,0
32.19,76.45,-0.185,-0.023,221,0
32.23,76.43,-0.021,0.034,222,0
32.2,76.48,0.05,-0.023,223,0
32.23,76.54,0.062,0.03,224,0
32.29,76.55,0.007,0.056,225,0
32.31,76.52,-0.028,0.017,226,0
32.28,76.41,-0.108,-0.027,227,0
32.33,76.47,0.059,0.046,228,0
32.34,76.48,0.012,0.017,229,0
32.35,76.44,-0.043,0.011,230,0
32.36,76.36,-0.085,0.004,231,0
32.35,76.16,-0.199,-0.007,232,0
32.37,76.09,-0.062,0.015,233,0
32.37,76.11,0.014,0.004,234,0
32.4,76.19,0.078,0.026,235,0
32.39,76.24,0.059,-0.005,236,0
32.44,76.26,0.012,0.05,237,0
32.47,76.14,-0.12,0.027,238,0
32.51,75.97,-0.162,0.039,239,0
32.47,75.9,-0.074,-0.038,240,0
32.45,75.72,-0.179,-0.018,241,0
32.49,75.74,0.015,0.04,242,0
32.46,75.58,-0.154,-0.03,243,0
32.44,75.52,-0.065,-0.024,244,0
32.44,75.55,0.027,-0.001,245,0
32.42,75.38,-0.17,-0.018,246,0
32.46,75.39,0.01,0.041,247,0
32.45,75.25,-0.131,-0.007,248,0
32.48,75.18,-0.073,0.026,249,0
32.54,75.19,0.005,0.056,250,0
32.51,75.13,-0.06,-0.026,251,0
32.5,75.1,-0.03,-0.006,252,0
32.5,75.1,-0.001,-0.008,253,0
32.46,75.0,-0.093,-0.035,254,0
32.52,74.92,-0.087,0.056,255,0
32.53,74.81,-0.108,0.013,256,0
32.51,74.64,-0.17,-0.021,257,0
32.56,74.53,-0.107,0.045,258,0
32.54,74.52,-0.01,-0.011,259,0
32.5,74.45,-0.07,-0.04,260,0
32.5,74.53,0.079,0.001,261,0
32.53,74.31,-0.216,0.024,262,0
32.54,74.33,0.013,0.012,263,0
32.51,74.37,0.044,-0.025,264,0
32.55,74.43,0.061,0.037,265,0
32.52,74.32,-0.11,-0.029,266,0
32.53,74.36,0.039,0.01,267,0
32.53,74.29,-0.068,-0.006,268,0
32.52,74.34,0.051,-0.008,269,0
32.54,74.4,0.054,0.022,270,0
32.59,74.27,-0.127,0.051,271,0
32.62,74.18,-0.094,0.023,272,0
32.62,74.21,0.038,0.007,273,0
32.65,74.12,-0.094,0.025,274,0
32.65,74.0,-0.121,0.002,275,0
32.66,73.83,-0.172,0.009,276,0
32.62,73.64,-0.187,-0.042,277,0
32.67,73.71,0.072,0.057,278,0
32.7,73.78,0.067,0.03,279,0
32.71,73.58,-0.203,0.012,280,0
32.72,73.64,0.063,0.005,281,0
32.71,73.54,-0.096,-0.012,282,0
32.7,73.61,0.063,-0.008,283,0
32.72,73.4,-0.21,0.025,284,0
32.75,73.34,-0.055,0.022,285,0
32.7,73.22,-0.121,-0.042,286,0
32.75,73.0,-0.217,0.047,287,0
32.78,72.95,-0.051,0.025,288,0
32.79,72.86,-0.091,0.016,289,0
32.78,72.88,0.024,-0.017,290,0
32.74,72.82,-0.068,-0.035,291,0
32.75,72.66,-0.154,0.01,292,0
32.76,72.68,0.014,0.012,293,0
32.74,72.59,-0.089,-0.024,294,0
32.76,72.49,-0.102,0.02,295,0
32.75,72.39,-0.101,-0.01,296,0
32.73,72.45,0.063,-0.02,297,0
32.73,72.48,0.028,0.001,298,0
32.73,72.48,0.006,-0.002,299,0
32.78,72.33,-0.149,0.052,300,0
32.83,72.29,-0.044,0.043,301,0
32.87,72.12,-0.171,0.044,302,0
32.92,72.11,-0.01,0.049,303,0
32.89,71.94,-0.166,-0.032,304,0
32.88,72.0,0.06,-0.009,305,0
32.88,71.84,-0.163,0.005,306,0
32.93,71.68,-0.155,0.046,307,0
32.91,71.62,-0.068,-0.014,308,0
32.9,71.49,-0.123,-0.011,309,0
32.92,71.32,-0.168,0.017,310,0
32.97,71.11,-0.215,0.048,311,0
32.97,70.89,-0.216,0.004,312,0
32.93,70.9,0.008,-0.04,313,0
32.98,70.83,-0.074,0.048,314,0
32.95,70.78,-0.048,-0.027,315,0
32.95,70.59,-0.195,-0.007,316,0
32.95,70.54,-0.041,0.002,317,0
32.95,70.62,0.076,-0.002,318,0
32.96,70.41,-0.213,0.01,319,0
32.95,70.41,0.005,-0.011,320,0
32.96,70.23,-0.183,0.013,321,0
32.94,70.14,-0.086,-0.013,322,0
32.92,70.22,0.076,-0.02,323,0
32.9,70.13,-0.087,-0.023,324,0
32.91,70.05,-0.085,0.01,325,0
32.91,69.93,-0.112,0.002,326,0
32.95,69.81,-0.128,0.032,327,0
32.94,69.79,-0.013,-0.008,328,0
32.93,69.77,-0.021,-0.007,329,0
32.9,69.59,-0.182,-0.032,330,0
32.91,69.56,-0.028,0.011,331,0
32.89,69.63,0.07,-0.017,332,0
32.91,69.65,0.02,0.017,333,0
32.96,69.55,-0.1,0.049,334,0
32.97,69.41,-0.144,0.013,335,0
32.98,69.25,-0.163,0.005,336,0
32.98,69.17,-0.074,0.005,337,0
33.0,69.03,-0.146,0.021,338,0
32.98,68.83,-0.194,-0.021,339,0
32.99,68.7,-0.135,0.002,340,0
33.03,68.59,-0.107,0.047,341,0
33.08,68.39,-0.196,0.043,342,0
33.12,68.36,-0.031,0.05,343,0
33.17,68.37,0.009,0.04,344,0
33.16,68.3,-0.077,-0.006,345,0
33.18,68.26,-0.04,0.024,346,0
33.16,68.29,0.037,-0.021,347,0
33.2,68.3,0.002,0.038,348,0
33.24,68.09,-0.205,0.035,349,0
33.23,68.15,0.058,-0.011,350,0
33.21,67.93,-0.214,-0.014,351,0
33.21,67.94,0.004,0.001,352,0
33.22,67.84,-0.103,0.012,353,0
33.21,67.7,-0.132,-0.011,354,0
33.23,67.66,-0.047,0.014,355,0
33.28,67.52,-0.134,0.05,356,0
33.25,67.39,-0.13,-0.03,357,0
33.29,67.37,-0.02,0.044,358,0
33.26,67.18,-0.186,-0.03,359,0
33.24,67.15,-0.034,-0.018,360,0
33.2,67.2,0.048,-0.037,361,0
33.2,67.27,0.076,-0.002,362,0
33.2,67.13,-0.146,-0.006,363,0
33.24,67.15,0.02,0.045,364,0
33.29,67.04,-0.107,0.051,365,0
33.34,66.92,-0.123,0.048,366,0
33.35,66.88,-0.042,0.011,367,0
33.41,66.83,-0.046,0.057,368,0
33.38,66.66,-0.17,-0.024,369,0
33.4,66.65,-0.006,0.016,370,0
33.41,66.71,0.057,0.01,371,0
33.44,66.66,-0.049,0.033,372,0
33.45,66.54,-0.12,0.004,373,0
33.46,66.52,-0.022,0.012,374,0
33.5,66.54,0.016,0.036,375,0
33.5,66.61,0.078,0.003,376,0
33.48,66.68,0.064,-0.018,377,0
33.48,66.64,-0.041,0.004,378,0
33.51,66.48,-0.152,0.021,379,0
33.49,66.42,-0.063,-0.018,380,0
33.48,66.34,-0.086,-0.005,381,0
33.49,66.13,-0.209,0.007,382,0
33.5,66.08,-0.047,0.007,383,0
33.55,66.11,0.026,0.05,384,0
33.58,66.18,0.075,0.036,385,0
33.61,66.19,0.009,0.026,386,0
33.66,66.06,-0.13,0.057,387,0
33.67,66.04,-0.019,0.001,388,0
33.66,65.87,-0.175,-0.003,389,0
33.71,65.93,0.066,0.046,390,0
33.76,65.93,0.001,0.054,391,0
33.79,65.94,0.005,0.026,392,0
33.79,65.73,-0.212,0.001,393,0
33.77,65.58,-0.148,-0.025,394,0
33.76,65.65,0.067,-0.003,395,0
33.77,65.47,-0.173,0.009,396,0
33.77,65.36,-0.114,-0.004,397,0
33.79,65.15,-0.213,0.019,398,0
33.82,65.13,-0.016,0.031,399,0
33.79,65.04,-0.09,-0.031,400,0
33.77,64.96,-0.08,-0.011,401,0
33.82,64.92,-0.042,0.041,402,0
33.87,64.99,0.07,0.052,403,0
33.85,64.9,-0.085,-0.015,404,0
33.86,64.88,-0.026,0.012,405,0
33.88,64.87,-0.002,0.016,406,0
33.89,64.91,0.036,0.012,407,0
33.95,64.89,-0.016,0.055,408,0
33.94,64.88,-0.016,-0.013,409,0
33.96,64.81,-0.069,0.028,410,0
33.99,64.82,0.012,0.026,411,0
33.98,64.85,0.025,-0.007,412,0
33.97,64.85,0.005,-0.009,413,0
33.95,64.82,-0.029,-0.029,414,0
33.99,64.76,-0.061,0.044,415,0
33.95,64.83,0.066,-0.04,416,0
33.98,64.75,-0.081,0.027,417,0
33.94,64.54,-0.21,-0.035,418,0
33.9,64.38,-0.16,-0.038,419,0
33.9,64.34,-0.036,0.002,420,0
33.87,64.14,-0.198,-0.03,421,0
33.87,63.96,-0.185,-0.004,422,0
33.87,63.81,-0.145,0.002,423,0
33.92,63.6,-0.209,0.05,424,0
33.97,63.53,-0.072,0.051,425,0
33.95,63.59,0.064,-0.021,426,0
33.99,63.55,-0.047,0.038,427,0
33.96,63.56,0.014,-0.032,428,0
33.99,63.64,0.076,0.029,429,0
33.95,63.47,-0.166,-0.035,430,0
33.96,63.4,-0.075,0.005,431,0
34.01,63.18,-0.217,0.046,432,0
34.02,63.17,-0.011,0.014,433,0
34.03,63.2,0.031,0.01,434,0
33.99,63.14,-0.058,-0.04,435,0
34.01,63.09,-0.05,0.025,436,0
34.07,63.02,-0.067,0.055,437,0
34.12,62.93,-0.09,0.05,438,0
34.09,62.87,-0.063,-0.031,439,0
34.07,62.79,-0.085,-0.023,440,0
34.06,62.69,-0.099,-0.009,441,0
34.11,62.59,-0.093,0.05,442,0
34.1,62.52,-0.075,-0.006,443,0
34.11,62.58,0.063,0.013,444,0
34.1,62.5,-0.083,-0.019,445,0
34.13,62.56,0.057,0.036,446,0
34.17,62.43,-0.13,0.038,447,0
34.2,62.3,-0.122,0.031,448,0
34.25,62.28,-0.026,0.046,449,0
34.27,62.21,-0.073,0.023,450,0
34.23,62.09,-0.111,-0.042,451,0
34.22,61.89,-0.206,-0.01,452,0
34.25,61.92,0.03,0.032,453,0
34.28,61.9,-0.022,0.031,454,0
34.24,61.84,-0.053,-0.04,455,0
34.23,61.79,-0.055,-0.011,456,0
34.23,61.67,-0.12,0.002,457,0
34.24,61.51,-0.154,0.005,458,0
34.23,61.39,-0.13,-0.007,459,0
34.2,61.31,-0.076,-0.028,460,0
34.17,61.25,-0.059,-0.028,461,0
34.13,61.31,0.065,-0.041,462,0
34.13,61.18,-0.132,-0.006,463,0
34.16,61.2,0.019,0.031,464,0
34.14,61.27,0.063,-0.013,465,0
34.14,61.12,-0.144,-0.002,466,0
34.17,60.91,-0.213,0.024,467,0
34.19,60.82,-0.089,0.025,468,0
34.18,60.64,-0.183,-0.009,469,0
34.18,60.53,-0.107,-0.005,470,0
34.16,60.44,-0.086,-0.02,471,0
34.18,60.31,-0.132,0.027,472,0
34.21,60.23,-0.085,0.022,473,0
34.17,60.02,-0.204,-0.039,474,0
34.16,60.05,0.031,-0.009,475,0
34.21,59.93,-0.127,0.052,476,0
34.18,59.87,-0.051,-0.029,477,0
34.14,59.85,-0.03,-0.041,478,0
34.15,59.89,0.045,0.014,479,0
34.2,59.88,-0.013,0.05,480,0
34.22,59.77,-0.102,0.018,481,0
34.2,59.65,-0.125,-0.019,482,0
34.2,59.56,-0.086,-0.008,483,0
34.24,59.55,-0.009,0.047,484,0
34.29,59.58,0.03,0.052,485,0
34.27,59.64,0.059,-0.02,486,0
34.25,59.62,-0.021,-0.022,487,0
34.24,59.47,-0.152,-0.014,488,0
34.21,59.3,-0.175,-0.027,489,0
34.24,59.19,-0.109,0.034,490,0
34.21,59.24,0.057,-0.033,491,0
34.24,59.04,-0.206,0.03,492,0
34.2,58.89,-0.147,-0.037,493,0
34.19,58.9,0.012,-0.013,494,0
34.17,58.88,-0.025,-0.025,495,0
34.19,58.74,-0.136,0.021,496,0
34.21,58.76,0.018,0.02,497,0
34.2,58.76,-0.004,-0.003,498,0
34.22,58.61,-0.143,0.018,499,0
34.25,58.63,0.014,0.03,500,0
34.23,58.49,-0.139,-0.022,501,0
34.26,58.54,0.055,0.028,502,0
34.29,58.33,-0.212,0.027,503,0
34.32,58.37,0.044,0.029,504,0
34.33,58.42,0.043,0.011,505,0
34.33,58.42,0.004,0.007,506,0
34.32,58.25,-0.168,-0.011,507,0
34.35,58.13,-0.127,0.026,508,0
34.38,58.02,-0.104,0.031,509,0
34.39,57.82,-0.202,0.015,510,0
34.37,57.89,0.066,-0.022,511,0
34.33,57.82,-0.068,-0.042,512,0
34.38,57.78,-0.04,0.054,513,0
34.44,57.83,0.049,0.054,514,0
34.49,57.9,0.07,0.048,515,0
34.53,57.71,-0.187,0.046,516,0
34.55,57.56,-0.148,0.02,517,0
34.57,57.43,-0.129,0.017,518,0
34.58,57.42,-0.014,0.012,519,0
34.55,57.31,-0.108,-0.033,520,0
34.53,57.17,-0.142,-0.017,521,0
34.59,57.07,-0.095,0.057,522,0
34.57,56.97,-0.107,-0.02,523,0
34.56,56.8,-0.171,-0.008,524,0
34.53,56.71,-0.091,-0.03,525,0
34.54,56.61,-0.097,0.007,526,0
34.57,56.51,-0.099,0.034,527,0
34.6,56.34,-0.169,0.033,528,0
34.6,56.39,0.048,-0.008,529,0
34.63,56.32,-0.068,0.032,530,0
34.61,56.28,-0.042,-0.012,531,0
34.58,56.15,-0.133,-0.039,532,0
34.59,55.95,-0.199,0.013,533,0
34.62,55.88,-0.066,0.035,534,0
34.67,55.7,-0.181,0.047,535,0
34.64,55.68,-0.022,-0.034,536,0
34.64,55.56,-0.116,0.007,537,0
34.6,55.62,0.062,-0.039,538,0
34.6,55.49,-0.134,-0.005,539,0
34.57,55.56,0.066,-0.035,540,0
34.6,55.59,0.033,0.034,541,0
34.65,55.51,-0.083,0.047,542,0
34.69,55.39,-0.118,0.042,543,0
34.66,55.25,-0.139,-0.033,544,0
34.64,55.09,-0.162,-0.017,545,0
34.66,55.16,0.073,0.025,546,0
34.68,55.09,-0.067,0.02,547,0
34.72,55.06,-0.038,0.036,548,0
34.71,55.06,0.004,-0.014,549,0
34.69,55.14,0.078,-0.017,550,0
34.73,55.12,-0.019,0.041,551,0
34.7,55.14,0.022,-0.032,552,0
34.73,54.99,-0.152,0.03,553,0
34.69,54.91,-0.079,-0.039,554,0
34.69,54.87,-0.039,0.005,555,0
34.65,54.78,-0.089,-0.041,556,0
34.67,54.62,-0.161,0.012,557,0
34.65,54.46,-0.16,-0.018,558,0
34.64,54.36,-0.1,-0.01,559,0
34.68,54.19,-0.168,0.047,560,0
34.71,54.22,0.028,0.024,561,0
34.74,54.01,-0.217,0.037,562,0
34.77,53.87,-0.133,0.025,563,0
34.75,53.75,-0.124,-0.017,564,0
34.74,53.76,0.011,-0.016,565,0
34.74,53.78,0.022,0.001,566,0
34.73,53.6,-0.18,-0.008,567,0
34.72,53.47,-0.133,-0.01,568,0
34.68,53.35,-0.115,-0.034,569,0
34.72,53.2,-0.158,0.039,570,0
34.7,53.11,-0.088,-0.028,571,0
34.71,52.92,-0.191,0.01,572,0
34.75,52.98,0.064,0.043,573,0
34.71,52.87,-0.109,-0.036,574,0
34.74,52.66,-0.215,0.024,575,0
34.71,52.52,-0.135,-0.03,576,0
34.7,52.59,0.073,-0.007,577,0
34.71,52.42,-0.175,0.005,578,0
34.7,52.2,-0.215,-0.003,579,0
34.72,52.15,-0.055,0.021,580,0
34.71,52.08,-0.064,-0.016,581,0
34.76,52.13,0.046,0.049,582,0
34.76,52.12,-0.008,0.001,583,0
34.73,52.04,-0.076,-0.028,584,0
34.72,51.88,-0.161,-0.012,585,0
34.69,51.87,-0.01,-0.025,586,0
34.7,51.84,-0.032,0.006,587,0
34.73,51.91,0.063,0.03,588,0
34.73,51.76,-0.143,-0.002,589,0
34.71,51.59,-0.17,-0.018,590,0
34.71,51.42,-0.171,-0.002,591,0
34.75,51.34,-0.083,0.049,592,0
34.74,51.25,-0.089,-0.014,593,0
34.73,51.3,0.047,-0.009,594,0
34.74,51.23,-0.065,0.008,595,0
34.76,51.05,-0.18,0.02,596,0
34.76,50.92,-0.13,-0.005,597,0
34.78,51.0,0.073,0.021,598,0
34.76,50.92,-0.08,-0.014,599,0
34.11,89.53,-0.175,-0.006,0,0
34.15,89.44,-0.093,0.041,1,0
34.19,89.29,-0.15,0.039,2,0
34.23,89.31,0.021,0.041,3,0
34.21,89.23,-0.075,-0.022,4,0
34.26,89.28,0.047,0.049,5,0
34.28,89.09,-0.196,0.021,6,0
34.29,88.96,-0.128,0.017,7,0
34.31,89.03,0.072,0.017,8,0
34.28,88.89,-0.135,-0.029,9,0
34.27,88.75,-0.14,-0.008,10,0
34.3,88.83,0.073,0.023,11,0
34.26,88.69,-0.135,-0.037,12,0
34.21,88.63,-0.062,-0.046,13,0
34.17,88.51,-0.124,-0.044,14,0
34.19,88.37,-0.135,0.02,15,0
34.16,88.24,-0.131,-0.028,16,0
34.19,88.24,-0.001,0.032,17,0
34.23,88.24,0.002,0.041,18,0
34.19,88.07,-0.169,-0.046,19,0
34.17,87.99,-0.078,-0.02,20,0
34.14,88.04,0.048,-0.032,21,0
34.14,87.97,-0.07,0.006,22,0
34.18,88.03,0.063,0.039,23,0
34.19,87.9,-0.131,0.005,24,0
34.23,87.91,0.011,0.044,25,0
34.22,87.91,-0.004,-0.011,26,0
34.18,87.77,-0.139,-0.037,27,0
34.22,87.66,-0.115,0.041,28,0
34.23,87.73,0.071,0.008,29,0
34.19,87.69,-0.034,-0.038,30,0
34.17,87.64,-0.052,-0.022,31,0
34.15,87.47,-0.171,-0.016,32,0
34.11,87.51,0.044,-0.046,33,0
34.1,87.43,-0.084,-0.005,34,0
34.14,87.38,-0.047,0.037,35,0
34.13,87.26,-0.127,-0.01,36,0
34.12,87.08,-0.179,-0.008,37,0
34.12,87.16,0.088,-0.007,38,0
34.09,87.26,0.099,-0.03,39,0
34.12,87.11,-0.154,0.038,40,0
34.14,87.06,-0.049,0.016,41,0
34.19,86.9,-0.158,0.045,42,0
34.15,86.99,0.09,-0.037,43,0
34.2,87.03,0.037,0.051,44,0
34.25,86.88,-0.153,0.048,45,0
34.26,86.81,-0.069,0.016,46,0
34.29,86.89,0.085,0.03,47,0
34.34,86.8,-0.096,0.048,48,0
34.3,86.64,-0.16,-0.042,49,0
34.26,86.53,-0.111,-0.04,50,0
34.3,86.59,0.063,0.037,51,0
34.3,86.66,0.07,0.002,52,0
34.29,86.66,-0.002,-0.008,53,0
34.33,86.67,0.015,0.041,54,0
34.34,86.49,-0.178,0.009,55,0
34.35,86.48,-0.014,0.016,56,0
34.4,86.34,-0.142,0.048,57,0
34.4,86.3,-0.038,-0.006,58,0
34.45,86.21,-0.085,0.05,59,0
34.45,86.08,-0.133,0.007,60,0
34.46,86.11,0.031,0.008,61,0
34.51,86.16,0.045,0.045,62,0
34.46,85.99,-0.163,-0.044,63,0
34.46,86.08,0.089,-0.001,64,0
34.47,85.95,-0.139,0.005,65,0
34.43,86.04,0.095,-0.04,66,0
34.4,85.93,-0.113,-0.028,67,0
34.41,85.73,-0.192,0.014,68,0
34.46,85.72,-0.017,0.048,69,0
34.42,85.53,-0.19,-0.043,70,0
34.44,85.58,0.056,0.026,71,0
34.44,85.5,-0.08,-0.008,72,0
34.39,85.32,-0.186,-0.047,73,0
34.41,85.18,-0.144,0.017,74,0
34.39,85.06,-0.112,-0.019,75,0
34.43,85.11,0.05,0.041,76,0
34.43,85.05,-0.063,0.004,77,0
34.44,85.01,-0.037,0.005,78,0
34.41,84.87,-0.146,-0.025,79,0
34.42,84.81,-0.059,0.005,80,0
34.47,84.88,0.07,0.046,81,0
34.5,84.73,-0.152,0.031,82,0
34.46,84.59,-0.135,-0.034,83,0
34.48,84.53,-0.061,0.02,84,0
34.47,84.62,0.092,-0.015,85,0
34.45,84.44,-0.186,-0.018,86,0
34.47,84.44,0.004,0.02,87,0
34.52,84.41,-0.032,0.047,88,0
34.52,84.48,0.071,0.001,89,0
34.5,84.55,0.068,-0.019,90,0
34.5,84.54,-0.005,0.003,91,0
34.48,84.46,-0.077,-0.017,92,0
34.48,84.45,-0.017,-0.002,93,0
34.48,84.26,-0.182,-0.0,94,0
34.52,84.26,-0.009,0.035,95,0
34.57,84.11,-0.145,0.05,96,0
34.54,84.14,0.029,-0.026,97,0
34.55,84.07,-0.074,0.012,98,0
34.55,84.03,-0.04,-0.0,99,0
34.6,83.93,-0.092,0.05,100,0
34.62,83.93,-0.003,0.017,101,0
34.66,83.82,-0.113,0.044,102,0
34.67,83.78,-0.034,0.006,103,0
34.62,83.69,-0.089,-0.046,104,0
34.65,83.72,0.025,0.027,105,0
34.66,83.81,0.093,0.014,106,0
34.63,83.63,-0.181,-0.029,107,0
34.6,83.57,-0.064,-0.033,108,0
34.56,83.56,-0.008,-0.04,109,0
34.55,83.43,-0.129,-0.012,110,0
34.55,83.41,-0.021,0.002,111,0
34.52,83.3,-0.113,-0.027,112,0
34.55,83.13,-0.164,0.028,113,0
34.56,83.14,0.005,0.01,114,0
34.53,83.02,-0.118,-0.036,115,0
34.52,82.85,-0.172,-0.007,116,0
34.53,82.68,-0.17,0.014,117,0
34.58,82.54,-0.137,0.044,118,0
34.55,82.4,-0.135,-0.029,119,0
34.54,82.46,0.057,-0.004,120,0
34.58,82.56,0.098,0.033,121,0
34.6,82.48,-0.082,0.021,122,0
34.65,82.34,-0.135,0.051,123,0
34.61,82.37,0.026,-0.035,124,0
34.65,82.29,-0.081,0.036,125,0
34.61,82.16,-0.129,-0.036,126,0
34.57,81.99,-0.169,-0.043,127,0
34.54,81.95,-0.032,-0.032,128,0
34.5,81.79,-0.166,-0.041,129,0
34.49,81.62,-0.172,-0.003,130,0
34.5,81.6,-0.017,0.01,131,0
34.55,81.5,-0.102,0.044,132,0
34.53,81.38,-0.122,-0.014,133,0
34.55,81.21,-0.164,0.019,134,0
34.51,81.19,-0.026,-0.045,135,0
34.55,81.01,-0.175,0.042,136,0
34.59,80.82,-0.194,0.036,137,0
34.57,80.85,0.03,-0.015,138,0
34.6,80.88,0.034,0.032,139,0
34.59,80.75,-0.128,-0.012,140,0
34.64,80.8,0.043,0.052,141,0
34.63,80.71,-0.088,-0.011,142,0
34.63,80.65,-0.056,-0.005,143,0
34.61,80.56,-0.089,-0.021,144,0
34.65,80.44,-0.125,0.047,145,0
34.62,80.29,-0.152,-0.029,146,0
34.63,80.37,0.081,0.005,147,0
34.63,80.4,0.03,0.0,148,0
34.62,80.23,-0.168,-0.008,149,0
34.62,80.13,-0.099,-0.006,150,0
34.63,79.98,-0.147,0.01,151,0
34.61,80.08,0.093,-0.011,152,0
34.61,80.01,-0.064,-0.003,153,0
34.59,79.84,-0.173,-0.018,154,0
34.59,79.65,-0.184,-0.001,155,0
34.56,79.61,-0.048,-0.029,156,0
34.57,79.45,-0.159,0.002,157,0
34.61,79.46,0.007,0.045,158,0
34.61,79.51,0.057,0.001,159,0
34.64,79.55,0.04,0.029,160,0
34.69,79.4,-0.148,0.051,161,0
34.69,79.3,-0.103,-0.001,162,0
34.7,79.38,0.076,0.015,163,0
34.75,79.45,0.076,0.045,164,0
34.77,79.43,-0.019,0.024,165,0
34.8,79.36,-0.077,0.025,166,0
34.76,79.42,0.061,-0.038,167,0
34.74,79.51,0.094,-0.016,168,0
34.71,79.6,0.09,-0.038,169,0
34.73,79.48,-0.12,0.024,170,0
34.71,79.32,-0.163,-0.019,171,0
34.69,79.36,0.044,-0.017,172,0
34.68,79.28,-0.088,-0.017,173,0
34.65,79.2,-0.072,-0.026,174,0
34.7,79.28,0.077,0.046,175,0
34.74,79.22,-0.064,0.044,176,0
34.78,79.16,-0.056,0.036,177,0
34.74,79.18,0.017,-0.039,178,0
34.69,79.25,0.07,-0.048,179,0
34.7,79.17,-0.074,0.012,180,0
34.75,79.07,-0.104,0.047,181,0
34.76,79.07,-0.001,0.006,182,0
34.79,79.01,-0.055,0.034,183,0
34.74,78.87,-0.14,-0.047,184,0
34.79,78.71,-0.161,0.05,185,0
34.79,78.54,-0.17,0.001,186,0
34.75,78.61,0.068,-0.039,187,0
34.72,78.42,-0.189,-0.037,188,0
34.67,78.42,-0.002,-0.044,189,0
34.64,78.25,-0.166,-0.035,190,0
34.61,78.12,-0.133,-0.026,191,0
34.66,77.95,-0.17,0.047,192,0
34.68,77.94,-0.008,0.017,193,0
34.63,77.88,-0.061,-0.045,194,0
34.62,77.76,-0.124,-0.016,195,0
34.6,77.73,-0.021,-0.012,196,0
34.58,77.79,0.054,-0.022,197,0
34.59,77.6,-0.188,0.009,198,0
34.63,77.6,0.002,0.037,199,0
34.67,77.68,0.082,0.043,200,0
34.64,77.57,-0.11,-0.035,201,0
34.59,77.5,-0.078,-0.042,202,0
34.59,77.57,0.071,-0.004,203,0
34.56,77.62,0.049,-0.033,204,0
34.52,77.51,-0.11,-0.036,205,0
34.49,77.57,0.064,-0.027,206,0
34.46,77.6,0.031,-0.031,207,0
34.49,77.69,0.091,0.023,208,0
34.52,77.75,0.055,0.036,209,0
34.57,77.63,-0.121,0.052,210,0
34.56,77.52,-0.102,-0.019,211,0
34.55,77.44,-0.079,-0.004,212,0
34.58,77.33,-0.115,0.027,213,0
34.55,77.18,-0.154,-0.025,214,0
34.57,77.23,0.056,0.017,215,0
34.61,77.3,0.071,0.04,216,0
34.57,77.14,-0.159,-0.041,217,0
34.61,76.97,-0.174,0.044,218,0
34.57,76.85,-0.119,-0.042,219,0
34.62,76.81,-0.042,0.047,220,0
34.61,76.79,-0.018,-0.013,221,0
34.59,76.78,-0.009,-0.014,222,0
34.57,76.63,-0.153,-0.02,223,0
34.56,76.64,0.009,-0.009,224,0
34.6,76.49,-0.153,0.037,225,0
34.6,76.44,-0.049,-0.005,226,0
34.62,76.34,-0.1,0.028,227,0
34.67,76.21,-0.127,0.047,228,0
34.65,76.24,0.028,-0.021,229,0
34.6,76.28,0.04,-0.047,230,0
34.59,76.09,-0.187,-0.016,231,0
34.55,76.14,0.049,-0.038,232,0
34.52,76.15,0.01,-0.027,233,0
34.57,76.25,0.097,0.045,234,0
34.54,76.08,-0.166,-0.025,235,0
34.56,76.09,0.005,0.016,236,0
34.59,76.11,0.025,0.031,237,0
34.62,76.1,-0.008,0.028,238,0
34.62,75.91,-0.194,0.002,239,0
34.64,75.89,-0.018,0.021,240,0
34.65,75.89,-0.006,0.006,241,0
34.67,75.86,-0.024,0.021,242,0
34.69,75.76,-0.101,0.027,243,0
34.7,75.58,-0.181,0.008,244,0
34.68,75.61,0.032,-0.025,245,0
34.64,75.42,-0.193,-0.037,246,0
34.65,75.42,0.005,0.016,247,0
34.67,75.52,0.093,0.016,248,0
34.71,75.46,-0.051,0.036,249,0
34.68,75.34,-0.125,-0.021,250,0
34.74,75.21,-0.131,0.051,251,0
34.77,75.26,0.052,0.038,252,0
34.77,75.2,-0.057,-0.005,253,0
34.72,75.19,-0.016,-0.044,254,0
34.73,75.19,0.002,0.002,255,0
34.76,75.1,-0.089,0.036,256,0
34.74,75.01,-0.089,-0.024,257,0
34.78,75.01,0.002,0.036,258,0
34.81,74.96,-0.052,0.038,259,0
34.86,74.78,-0.183,0.05,260,0
34.84,74.82,0.041,-0.026,261,0
34.88,74.63,-0.192,0.043,262,0
34.87,74.47,-0.163,-0.015,263,0
34.88,74.39,-0.078,0.009,264,0
34.89,74.32,-0.063,0.017,265,0
34.88,74.35,0.024,-0.012,266,0
34.86,74.32,-0.028,-0.015,267,0
34.91,74.36,0.039,0.046,268,0
34.9,74.17,-0.188,-0.013,269,0
34.87,74.25,0.079,-0.033,270,0
34.84,74.07,-0.177,-0.021,271,0
34.84,74.1,0.022,-0.009,272,0
34.83,74.05,-0.046,-0.008,273,0
34.87,73.91,-0.136,0.04,274,0
34.91,73.9,-0.016,0.041,275,0
34.9,73.79,-0.111,-0.005,276,0
34.86,73.78,-0.007,-0.039,277,0
34.84,73.69,-0.093,-0.021,278,0
34.87,73.73,0.046,0.024,279,0
34.88,73.81,0.079,0.016,280,0
34.87,73.89,0.082,-0.01,281,0
34.88,73.92,0.025,0.003,282,0
34.89,73.99,0.07,0.013,283,0
34.9,73.95,-0.044,0.005,284,0
34.91,73.97,0.023,0.018,285,0
34.95,73.89,-0.079,0.032,286,0
34.91,73.72,-0.171,-0.036,287,0
34.94,73.81,0.091,0.034,288,0
34.95,73.75,-0.059,0.01,289,0
34.99,73.73,-0.017,0.04,290,0
35.03,73.58,-0.153,0.035,291,0
35.01,73.43,-0.149,-0.024,292,0
34.99,73.26,-0.173,-0.015,293,0
34.96,73.21,-0.052,-0.034,294,0
34.98,73.01,-0.197,0.021,295,0
34.98,73.06,0.053,0.004,296,0
35.01,72.97,-0.094,0.028,297,0
35.0,72.9,-0.069,-0.005,298,0
35.03,72.91,0.009,0.022,299,0
35.0,73.0,0.09,-0.022,300,0
35.04,72.86,-0.141,0.031,301,0
35.06,72.81,-0.048,0.023,302,0
35.03,72.67,-0.141,-0.028,303,0
35.01,72.67,-0.002,-0.025,304,0
34.98,72.62,-0.05,-0.022,305,0
34.95,72.69,0.075,-0.038,306,0
34.97,72.76,0.071,0.024,307,0
34.95,72.57,-0.194,-0.023,308,0
34.96,72.38,-0.187,0.012,309,0
34.94,72.45,0.072,-0.022,310,0
34.94,72.37,-0.086,0.003,311,0
34.96,72.19,-0.178,0.023,312,0
34.95,72.08,-0.111,-0.014,313,0
34.97,72.17,0.096,0.018,314,0
34.93,72.28,0.102,-0.034,315,0
34.97,72.37,0.09,0.032,316,0
35.0,72.24,-0.13,0.039,317,0
35.05,72.23,-0.005,0.043,318,0
35.06,72.29,0.062,0.01,319,0
35.09,72.2,-0.09,0.037,320,0
35.1,72.21,0.008,0.001,321,0
35.14,72.2,-0.015,0.049,322,0
35.14,72.18,-0.015,-0.008,323,0
35.11,72.19,0.004,-0.03,324,0
35.12,72.05,-0.134,0.011,325,0
35.09,71.99,-0.061,-0.026,326,0
35.05,72.01,0.019,-0.038,327,0
35.08,72.1,0.091,0.031,328,0
35.09,71.92,-0.176,0.01,329,0
35.08,71.75,-0.172,-0.016,330,0
35.12,71.59,-0.167,0.041,331,0
35.14,71.41,-0.175,0.018,332,0
35.09,71.23,-0.182,-0.045,333,0
35.08,71.13,-0.099,-0.011,334,0
35.04,71.16,0.032,-0.043,335,0
35.03,71.22,0.063,-0.007,336,0
35.08,71.2,-0.024,0.048,337,0
35.11,71.25,0.052,0.033,338,0
35.15,71.27,0.016,0.04,339,0
35.12,71.12,-0.146,-0.034,340,0
35.09,71.14,0.021,-0.03,341,0
35.13,71.2,0.059,0.043,342,0
35.16,71.17,-0.03,0.031,343,0
35.15,71.13,-0.04,-0.016,344,0
35.18,71.15,0.014,0.033,345,0
35.21,70.97,-0.18,0.029,346,0
35.22,71.0,0.032,0.01,347,0
35.25,70.86,-0.135,0.035,348,0
35.25,70.7,-0.166,0.0,349,0
35.3,70.8,0.098,0.05,350,0
35.3,70.77,-0.029,-0.004,351,0
35.3,70.73,-0.042,0.0,352,0
35.27,70.58,-0.147,-0.025,353,0
35.27,70.68,0.099,-0.005,354,0
35.28,70.76,0.087,0.008,355,0
35.29,70.61,-0.155,0.017,356,0
35.31,70.57,-0.043,0.014,357,0
35.28,70.61,0.046,-0.027,358,0
35.24,70.43,-0.177,-0.037,359,0
35.29,70.31,-0.128,0.045,360,0
35.27,70.36,0.055,-0.018,361,0
35.28,70.38,0.017,0.007,362,0
35.31,70.42,0.039,0.033,363,0
35.28,70.38,-0.035,-0.028,364,0
35.33,70.38,-0.006,0.051,365,0
35.36,70.31,-0.066,0.026,366,0
35.32,70.18,-0.128,-0.036,367,0
35.29,70.05,-0.13,-0.027,368,0
35.27,69.87,-0.179,-0.023,369,0
35.24,69.76,-0.117,-0.031,370,0
35.22,69.81,0.055,-0.017,371,0
35.26,69.62,-0.188,0.038,372,0
35.22,69.69,0.067,-0.046,373,0
35.19,69.59,-0.101,-0.025,374,0
35.21,69.5,-0.091,0.017,375,0
35.17,69.45,-0.045,-0.035,376,0
35.15,69.32,-0.136,-0.021,377,0
35.17,69.34,0.02,0.019,378,0
35.13,69.37,0.036,-0.045,379,0
35.1,69.34,-0.031,-0.03,380,0
35.07,69.34,-0.002,-0.025,381,0
35.03,69.44,0.1,-0.042,382,0
35.05,69.52,0.082,0.025,383,0
35.06,69.49,-0.037,0.001,384,0
35.06,69.47,-0.02,0.007,385,0
35.05,69.32,-0.148,-0.014,386,0
35.04,69.27,-0.051,-0.012,387,0
35.09,69.21,-0.058,0.051,388,0
35.07,69.14,-0.07,-0.018,389,0
35.11,69.04,-0.101,0.037,390,0
35.08,69.13,0.087,-0.026,391,0
35.11,68.94,-0.187,0.029,392,0
35.1,68.86,-0.083,-0.006,393,0
35.06,68.93,0.07,-0.042,394,0
35.08,69.0,0.07,0.022,395,0
35.13,68.86,-0.133,0.043,396,0
35.14,68.69,-0.17,0.009,397,0
35.16,68.79,0.099,0.024,398,0
35.21,68.8,0.012,0.052,399,0
35.22,68.9,0.099,0.011,400,0
35.2,68.81,-0.096,-0.026,401,0
35.2,68.79,-0.019,0.001,402,0
35.23,68.81,0.021,0.036,403,0
35.19,68.69,-0.121,-0.042,404,0
35.21,68.64,-0.051,0.014,405,0
35.16,68.73,0.094,-0.047,406,0
35.16,68.82,0.087,0.001,407,0
35.13,68.81,-0.008,-0.027,408,0
35.17,68.74,-0.073,0.033,409,0
35.21,68.71,-0.023,0.04,410,0
35.19,68.78,0.071,-0.019,411,0
35.19,68.86,0.078,0.004,412,0
35.16,68.68,-0.184,-0.033,413,0
35.13,68.51,-0.168,-0.03,414,0
35.18,68.39,-0.116,0.05,415,0
35.16,68.29,-0.108,-0.018,416,0
35.21,68.26,-0.03,0.045,417,0
35.19,68.13,-0.124,-0.012,418,0
35.18,68.17,0.039,-0.016,419,0
35.22,68.2,0.033,0.047,420,0
35.23,68.26,0.053,0.01,421,0
35.22,68.24,-0.016,-0.014,422,0
35.21,68.31,0.07,-0.009,423,0
35.21,68.39,0.077,-0.004,424,0
35.17,68.38,-0.007,-0.035,425,0
35.22,68.43,0.047,0.051,426,0
35.25,68.5,0.075,0.027,427,0
35.24,68.32,-0.187,-0.013,428,0
35.26,68.28,-0.033,0.018,429,0
35.29,68.27,-0.016,0.037,430,0
35.34,68.16,-0.103,0.05,431,0
35.39,68.06,-0.101,0.044,432,0
35.39,68.03,-0.036,0.009,433,0
35.43,68.06,0.029,0.031,434,0
35.43,68.11,0.058,0.006,435,0
35.48,68.16,0.043,0.046,436,0
35.46,68.04,-0.118,-0.016,437,0
35.48,67.94,-0.099,0.023,438,0
35.51,68.04,0.102,0.027,439,0
35.54,68.06,0.018,0.03,440,0
35.54,68.11,0.05,-0.003,441,0
35.51,68.0,-0.109,-0.029,442,0
35.49,68.09,0.094,-0.022,443,0
35.5,68.17,0.081,0.016,444,0
35.55,68.25,0.074,0.05,445,0
35.6,68.33,0.079,0.044,446,0
35.59,68.33,0.002,-0.006,447,0
35.57,68.37,0.042,-0.02,448,0
35.54,68.34,-0.028,-0.03,449,0
35.53,68.18,-0.162,-0.009,450,0
35.52,68.13,-0.048,-0.016,451,0
35.54,68.16,0.024,0.02,452,0
35.59,67.97,-0.187,0.05,453,0
35.63,67.79,-0.176,0.041,454,0
35.59,67.86,0.062,-0.04,455,0
35.57,67.92,0.065,-0.013,456,0
35.53,67.91,-0.009,-0.043,457,0
35.48,67.9,-0.008,-0.046,458,0
35.46,67.73,-0.176,-0.022,459,0
35.51,67.77,0.038,0.047,460,0
35.51,67.68,-0.09,0.004,461,0
35.47,67.48,-0.196,-0.043,462,0
35.45,67.3,-0.185,-0.018,463,0
35.48,67.1,-0.191,0.023,464,0
35.46,66.98,-0.121,-0.012,465,0
35.45,66.97,-0.01,-0.009,466,0
35.44,67.01,0.04,-0.018,467,0
35.47,67.11,0.093,0.033,468,0
35.46,67.01,-0.092,-0.012,469,0
35.51,66.82,-0.192,0.051,470,0
35.52,66.79,-0.032,0.013,471,0
35.51,66.85,0.061,-0.008,472,0
35.51,66.69,-0.157,-0.004,473,0
35.56,66.52,-0.179,0.049,474,0
35.58,66.48,-0.038,0.022,475,0
35.61,66.46,-0.017,0.026,476,0
35.61,66.29,-0.171,0.003,477,0
35.65,66.14,-0.146,0.041,478,0
35.64,66.18,0.04,-0.009,479,0
35.66,66.04,-0.144,0.018,480,0
35.68,65.86,-0.179,0.02,481,0
35.66,65.77,-0.087,-0.015,482,0
35.64,65.58,-0.191,-0.024,483,0
35.59,65.49,-0.096,-0.046,484,0
35.64,65.55,0.063,0.045,485,0
35.64,65.37,-0.176,0.002,486,0
35.64,65.2,-0.176,-0.005,487,0
35.68,65.08,-0.115,0.047,488,0
35.71,65.03,-0.052,0.029,489,0
35.7,65.05,0.019,-0.009,490,0
35.73,64.91,-0.141,0.029,491,0
35.75,64.96,0.047,0.015,492,0
35.79,64.97,0.01,0.041,493,0
35.76,65.0,0.036,-0.032,494,0
35.77,64.88,-0.123,0.011,495,0
35.73,64.8,-0.077,-0.042,496,0
35.77,64.71,-0.089,0.048,497,0
35.78,64.55,-0.167,0.003,498,0
35.76,64.62,0.079,-0.02,499,0
35.74,64.61,-0.019,-0.02,500,0
35.75,64.64,0.031,0.017,501,0
35.78,64.62,-0.015,0.028,502,0
35.77,64.5,-0.122,-0.017,503,0
35.77,64.58,0.085,0.006,504,0
35.81,64.44,-0.142,0.042,505,0
35.77,64.26,-0.177,-0.039,506,0
35.75,64.31,0.042,-0.024,507,0
35.72,64.24,-0.064,-0.035,508,0
35.74,64.33,0.085,0.02,509,0
35.74,64.21,-0.114,0.001,510,0
35.77,64.23,0.016,0.034,511,0
35.78,64.08,-0.15,0.01,512,0
35.77,64.11,0.027,-0.015,513,0
35.79,64.08,-0.025,0.024,514,0
35.82,63.97,-0.118,0.036,515,0
35.87,64.06,0.094,0.043,516,0
35.85,64.03,-0.025,-0.017,517,0
35.86,64.1,0.069,0.01,518,0
35.85,64.0,-0.105,-0.014,519,0
35.85,64.03,0.031,0.007,520,0
35.83,64.1,0.072,-0.024,521,0
35.84,64.2,0.094,0.01,522,0
35.82,64.19,-0.004,-0.019,523,0
35.85,64.22,0.025,0.032,524,0
35.81,64.17,-0.049,-0.046,525,0
35.83,64.26,0.09,0.027,526,0
35.85,64.2,-0.054,0.019,527,0
35.85,64.21,0.005,-0.0,528,0
35.89,64.25,0.043,0.038,529,0
35.86,64.2,-0.056,-0.027,530,0
35.85,64.16,-0.038,-0.016,531,0
35.81,64.04,-0.115,-0.033,532,0
35.78,63.88,-0.164,-0.038,533,0
35.74,63.84,-0.036,-0.036,534,0
35.75,63.68,-0.159,0.006,535,0
35.74,63.62,-0.063,-0.004,536,0
35.74,63.66,0.045,-0.005,537,0
35.73,63.68,0.011,-0.008,538,0
35.74,63.5,-0.18,0.013,539,0
35.76,63.47,-0.021,0.012,540,0
35.72,63.55,0.071,-0.031,541,0
35.69,63.6,0.054,-0.035,542,0
35.71,63.57,-0.024,0.017,543,0
35.7,63.44,-0.134,-0.003,544,0
35.7,63.5,0.062,0.002,545,0
35.66,63.58,0.081,-0.046,546,0
35.65,63.62,0.041,-0.006,547,0
35.64,63.68,0.06,-0.016,548,0
35.65,63.52,-0.162,0.015,549,0
35.65,63.58,0.056,-0.004,550,0
35.68,63.62,0.038,0.032,551,0
35.7,63.64,0.023,0.017,552,0
35.69,63.69,0.05,-0.006,553,0
35.67,63.51,-0.183,-0.018,554,0
35.67,63.39,-0.114,-0.003,555,0
35.71,63.48,0.092,0.044,556,0
35.69,63.59,0.101,-0.021,557,0
35.69,63.49,-0.091,-0.003,558,0
35.74,63.55,0.057,0.047,559,0
35.78,63.37,-0.181,0.049,560,0
35.81,63.47,0.101,0.027,561,0
35.8,63.48,0.012,-0.012,562,0
35.78,63.58,0.091,-0.022,563,0
35.79,63.46,-0.113,0.016,564,0
35.82,63.5,0.038,0.021,565,0
35.8,63.57,0.066,-0.016,566,0
35.76,63.61,0.046,-0.035,567,0
35.78,63.53,-0.081,0.015,568,0
35.83,63.48,-0.05,0.047,569,0
35.85,63.36,-0.117,0.027,570,0
35.84,63.25,-0.117,-0.014,571,0
35.86,63.15,-0.096,0.019,572,0
35.91,63.1,-0.055,0.046,573,0
35.92,63.18,0.084,0.019,574,0
35.96,63.05,-0.134,0.035,575,0
36.01,63.06,0.01,0.049,576,0
36.05,62.86,-0.196,0.043,577,0
36.1,62.76,-0.097,0.052,578,0
36.15,62.84,0.072,0.047,579,0
36.17,62.87,0.037,0.021,580,0
36.22,62.72,-0.149,0.045,581,0
36.22,62.67,-0.056,0.005,582,0
36.25,62.68,0.015,0.03,583,0
36.26,62.63,-0.055,0.009,584,0
36.3,62.63,0.004,0.04,585,0
36.35,62.58,-0.048,0.047,586,0
36.4,62.55,-0.031,0.051,587,0
36.44,62.61,0.055,0.038,588,0
36.45,62.63,0.023,0.017,589,0
36.45,62.56,-0.069,-0.008,590,0
36.49,62.43,-0.127,0.045,591,0
36.5,62.48,0.046,0.006,592,0
36.47,62.52,0.039,-0.029,593,0
36.49,62.46,-0.058,0.02,594,0
36.49,62.35,-0.106,0.006,595,0
36.52,62.35,-0.005,0.029,596,0
36.56,62.44,0.091,0.033,597,0
36.58,62.33,-0.112,0.021,598,0
36.63,62.15,-0.184,0.048,599,0
33.61,82.85,0.075,-0.006,0,0
33.57,82.82,-0.029,-0.039,1,0
33.56,82.78,-0.039,-0.011,2,0
33.61,82.69,-0.1,0.047,3,0
33.6,82.67,-0.01,-0.014,4,0
33.59,82.77,0.097,-0.01,5,0
33.62,82.69,-0.086,0.033,6,0
33.65,82.71,0.02,0.027,7,0
33.61,82.62,-0.083,-0.035,8,0
33.6,82.45,-0.175,-0.014,9,0
33.59,82.28,-0.164,-0.01,10,0
33.54,82.24,-0.043,-0.047,11,0
33.5,82.24,0.001,-0.039,12,0
33.51,82.07,-0.17,0.014,13,0
33.47,81.89,-0.18,-0.047,14,0
33.5,81.77,-0.121,0.032,15,0
33.52,81.68,-0.094,0.021,16,0
33.49,81.5,-0.181,-0.032,17,0
33.47,81.54,0.045,-0.023,18,0
33.51,81.41,-0.133,0.046,19,0
33.53,81.39,-0.014,0.019,20,0
33.51,81.44,0.041,-0.025,21,0
33.51,81.33,-0.102,0.002,22,0
33.49,81.17,-0.159,-0.015,23,0
33.48,81.16,-0.013,-0.018,24,0
33.43,81.16,-0.003,-0.041,25,0
33.4,81.17,0.007,-0.035,26,0
33.39,81.23,0.068,-0.011,27,0
33.36,81.13,-0.107,-0.028,28,0
33.36,81.24,0.111,0.001,29,0
33.41,81.22,-0.02,0.046,30,0
33.38,81.3,0.086,-0.027,31,0
33.39,81.39,0.088,0.006,32,0
33.34,81.23,-0.157,-0.045,33,0
33.37,81.09,-0.143,0.028,34,0
33.37,81.15,0.062,0.003,35,0
33.42,81.24,0.086,0.045,36,0
33.43,81.35,0.112,0.007,37,0
33.42,81.28,-0.071,-0.01,38,0
33.42,81.22,-0.056,0.005,39,0
33.43,81.08,-0.14,0.004,40,0
33.46,81.18,0.092,0.03,41,0
33.42,81.16,-0.019,-0.032,42,0
33.46,81.11,-0.042,0.035,43,0
33.49,81.13,0.017,0.036,44,0
33.46,81.03,-0.1,-0.037,45,0
33.44,81.0,-0.036,-0.014,46,0
33.44,80.95,-0.044,-0.005,47,0
33.44,80.86,-0.094,0.002,48,0
33.39,80.9,0.047,-0.048,49,0
33.42,80.79,-0.113,0.029,50,0
33.46,80.82,0.033,0.035,51,0
33.42,80.78,-0.044,-0.039,52,0
33.46,80.83,0.052,0.047,53,0
33.49,80.82,-0.014,0.028,54,0
33.47,80.75,-0.066,-0.017,55,0
33.45,80.85,0.098,-0.02,56,0
33.44,80.73,-0.127,-0.01,57,0
33.41,80.72,-0.001,-0.038,58,0
33.42,80.8,0.072,0.013,59,0
33.44,80.7,-0.095,0.025,60,0
33.46,80.67,-0.033,0.016,61,0
33.5,80.53,-0.143,0.043,62,0
33.53,80.56,0.029,0.023,63,0
33.56,80.52,-0.04,0.036,64,0
33.6,80.55,0.034,0.035,65,0
33.63,80.52,-0.028,0.03,66,0
33.58,80.59,0.072,-0.045,67,0
33.58,80.46,-0.135,-0.0,68,0
33.54,80.4,-0.055,-0.036,69,0
33.52,80.36,-0.04,-0.027,70,0
33.5,80.41,0.05,-0.015,71,0
33.46,80.41,-0.001,-0.048,72,0
33.44,80.23,-0.181,-0.015,73,0
33.47,80.31,0.075,0.026,74,0
33.5,80.3,-0.007,0.034,75,0
33.48,80.4,0.101,-0.015,76,0
33.51,80.27,-0.131,0.022,77,0
33.49,80.11,-0.156,-0.021,78,0
33.5,79.99,-0.12,0.014,79,0
33.45,79.82,-0.171,-0.051,80,0
33.4,79.64,-0.18,-0.045,81,0
33.4,79.73,0.083,-0.007,82,0
33.35,79.57,-0.155,-0.046,83,0
33.38,79.56,-0.008,0.028,84,0
33.39,79.45,-0.111,0.016,85,0
33.44,79.4,-0.049,0.046,86,0
33.42,79.27,-0.132,-0.016,87,0
33.38,79.24,-0.027,-0.043,88,0
33.35,79.24,-0.0,-0.031,89,0
33.3,79.16,-0.079,-0.05,90,0
33.28,79.15,-0.011,-0.016,91,0
33.3,79.24,0.085,0.013,92,0
33.26,79.06,-0.177,-0.042,93,0
33.23,78.97,-0.089,-0.023,94,0
33.26,78.9,-0.067,0.031,95,0
33.22,79.0,0.1,-0.044,96,0
33.17,78.88,-0.12,-0.047,97,0
33.19,78.71,-0.172,0.017,98,0
33.2,78.54,-0.166,0.014,99,0
33.21,78.5,-0.048,0.004,100,0
33.25,78.34,-0.158,0.042,101,0
33.29,78.26,-0.078,0.042,102,0
33.34,78.31,0.054,0.047,103,0
33.38,78.13,-0.184,0.041,104,0
33.4,78.15,0.026,0.017,105,0
33.44,78.27,0.113,0.045,106,0
33.41,78.15,-0.122,-0.032,107,0
33.41,78.21,0.064,-0.005,108,0
33.36,78.21,0.004,-0.048,109,0
33.39,78.28,0.066,0.035,110,0
33.43,78.12,-0.157,0.035,111,0
33.39,78.02,-0.099,-0.036,112,0
33.42,77.88,-0.139,0.03,113,0
33.43,77.99,0.108,0.009,114,0
33.46,77.85,-0.139,0.034,115,0
33.48,77.95,0.099,0.015,116,0
33.52,77.84,-0.108,0.045,117,0
33.49,77.78,-0.061,-0.032,118,0
33.47,77.71,-0.072,-0.026,119,0
33.46,77.73,0.022,-0.01,120,0
33.42,77.67,-0.065,-0.036,121,0
33.45,77.68,0.009,0.033,122,0
33.43,77.78,0.107,-0.026,123,0
33.45,77.7,-0.084,0.019,124,0
33.48,77.76,0.064,0.03,125,0
33.51,77.6,-0.161,0.03,126,0
33.46,77.63,0.027,-0.05,127,0
33.5,77.68,0.05,0.043,128,0
33.45,77.59,-0.084,-0.045,129,0
33.43,77.5,-0.091,-0.029,130,0
33.38,77.34,-0.165,-0.042,131,0
33.39,77.44,0.097,0.008,132,0
33.44,77.52,0.087,0.043,133,0
33.42,77.58,0.058,-0.012,134,0
33.39,77.64,0.063,-0.038,135,0
33.41,77.58,-0.064,0.025,136,0
33.43,77.63,0.053,0.017,137,0
33.47,77.53,-0.104,0.04,138,0
33.51,77.57,0.041,0.047,139,0
33.5,77.56,-0.004,-0.011,140,0
33.48,77.63,0.068,-0.027,141,0
33.51,77.6,-0.035,0.036,142,0
33.49,77.52,-0.073,-0.021,143,0
33.52,77.44,-0.081,0.031,144,0
33.5,77.31,-0.135,-0.022,145,0
33.52,77.38,0.073,0.023,146,0
33.56,77.31,-0.07,0.035,147,0
33.57,77.32,0.013,0.016,148,0
33.53,77.26,-0.062,-0.042,149,0
33.53,77.29,0.033,-0.004,150,0
33.56,77.36,0.07,0.035,151,0
33.53,77.4,0.035,-0.037,152,0
33.48,77.45,0.047,-0.042,153,0
33.49,77.3,-0.151,0.003,154,0
33.44,77.36,0.062,-0.043,155,0
33.49,77.19,-0.17,0.044,156,0
33.44,77.01,-0.18,-0.045,157,0
33.47,76.97,-0.036,0.026,158,0
33.51,76.88,-0.087,0.038,159,0
33.47,76.71,-0.174,-0.036,160,0
33.47,76.67,-0.039,0.002,161,0
33.45,76.74,0.069,-0.02,162,0
33.43,76.57,-0.172,-0.026,163,0
33.46,76.47,-0.099,0.037,164,0
33.44,76.56,0.086,-0.025,165,0
33.48,76.41,-0.145,0.044,166,0
33.44,76.3,-0.108,-0.038,167,0
33.47,76.24,-0.065,0.026,168,0
33.47,76.06,-0.181,0.001,169,0
33.5,76.08,0.024,0.032,170,0
33.53,75.91,-0.167,0.029,171,0
33.55,75.8,-0.118,0.014,172,0
33.59,75.81,0.011,0.045,173,0
33.58,75.89,0.078,-0.012,174,0
33.59,75.78,-0.111,0.009,175,0
33.54,75.89,0.112,-0.049,176,0
33.49,75.74,-0.143,-0.047,177,0
33.51,75.78,0.032,0.014,178,0
33.47,75.62,-0.151,-0.038,179,0
33.42,75.71,0.086,-0.052,180,0
33.43,75.82,0.107,0.013,181,0
33.44,75.65,-0.163,0.012,182,0
33.44,75.48,-0.173,0.001,183,0
33.41,75.57,0.084,-0.031,184,0
33.41,75.49,-0.078,-0.006,185,0
33.38,75.5,0.015,-0.03,186,0
33.4,75.54,0.038,0.026,187,0
33.42,75.47,-0.069,0.021,188,0
33.4,75.49,0.019,-0.022,189,0
33.39,75.34,-0.15,-0.007,190,0
33.34,75.18,-0.161,-0.049,191,0
33.34,75.23,0.053,-0.01,192,0
33.37,75.07,-0.162,0.03,193,0
33.39,75.02,-0.049,0.023,194,0
33.41,74.87,-0.153,0.021,195,0
33.36,74.95,0.078,-0.052,196,0
33.35,74.9,-0.052,-0.006,197,0
33.35,74.78,-0.111,-0.002,198,0
33.33,74.89,0.106,-0.017,199,0
33.33,74.84,-0.055,0.0,200,0
33.33,74.78,-0.058,-0.005,201,0
33.32,74.83,0.054,-0.01,202,0
33.33,74.79,-0.04,0.016,203,0
33.3,74.79,-0.005,-0.037,204,0
33.3,74.85,0.062,0.002,205,0
33.31,74.73,-0.116,0.006,206,0
33.27,74.58,-0.151,-0.032,207,0
33.28,74.68,0.099,0.006,208,0
33.26,74.54,-0.141,-0.017,209,0
33.23,74.49,-0.05,-0.035,210,0
33.22,74.41,-0.077,-0.004,211,0
33.21,74.29,-0.12,-0.011,212,0
33.25,74.36,0.062,0.038,213,0
33.27,74.25,-0.102,0.016,214,0
33.28,74.34,0.082,0.015,215,0
33.3,74.18,-0.155,0.016,216,0
33.3,74.01,-0.173,0.006,217,0
33.33,74.06,0.056,0.028,218,0
33.34,74.08,0.02,0.01,219,0
33.35,74.13,0.046,0.006,220,0
33.39,74.2,0.068,0.046,221,0
33.35,74.17,-0.024,-0.044,222,0
33.31,74.19,0.015,-0.036,223,0
33.34,74.23,0.04,0.027,224,0
33.31,74.06,-0.168,-0.031,225,0
33.26,73.9,-0.157,-0.051,226,0
33.21,73.89,-0.018,-0.049,227,0
33.24,73.81,-0.079,0.029,228,0
33.19,73.63,-0.175,-0.046,229,0
33.2,73.57,-0.065,0.012,230,0
33.22,73.6,0.029,0.021,231,0
33.2,73.53,-0.067,-0.029,232,0
33.23,73.36,-0.167,0.037,233,0
33.24,73.45,0.092,0.009,234,0
33.25,73.53,0.079,0.009,235,0
33.24,73.44,-0.091,-0.014,236,0
33.26,73.53,0.084,0.022,237,0
33.25,73.47,-0.055,-0.012,238,0
33.24,73.58,0.109,-0.012,239,0
33.22,73.63,0.055,-0.018,240,0
33.26,73.71,0.072,0.039,241,0
33.24,73.74,0.038,-0.014,242,0
33.2,73.85,0.11,-0.04,243,0
33.25,73.78,-0.078,0.045,244,0
33.25,73.7,-0.073,-0.004,245,0
33.27,73.79,0.092,0.028,246,0
33.24,73.79,-0.001,-0.035,247,0
33.22,73.87,0.076,-0.017,248,0
33.27,73.92,0.055,0.047,249,0
33.25,74.01,0.088,-0.014,250,0
33.26,73.91,-0.106,0.008,251,0
33.3,73.89,-0.018,0.04,252,0
33.33,73.95,0.06,0.029,253,0
33.36,74.03,0.086,0.033,254,0
33.32,74.0,-0.037,-0.043,255,0
33.36,74.06,0.066,0.039,256,0
33.34,74.07,0.005,-0.024,257,0
33.29,73.92,-0.151,-0.047,258,0
33.24,73.75,-0.171,-0.052,259,0
33.24,73.68,-0.069,0.001,260,0
33.28,73.64,-0.032,0.046,261,0
33.25,73.75,0.104,-0.029,262,0
33.28,73.78,0.027,0.028,263,0
33.33,73.76,-0.017,0.043,264,0
33.3,73.8,0.041,-0.025,265,0
33.32,73.63,-0.168,0.017,266,0
33.33,73.54,-0.092,0.012,267,0
33.35,73.48,-0.062,0.018,268,0
33.38,73.48,-0.003,0.032,269,0
33.42,73.48,0.002,0.036,270,0
33.42,73.41,-0.071,0.004,271,0
33.39,73.48,0.069,-0.028,272,0
33.42,73.4,-0.074,0.027,273,0
33.41,73.3,-0.101,-0.006,274,0
33.36,73.3,-0.003,-0.048,275,0
33.34,73.36,0.063,-0.021,276,0
33.31,73.34,-0.02,-0.029,277,0
33.26,73.23,-0.107,-0.051,278,0
33.26,73.19,-0.04,0.0,279,0
33.29,73.01,-0.179,0.032,280,0
33.28,72.96,-0.059,-0.016,281,0
33.23,73.07,0.113,-0.052,282,0
33.18,73.17,0.097,-0.048,283,0
33.2,73.26,0.09,0.027,284,0
33.16,73.34,0.083,-0.041,285,0
33.2,73.34,0.001,0.04,286,0
33.2,73.25,-0.088,-0.004,287,0
33.17,73.16,-0.097,-0.032,288,0
33.19,73.13,-0.024,0.025,289,0
33.16,73.11,-0.024,-0.035,290,0
33.14,73.01,-0.094,-0.015,291,0
33.14,72.98,-0.033,-0.003,292,0
33.13,73.03,0.049,-0.008,293,0
33.1,72.95,-0.083,-0.031,294,0
33.12,72.77,-0.182,0.016,295,0
33.1,72.87,0.102,-0.017,296,0
33.08,72.78,-0.09,-0.016,297,0
33.05,72.61,-0.169,-0.034,298,0
33.04,72.47,-0.139,-0.006,299,0
33.03,72.31,-0.159,-0.009,300,0
33.05,72.28,-0.033,0.014,301,0
33.03,72.39,0.108,-0.018,302,0
32.99,72.42,0.03,-0.041,303,0
33.0,72.52,0.109,0.009,304,0
33.03,72.55,0.021,0.035,305,0
32.99,72.55,0.004,-0.044,306,0
33.01,72.37,-0.179,0.022,307,0
32.97,72.43,0.06,-0.043,308,0
32.99,72.25,-0.18,0.018,309,0
32.98,72.31,0.061,-0.004,310,0
32.94,72.32,0.003,-0.049,311,0
32.98,72.21,-0.104,0.045,312,0
32.97,72.05,-0.166,-0.01,313,0
33.0,72.04,-0.005,0.031,314,0
33.03,71.92,-0.121,0.024,315,0
33.04,71.88,-0.044,0.017,316,0
33.07,71.73,-0.143,0.025,317,0
33.1,71.72,-0.018,0.036,318,0
33.1,71.71,-0.011,-0.008,319,0
33.13,71.67,-0.033,0.031,320,0
33.13,71.55,-0.125,0.004,321,0
33.11,71.41,-0.141,-0.016,322,0
33.12,71.48,0.069,0.007,323,0
33.07,71.4,-0.074,-0.048,324,0
33.06,71.34,-0.062,-0.012,325,0
33.02,71.17,-0.173,-0.045,326,0
33.05,71.07,-0.096,0.028,327,0
33.04,70.92,-0.149,-0.005,328,0
33.02,70.92,-0.003,-0.023,329,0
33.03,70.76,-0.16,0.012,330,0
33.06,70.73,-0.026,0.029,331,0
33.09,70.72,-0.016,0.036,332,0
33.07,70.65,-0.069,-0.024,333,0
33.05,70.52,-0.129,-0.023,334,0
33.03,70.62,0.104,-0.018,335,0
32.98,70.64,0.022,-0.044,336,0
33.0,70.55,-0.094,0.021,337,0
33.05,70.46,-0.092,0.044,338,0
33.02,70.57,0.106,-0.025,339,0
33.03,70.66,0.1,0.002,340,0
32.98,70.51,-0.151,-0.05,341,0
32.96,70.49,-0.023,-0.021,342,0
32.93,70.34,-0.153,-0.024,343,0
32.96,70.36,0.024,0.026,344,0
32.92,70.45,0.093,-0.042,345,0
32.92,70.4,-0.052,0.002,346,0
32.91,70.36,-0.042,-0.012,347,0
32.95,70.24,-0.118,0.045,348,0
32.91,70.28,0.042,-0.04,349,0
32.87,70.1,-0.184,-0.037,350,0
32.84,70.16,0.061,-0.029,351,0
32.84,70.04,-0.12,-0.001,352,0
32.81,70.04,0.003,-0.029,353,0
32.8,70.06,0.012,-0.014,354,0
32.78,70.1,0.044,-0.02,355,0
32.8,70.1,-0.003,0.018,356,0
32.75,69.96,-0.14,-0.051,357,0
32.77,69.77,-0.184,0.025,358,0
32.8,69.66,-0.113,0.031,359,0
32.84,69.75,0.089,0.04,360,0
32.82,69.69,-0.058,-0.023,361,0
32.82,69.52,-0.174,-0.003,362,0
32.77,69.38,-0.14,-0.049,363,0
32.75,69.24,-0.138,-0.021,364,0
32.75,69.27,0.034,0.008,365,0
32.72,69.37,0.1,-0.033,366,0
32.7,69.34,-0.035,-0.017,367,0
32.7,69.44,0.105,-0.004,368,0
32.73,69.42,-0.027,0.031,369,0
32.78,69.46,0.046,0.045,370,0
32.74,69.32,-0.142,-0.034,371,0
32.75,69.39,0.07,0.004,372,0
32.75,69.21,-0.177,0.008,373,0
32.76,69.33,0.112,0.001,374,0
32.75,69.23,-0.098,-0.003,375,0
32.75,69.23,0.003,-0.006,376,0
32.76,69.07,-0.156,0.016,377,0
32.72,69.01,-0.067,-0.042,378,0
32.73,68.99,-0.017,0.013,379,0
32.75,69.07,0.077,0.013,380,0
32.78,69.15,0.084,0.031,381,0
32.78,69.09,-0.065,-0.0,382,0
32.74,69.2,0.109,-0.036,383,0
32.7,69.2,0.009,-0.046,384,0
32.74,69.14,-0.059,0.042,385,0
32.69,69.07,-0.07,-0.052,386,0
32.72,69.12,0.046,0.037,387,0
32.72,69.19,0.07,-0.002,388,0
32.67,69.28,0.086,-0.047,389,0
32.67,69.36,0.086,-0.004,390,0
32.69,69.19,-0.172,0.02,391,0
32.65,69.05,-0.137,-0.036,392,0
32.64,69.07,0.015,-0.015,393,0
32.59,69.03,-0.035,-0.051,394,0
32.54,69.01,-0.022,-0.045,395,0
32.5,68.96,-0.051,-0.039,396,0
32.46,68.96,0.003,-0.043,397,0
32.49,68.96,-0.003,0.026,398,0
32.48,69.07,0.112,-0.009,399,0
32.43,68.95,-0.121,-0.049,400,0
32.4,68.78,-0.167,-0.032,401,0
32.34,68.77,-0.019,-0.052,402,0
32.38,68.74,-0.022,0.032,403,0
32.35,68.82,0.079,-0.027,404,0
32.4,68.91,0.086,0.046,405,0
32.35,68.89,-0.021,-0.048,406,0
32.39,68.95,0.06,0.042,407,0
32.39,69.03,0.083,0.0,408,0
32.38,68.9,-0.128,-0.011,409,0
32.38,68.96,0.053,0.001,410,0
32.37,69.04,0.089,-0.007,411,0
32.33,69.08,0.035,-0.039,412,0
32.29,68.91,-0.168,-0.043,413,0
32.34,68.75,-0.165,0.047,414,0
32.33,68.77,0.02,-0.011,415,0
32.34,68.71,-0.059,0.02,416,0
32.32,68.61,-0.097,-0.021,417,0
32.36,68.62,0.006,0.036,418,0
32.38,68.57,-0.043,0.015,419,0
32.32,68.45,-0.119,-0.05,420,0
32.33,68.42,-0.037,0.003,421,0
32.3,68.48,0.066,-0.032,422,0
32.33,68.45,-0.029,0.039,423,0
32.32,68.46,0.007,-0.019,424,0
32.29,68.55,0.09,-0.029,425,0
32.28,68.4,-0.154,-0.011,426,0
32.28,68.47,0.077,-0.0,427,0
32.25,68.44,-0.037,-0.024,428,0
32.23,68.52,0.082,-0.02,429,0
32.23,68.62,0.1,-0.004,430,0
32.18,68.72,0.099,-0.043,431,0
32.18,68.72,0.003,-0.009,432,0
32.15,68.75,0.028,-0.025,433,0
32.19,68.61,-0.136,0.044,434,0
32.21,68.68,0.066,0.014,435,0
32.17,68.61,-0.07,-0.039,436,0
32.18,68.57,-0.042,0.007,437,0
32.15,68.67,0.103,-0.028,438,0
32.11,68.54,-0.127,-0.042,439,0
32.07,68.65,0.107,-0.037,440,0
32.1,68.53,-0.118,0.028,441,0
32.13,68.45,-0.081,0.033,442,0
32.12,68.41,-0.043,-0.009,443,0
32.1,68.23,-0.177,-0.022,444,0
32.14,68.05,-0.182,0.038,445,0
32.16,68.02,-0.03,0.019,446,0
32.19,67.95,-0.066,0.037,447,0
32.17,68.0,0.043,-0.02,448,0
32.16,67.95,-0.051,-0.012,449,0
32.12,67.88,-0.07,-0.041,450,0
32.12,67.87,-0.002,-0.004,451,0
32.15,67.89,0.013,0.031,452,0
32.11,67.8,-0.083,-0.04,453,0
32.12,67.89,0.085,0.013,454,0
32.09,67.79,-0.096,-0.027,455,0
32.08,67.77,-0.017,-0.011,456,0
32.09,67.72,-0.05,0.008,457,0
32.04,67.71,-0.014,-0.047,458,0
32.0,67.66,-0.047,-0.039,459,0
32.0,67.69,0.029,-0.006,460,0
31.99,67.59,-0.105,-0.01,461,0
31.97,67.41,-0.179,-0.021,462,0
31.93,67.45,0.046,-0.042,463,0
31.92,67.42,-0.031,-0.009,464,0
31.89,67.51,0.091,-0.03,465,0
31.89,67.45,-0.064,0.001,466,0
31.86,67.33,-0.121,-0.029,467,0
31.83,67.18,-0.146,-0.033,468,0
31.85,67.16,-0.025,0.022,469,0
31.81,67.13,-0.029,-0.039,470,0
31.84,67.05,-0.079,0.035,471,0
31.84,66.99,-0.059,-0.003,472,0
31.84,66.93,-0.06,0.003,473,0
31.89,67.01,0.082,0.045,474,0
31.87,66.85,-0.168,-0.017,475,0
31.85,66.77,-0.074,-0.026,476,0
31.85,66.75,-0.02,0.003,477,0
31.85,66.66,-0.093,-0.004,478,0
31.86,66.75,0.092,0.018,479,0
31.87,66.82,0.064,0.005,480,0
31.86,66.75,-0.063,-0.005,481,0
31.81,66.75,0.002,-0.052,482,0
31.76,66.69,-0.067,-0.048,483,0
31.79,66.52,-0.163,0.029,484,0
31.77,66.46,-0.062,-0.024,485,0
31.8,66.39,-0.069,0.03,486,0
31.79,66.38,-0.011,-0.01,487,0
31.82,66.28,-0.101,0.025,488,0
31.85,66.27,-0.016,0.033,489,0
31.85,66.08,-0.184,0.007,490,0
31.84,66.02,-0.057,-0.017,491,0
31.87,66.04,0.014,0.034,492,0
31.91,65.94,-0.093,0.041,493,0
31.89,66.04,0.094,-0.028,494,0
31.88,65.87,-0.17,-0.005,495,0
31.85,65.84,-0.03,-0.026,496,0
31.87,65.77,-0.066,0.013,497,0
31.89,65.85,0.075,0.02,498,0
31.9,65.92,0.073,0.012,499,0
31.93,65.78,-0.139,0.029,500,0
31.91,65.87,0.087,-0.021,501,0
31.87,65.93,0.06,-0.04,502,0
31.87,65.94,0.013,0.002,503,0
31.9,65.91,-0.034,0.036,504,0
31.93,65.93,0.02,0.03,505,0
31.96,65.76,-0.169,0.024,506,0
31.92,65.63,-0.127,-0.042,507,0
31.9,65.74,0.111,-0.016,508,0
31.89,65.79,0.046,-0.013,509,0
31.84,65.87,0.08,-0.048,510,0
31.85,65.82,-0.052,0.01,511,0
31.84,65.83,0.017,-0.013,512,0
31.87,65.92,0.086,0.034,513,0
31.83,65.98,0.058,-0.044,514,0
31.8,65.99,0.015,-0.028,515,0
31.78,66.0,0.006,-0.017,516,0
31.77,66.1,0.099,-0.012,517,0
31.82,65.96,-0.133,0.045,518,0
31.85,66.08,0.112,0.038,519,0
31.83,65.97,-0.109,-0.022,520,0
31.81,65.95,-0.014,-0.022,521,0
31.79,65.97,0.015,-0.019,522,0
31.8,66.06,0.089,0.014,523,0
31.76,66.15,0.088,-0.047,524,0
31.72,66.06,-0.09,-0.034,525,0
31.72,66.02,-0.036,-0.004,526,0
31.68,66.09,0.069,-0.045,527,0
31.62,66.2,0.113,-0.051,528,0
31.64,66.17,-0.034,0.017,529,0
31.61,66.24,0.077,-0.034,530,0
31.64,66.31,0.065,0.037,531,0
31.66,66.29,-0.021,0.019,532,0
31.67,66.21,-0.083,0.007,533,0
31.67,66.29,0.084,-0.004,534,0
31.71,66.2,-0.091,0.04,535,0
31.68,66.07,-0.13,-0.027,536,0
31.66,65.9,-0.165,-0.018,537,0
31.71,65.81,-0.089,0.043,538,0
31.73,65.92,0.103,0.021,539,0
31.69,65.98,0.066,-0.036,540,0
31.72,65.86,-0.118,0.028,541,0
31.76,65.71,-0.156,0.039,542,0
31.73,65.6,-0.104,-0.03,543,0
31.7,65.69,0.087,-0.028,544,0
31.66,65.79,0.104,-0.04,545,0
31.65,65.9,0.102,-0.007,546,0
31.66,65.79,-0.102,0.011,547,0
31.63,65.69,-0.1,-0.03,548,0
31.6,65.72,0.029,-0.038,549,0
31.58,65.75,0.025,-0.018,550,0
31.57,65.7,-0.049,-0.01,551,0
31.56,65.79,0.09,-0.003,552,0
31.54,65.8,0.007,-0.025,553,0
31.52,65.82,0.026,-0.023,554,0
31.51,65.89,0.071,-0.006,555,0
31.48,65.84,-0.05,-0.027,556,0
31.47,65.85,0.005,-0.014,557,0
31.48,65.74,-0.104,0.009,558,0
31.51,65.6,-0.141,0.034,559,0
31.51,65.64,0.035,-0.002,560,0
31.49,65.65,0.012,-0.023,561,0
31.44,65.63,-0.017,-0.052,562,0
31.47,65.58,-0.051,0.037,563,0
31.43,65.59,0.012,-0.045,564,0
31.43,65.42,-0.176,0.004,565,0
31.41,65.4,-0.018,-0.024,566,0
31.41,65.26,-0.134,-0.002,567,0
31.38,65.25,-0.012,-0.028,568,0
31.35,65.18,-0.072,-0.027,569,0
31.35,65.03,-0.15,-0.003,570,0
31.35,64.97,-0.059,-0.002,571,0
31.34,65.07,0.102,-0.006,572,0
31.38,65.12,0.046,0.044,573,0
31.35,65.19,0.074,-0.035,574,0
31.3,65.16,-0.031,-0.046,575,0
31.29,65.08,-0.083,-0.017,576,0
31.29,65.06,-0.017,0.004,577,0
31.32,64.98,-0.078,0.032,578,0
31.3,64.96,-0.028,-0.027,579,0
31.34,64.85,-0.107,0.046,580,0
31.32,64.93,0.082,-0.018,581,0
31.29,64.78,-0.151,-0.038,582,0
31.26,64.82,0.045,-0.024,583,0
31.24,64.91,0.09,-0.025,584,0
31.23,64.94,0.029,-0.006,585,0
31.25,64.76,-0.178,0.024,586,0
31.27,64.7,-0.062,0.012,587,0
31.29,64.54,-0.165,0.02,588,0
31.3,64.53,-0.009,0.008,589,0
31.27,64.43,-0.098,-0.021,590,0
31.3,64.38,-0.051,0.022,591,0
31.27,64.39,0.011,-0.026,592,0
31.22,64.3,-0.088,-0.051,593,0
31.27,64.26,-0.044,0.047,594,0
31.23,64.29,0.032,-0.041,595,0
31.18,64.26,-0.029,-0.046,596,0
31.13,64.1,-0.156,-0.046,597,0
31.15,64.04,-0.068,0.011,598,0
31.16,63.88,-0.158,0.013,599,0
30.48,80.91,-0.161,0.006,0,0
30.44,80.98,0.065,-0.035,1,0
30.49,80.77,-0.209,0.045,2,0
30.51,80.68,-0.093,0.022,3,0
30.54,80.73,0.058,0.032,4,0
30.59,80.7,-0.035,0.053,5,0
30.58,80.59,-0.111,-0.019,6,0
30.55,80.5,-0.093,-0.023,7,0
30.58,80.35,-0.149,0.025,8,0
30.64,80.35,0.003,0.058,9,0
30.63,80.16,-0.187,-0.007,10,0
30.68,79.98,-0.18,0.055,11,0
30.7,79.9,-0.077,0.012,12,0
30.71,79.75,-0.149,0.009,13,0
30.73,79.67,-0.082,0.022,14,0
30.77,79.68,0.011,0.044,15,0
30.79,79.53,-0.154,0.02,16,0
30.8,79.46,-0.071,0.009,17,0
30.83,79.33,-0.127,0.03,18,0
30.85,79.3,-0.031,0.022,19,0
30.89,79.26,-0.04,0.043,20,0
30.91,79.09,-0.168,0.016,21,0
30.92,78.9,-0.193,0.011,22,0
30.91,78.78,-0.118,-0.014,23,0
30.95,78.82,0.034,0.04,24,0
30.93,78.75,-0.062,-0.018,25,0
30.93,78.68,-0.074,-0.004,26,0
30.97,78.75,0.066,0.049,27,0
30.95,78.57,-0.18,-0.024,28,0
30.98,78.58,0.016,0.034,29,0
30.99,78.36,-0.221,0.001,30,0
30.96,78.41,0.049,-0.03,31,0
30.97,78.37,-0.045,0.017,32,0
31.02,78.19,-0.176,0.052,33,0
31.06,78.1,-0.092,0.04,34,0
31.12,78.12,0.023,0.059,35,0
31.12,78.18,0.061,-0.004,36,0
31.1,78.06,-0.127,-0.018,37,0
31.07,78.12,0.062,-0.033,38,0
31.08,78.09,-0.032,0.017,39,0
31.05,78.09,0.006,-0.033,40,0
31.07,78.07,-0.027,0.024,41,0
31.07,78.08,0.019,-0.008,42,0
31.03,77.97,-0.111,-0.034,43,0
31.07,78.0,0.023,0.034,44,0
31.06,78.03,0.032,-0.003,45,0
31.04,77.99,-0.037,-0.026,46,0
31.08,78.01,0.015,0.04,47,0
31.05,78.02,0.01,-0.023,48,0
31.04,77.95,-0.068,-0.01,49,0
31.06,77.91,-0.043,0.016,50,0
31.1,77.95,0.04,0.042,51,0
31.14,77.92,-0.025,0.035,52,0
31.1,77.96,0.037,-0.035,53,0
31.07,77.73,-0.225,-0.028,54,0
31.07,77.55,-0.189,-0.008,55,0
31.09,77.47,-0.072,0.025,56,0
31.13,77.51,0.036,0.038,57,0
31.15,77.34,-0.168,0.021,58,0
31.2,77.12,-0.225,0.05,59,0
31.24,77.16,0.04,0.043,60,0
31.26,77.04,-0.111,0.019,61,0
31.28,76.87,-0.175,0.015,62,0
31.33,76.83,-0.036,0.05,63,0
31.36,76.81,-0.021,0.03,64,0
31.37,76.86,0.052,0.009,65,0
31.41,76.84,-0.023,0.039,66,0
31.38,76.85,0.006,-0.023,67,0
31.41,76.89,0.047,0.027,68,0
31.39,76.81,-0.083,-0.021,69,0
31.44,76.61,-0.203,0.048,70,0
31.42,76.43,-0.177,-0.014,71,0
31.44,76.44,0.012,0.013,72,0
31.46,76.26,-0.186,0.025,73,0
31.46,76.16,-0.093,0.004,74,0
31.43,76.0,-0.168,-0.031,75,0
31.42,76.03,0.032,-0.011,76,0
31.41,76.0,-0.03,-0.014,77,0
31.38,76.01,0.009,-0.029,78,0
31.38,75.99,-0.014,-0.003,79,0
31.43,75.85,-0.145,0.056,80,0
31.49,75.79,-0.054,0.057,81,0
31.49,75.8,0.003,-0.002,82,0
31.52,75.76,-0.036,0.026,83,0
31.48,75.7,-0.06,-0.04,84,0
31.53,75.65,-0.054,0.053,85,0
31.56,75.67,0.023,0.036,86,0
31.59,75.58,-0.092,0.026,87,0
31.59,75.6,0.027,0.005,88,0
31.62,75.66,0.051,0.026,89,0
31.61,75.55,-0.102,-0.007,90,0
31.58,75.52,-0.032,-0.035,91,0
31.63,75.5,-0.024,0.049,92,0
31.6,75.32,-0.179,-0.032,93,0
31.63,75.36,0.046,0.039,94,0
31.6,75.42,0.055,-0.032,95,0
31.61,75.35,-0.067,0.005,96,0
31.62,75.43,0.073,0.007,97,0
31.6,75.37,-0.052,-0.013,98,0
31.6,75.4,0.023,-0.003,99,0
31.65,75.3,-0.097,0.051,100,0
31.69,75.26,-0.04,0.04,101,0
31.72,75.25,-0.008,0.028,102,0
31.77,75.26,0.013,0.056,103,0
31.74,75.25,-0.01,-0.035,104,0
31.73,75.11,-0.145,-0.013,105,0
31.69,74.88,-0.226,-0.032,106,0
31.69,74.95,0.07,-0.001,107,0
31.7,74.84,-0.114,0.005,108,0
31.7,74.82,-0.018,0.006,109,0
31.73,74.72,-0.1,0.024,110,0
31.78,74.73,0.005,0.052,111,0
31.78,74.61,-0.117,0.005,112,0
31.76,74.44,-0.168,-0.027,113,0
31.76,74.41,-0.033,0.007,114,0
31.8,74.27,-0.136,0.036,115,0
31.8,74.15,-0.125,0.003,116,0
31.77,74.02,-0.129,-0.038,117,0
31.8,74.02,-0.0,0.032,118,0
31.76,73.86,-0.154,-0.035,119,0
31.81,73.87,0.009,0.049,120,0
31.84,73.77,-0.098,0.03,121,0
31.87,73.58,-0.191,0.03,122,0
31.92,73.55,-0.035,0.046,123,0
31.96,73.57,0.025,0.043,124,0
31.95,73.63,0.059,-0.007,125,0
32.0,73.66,0.029,0.049,126,0
32.04,73.5,-0.16,0.043,127,0
32.02,73.28,-0.222,-0.02,128,0
32.01,73.32,0.036,-0.011,129,0
31.97,73.25,-0.063,-0.04,130,0
31.99,73.17,-0.079,0.012,131,0
32.03,73.14,-0.036,0.043,132,0
32.01,72.96,-0.181,-0.02,133,0
32.05,73.01,0.054,0.04,134,0
32.04,72.9,-0.113,-0.005,135,0
32.01,72.69,-0.209,-0.029,136,0
32.02,72.72,0.027,0.003,137,0
32.04,72.53,-0.19,0.02,138,0
32.08,72.37,-0.16,0.044,139,0
32.07,72.28,-0.088,-0.007,140,0
32.04,72.07,-0.209,-0.029,141,0
32.09,71.98,-0.088,0.043,142,0
32.11,71.95,-0.034,0.028,143,0
32.12,71.85,-0.093,0.003,144,0
32.14,71.69,-0.165,0.019,145,0
32.14,71.76,0.068,0.001,146,0
32.19,71.54,-0.216,0.053,147,0
32.15,71.43,-0.11,-0.036,148,0
32.18,71.34,-0.088,0.021,149,0
32.22,71.36,0.022,0.046,150,0
32.27,71.18,-0.181,0.046,151,0
32.23,71.11,-0.073,-0.039,152,0
32.24,71.08,-0.025,0.009,153,0
32.27,71.01,-0.071,0.031,154,0
32.28,70.92,-0.09,0.016,155,0
32.29,70.85,-0.074,0.01,156,0
32.27,70.7,-0.149,-0.019,157,0
32.27,70.58,-0.122,-0.0,158,0
32.27,70.51,-0.067,-0.001,159,0
32.33,70.49,-0.02,0.059,160,0
32.32,70.4,-0.092,-0.015,161,0
32.37,70.32,-0.075,0.053,162,0
32.42,70.17,-0.156,0.047,163,0
32.43,70.23,0.057,0.016,164,0
32.48,70.13,-0.094,0.049,165,0
32.52,69.98,-0.149,0.041,166,0
32.52,69.93,-0.049,-0.005,167,0
32.58,69.74,-0.191,0.059,168,0
32.62,69.77,0.03,0.04,169,0
32.62,69.61,-0.161,0.005,170,0
32.65,69.43,-0.181,0.025,171,0
32.64,69.22,-0.206,-0.008,172,0
32.67,69.13,-0.092,0.033,173,0
32.66,69.2,0.064,-0.013,174,0
32.71,69.13,-0.065,0.05,175,0
32.7,68.96,-0.171,-0.011,176,0
32.69,68.98,0.024,-0.01,177,0
32.73,68.94,-0.043,0.042,178,0
32.77,68.95,0.013,0.041,179,0
32.78,68.92,-0.034,0.004,180,0
32.77,68.82,-0.1,-0.008,181,0
32.8,68.76,-0.056,0.027,182,0
32.84,68.59,-0.176,0.041,183,0
32.81,68.43,-0.161,-0.03,184,0
32.81,68.47,0.046,0.0,185,0
32.86,68.32,-0.155,0.058,186,0
32.85,68.12,-0.2,-0.018,187,0
32.89,68.15,0.039,0.042,188,0
32.86,67.95,-0.207,-0.03,189,0
32.89,67.94,-0.008,0.03,190,0
32.91,67.83,-0.112,0.018,191,0
32.89,67.61,-0.219,-0.013,192,0
32.86,67.51,-0.094,-0.036,193,0
32.85,67.42,-0.096,-0.01,194,0
32.81,67.37,-0.047,-0.035,195,0
32.85,67.25,-0.122,0.04,196,0
32.82,67.04,-0.207,-0.031,197,0
32.84,67.04,0.002,0.021,198,0
32.85,67.09,0.046,0.009,199,0
32.82,67.03,-0.057,-0.031,200,0
32.84,67.07,0.034,0.022,201,0
32.9,66.86,-0.204,0.057,202,0
32.94,66.69,-0.178,0.038,203,0
32.9,66.62,-0.066,-0.035,204,0
32.95,66.58,-0.039,0.044,205,0
32.98,66.48,-0.098,0.027,206,0
33.02,66.45,-0.034,0.042,207,0
33.07,66.38,-0.069,0.049,208,0
33.06,66.4,0.024,-0.01,209,0
33.11,66.2,-0.202,0.049,210,0
33.14,66.1,-0.098,0.032,211,0
33.14,65.91,-0.197,0.007,212,0
33.12,65.82,-0.086,-0.025,213,0
33.09,65.78,-0.043,-0.024,214,0
33.14,65.55,-0.226,0.048,215,0
33.16,65.47,-0.085,0.015,216,0
33.19,65.25,-0.217,0.034,217,0
33.19,65.25,-0.003,-0.006,218,0
33.25,65.07,-0.18,0.059,219,0
33.27,64.84,-0.223,0.022,220,0
33.3,64.76,-0.082,0.031,221,0
33.33,64.71,-0.049,0.03,222,0
33.3,64.7,-0.016,-0.023,223,0
33.27,64.77,0.073,-0.037,224,0
33.24,64.56,-0.208,-0.032,225,0
33.27,64.35,-0.207,0.038,226,0
33.24,64.39,0.033,-0.031,227,0
33.26,64.27,-0.122,0.015,228,0
33.29,64.17,-0.096,0.037,229,0
33.31,64.15,-0.02,0.021,230,0
33.32,64.11,-0.036,0.006,231,0
33.38,63.97,-0.147,0.055,232,0
33.4,63.92,-0.043,0.018,233,0
33.44,63.95,0.027,0.046,234,0
33.42,64.0,0.054,-0.022,235,0
33.44,63.89,-0.117,0.019,236,0
33.4,63.67,-0.215,-0.04,237,0
33.44,63.7,0.032,0.04,238,0
33.42,63.55,-0.156,-0.014,239,0
33.4,63.51,-0.039,-0.027,240,0
33.45,63.33,-0.183,0.051,241,0
33.48,63.25,-0.08,0.035,242,0
33.48,63.04,-0.21,-0.008,243,0
33.5,62.9,-0.134,0.027,244,0
33.48,62.8,-0.099,-0.023,245,0
33.51,62.76,-0.041,0.034,246,0
33.5,62.76,-0.004,-0.014,247,0
33.49,62.74,-0.018,-0.015,248,0
33.45,62.75,0.01,-0.031,249,0
33.41,62.68,-0.069,-0.04,250,0
33.44,62.49,-0.19,0.024,251,0
33.44,62.37,-0.124,0.0,252,0
33.41,62.22,-0.143,-0.031,253,0
33.45,62.29,0.064,0.047,254,0
33.48,62.09,-0.195,0.022,255,0
33.47,62.09,0.003,-0.004,256,0
33.53,61.98,-0.116,0.057,257,0
33.58,61.8,-0.179,0.053,258,0
33.54,61.72,-0.085,-0.039,259,0
33.56,61.72,0.001,0.02,260,0
33.57,61.56,-0.153,0.006,261,0
33.61,61.61,0.043,0.041,262,0
33.67,61.42,-0.181,0.058,263,0
33.66,61.26,-0.16,-0.013,264,0
33.63,61.11,-0.151,-0.026,265,0
33.65,61.11,-0.004,0.016,266,0
33.65,61.12,0.013,0.008,267,0
33.66,61.07,-0.053,0.003,268,0
33.63,61.13,0.057,-0.024,269,0
33.61,60.9,-0.224,-0.021,270,0
33.57,60.74,-0.159,-0.039,271,0
33.56,60.64,-0.1,-0.015,272,0
33.59,60.62,-0.019,0.037,273,0
33.56,60.61,-0.01,-0.036,274,0
33.6,60.66,0.042,0.038,275,0
33.65,60.48,-0.175,0.049,276,0
33.69,60.27,-0.214,0.045,277,0
33.7,60.2,-0.064,0.011,278,0
33.73,60.03,-0.17,0.033,279,0
33.77,59.96,-0.07,0.034,280,0
33.82,59.91,-0.053,0.046,281,0
33.78,59.91,-0.001,-0.038,282,0
33.81,59.81,-0.098,0.035,283,0
33.81,59.78,-0.037,-0.004,284,0
33.81,59.7,-0.074,0.006,285,0
33.77,59.54,-0.161,-0.039,286,0
33.77,59.33,-0.208,-0.005,287,0
33.8,59.15,-0.186,0.027,288,0
33.83,59.05,-0.101,0.035,289,0
33.86,59.1,0.055,0.026,290,0
33.92,59.17,0.065,0.059,291,0
33.88,59.05,-0.114,-0.038,292,0
33.86,58.85,-0.201,-0.021,293,0
33.91,58.67,-0.185,0.054,294,0
33.97,58.66,-0.002,0.058,295,0
33.96,58.5,-0.162,-0.01,296,0
34.01,58.3,-0.197,0.05,297,0
34.06,58.16,-0.14,0.054,298,0
34.06,58.08,-0.083,-0.007,299,0
34.09,57.97,-0.112,0.029,300,0
34.11,57.9,-0.073,0.027,301,0
34.12,57.73,-0.163,0.008,302,0
34.12,57.58,-0.155,0.003,303,0
34.14,57.53,-0.049,0.013,304,0
34.1,57.31,-0.224,-0.037,305,0
34.16,57.32,0.017,0.057,306,0
34.17,57.2,-0.126,0.01,307,0
34.18,57.13,-0.064,0.018,308,0
34.15,57.13,-0.005,-0.033,309,0
34.13,56.95,-0.173,-0.026,310,0
34.11,56.96,0.009,-0.018,311,0
34.13,56.93,-0.028,0.021,312,0
34.12,56.95,0.014,-0.007,313,0
34.12,56.93,-0.02,-0.004,314,0
34.14,56.76,-0.168,0.024,315,0
34.14,56.77,0.012,-0.002,316,0
34.13,56.79,0.016,-0.007,317,0
34.12,56.61,-0.179,-0.008,318,0
34.18,56.5,-0.111,0.053,319,0
34.19,56.32,-0.18,0.014,320,0
34.17,56.36,0.037,-0.02,321,0
34.17,56.21,-0.142,0.0,322,0
34.16,56.06,-0.149,-0.014,323,0
34.18,56.13,0.069,0.018,324,0
34.17,56.11,-0.02,-0.002,325,0
34.14,55.95,-0.163,-0.035,326,0
34.17,55.75,-0.204,0.027,327,0
34.13,55.8,0.057,-0.036,328,0
34.15,55.8,-0.007,0.017,329,0
34.13,55.81,0.013,-0.02,330,0
34.12,55.76,-0.046,-0.007,331,0
34.12,55.55,-0.215,-0.002,332,0
34.1,55.58,0.029,-0.021,333,0
34.12,55.57,-0.01,0.021,334,0
34.09,55.36,-0.205,-0.026,335,0
34.15,55.31,-0.051,0.059,336,0
34.14,55.2,-0.113,-0.01,337,0
34.15,55.03,-0.17,0.01,338,0
34.19,55.01,-0.016,0.039,339,0
34.16,54.82,-0.194,-0.035,340,0
34.14,54.72,-0.1,-0.021,341,0
34.13,54.49,-0.222,-0.003,342,0
34.19,54.37,-0.126,0.055,343,0
34.24,54.37,0.001,0.051,344,0
34.2,54.24,-0.131,-0.037,345,0
34.22,54.19,-0.052,0.021,346,0
34.2,53.98,-0.204,-0.019,347,0
34.22,53.81,-0.176,0.012,348,0
34.24,53.76,-0.042,0.027,349,0
34.27,53.78,0.021,0.027,350,0
34.32,53.84,0.057,0.048,351,0
34.33,53.84,0.002,0.011,352,0
34.29,53.73,-0.111,-0.037,353,0
34.34,53.53,-0.206,0.048,354,0
34.31,53.3,-0.225,-0.031,355,0
34.29,53.25,-0.047,-0.023,356,0
34.32,53.32,0.062,0.03,357,0
34.35,53.1,-0.218,0.037,358,0
34.32,53.0,-0.102,-0.038,359,0
34.37,52.97,-0.031,0.058,360,0
34.36,52.94,-0.027,-0.012,361,0
34.35,52.95,0.009,-0.013,362,0
34.36,52.96,0.015,0.008,363,0
34.4,52.97,0.008,0.044,364,0
34.45,52.79,-0.174,0.045,365,0
34.45,52.78,-0.012,0.009,366,0
34.46,52.71,-0.077,0.001,367,0
34.49,52.74,0.033,0.038,368,0
34.55,52.58,-0.159,0.054,369,0
34.51,52.57,-0.012,-0.033,370,0
34.48,52.62,0.051,-0.035,371,0
34.49,52.48,-0.135,0.011,372,0
34.47,52.35,-0.137,-0.016,373,0
34.53,52.35,0.005,0.058,374,0
34.54,52.3,-0.055,0.008,375,0
34.54,52.36,0.061,-0.003,376,0
34.52,52.35,-0.011,-0.014,377,0
34.49,52.16,-0.191,-0.028,378,0
34.46,52.16,0.002,-0.037,379,0
34.5,52.17,0.017,0.044,380,0
34.51,52.09,-0.084,0.006,381,0
34.54,52.04,-0.047,0.031,382,0
34.52,52.03,-0.018,-0.018,383,0
34.58,51.84,-0.189,0.056,384,0
34.6,51.72,-0.119,0.029,385,0
34.56,51.58,-0.133,-0.04,386,0
34.59,51.38,-0.209,0.028,387,0
34.56,51.18,-0.194,-0.033,388,0
34.56,51.11,-0.068,0.004,389,0
34.55,51.11,-0.001,-0.01,390,0
34.6,51.1,-0.015,0.046,391,0
34.59,51.02,-0.078,-0.009,392,0
34.56,50.96,-0.063,-0.031,393,0
34.55,50.75,-0.202,-0.009,394,0
34.51,50.77,0.017,-0.038,395,0
34.56,50.61,-0.16,0.045,396,0
34.55,50.42,-0.191,-0.006,397,0
34.53,50.45,0.034,-0.024,398,0
34.54,50.35,-0.107,0.015,399,0
34.5,50.29,-0.056,-0.04,400,0
34.47,50.17,-0.123,-0.031,401,0
34.53,49.95,-0.213,0.057,402,0
34.54,49.98,0.022,0.005,403,0
34.51,49.95,-0.028,-0.022,404,0
34.5,49.82,-0.129,-0.018,405,0
34.47,49.85,0.034,-0.024,406,0
34.5,49.69,-0.168,0.025,407,0
34.52,49.48,-0.204,0.026,408,0
34.5,49.54,0.06,-0.023,409,0
34.52,49.57,0.029,0.025,410,0
34.57,49.51,-0.058,0.044,411,0
34.56,49.54,0.024,-0.009,412,0
34.61,49.33,-0.204,0.051,413,0
34.63,49.19,-0.143,0.021,414,0
34.66,48.99,-0.201,0.03,415,0
34.62,49.01,0.019,-0.037,416,0
34.6,48.92,-0.086,-0.026,417,0
34.56,48.84,-0.079,-0.037,418,0
34.56,48.84,-0.003,-0.004,419,0
34.57,48.82,-0.017,0.017,420,0
34.58,48.76,-0.061,0.003,421,0
34.56,48.79,0.027,-0.02,422,0
34.6,48.77,-0.021,0.048,423,0
34.66,48.61,-0.157,0.056,424,0
34.63,48.49,-0.117,-0.029,425,0
34.61,48.39,-0.105,-0.022,426,0
34.67,48.2,-0.186,0.057,427,0
34.71,47.99,-0.215,0.044,428,0
34.71,47.93,-0.053,-0.003,429,0
34.69,47.74,-0.19,-0.016,430,0
34.69,47.78,0.037,-0.004,431,0
34.72,47.58,-0.204,0.032,432,0
34.7,47.45,-0.125,-0.02,433,0
34.66,47.42,-0.029,-0.038,434,0
34.64,47.31,-0.107,-0.02,435,0
34.69,47.35,0.033,0.053,436,0
34.74,47.37,0.024,0.042,437,0
34.79,47.19,-0.181,0.057,438,0
34.76,47.11,-0.083,-0.031,439,0
34.76,47.14,0.027,-0.007,440,0
34.76,47.1,-0.037,0.001,441,0
34.74,46.97,-0.125,-0.017,442,0
34.78,46.76,-0.211,0.039,443,0
34.84,46.6,-0.159,0.058,444,0
34.83,46.66,0.061,-0.004,445,0
34.81,46.52,-0.143,-0.018,446,0
34.81,46.33,-0.196,-0.008,447,0
34.84,46.25,-0.075,0.03,448,0
34.85,46.03,-0.218,0.015,449,0
34.82,45.84,-0.195,-0.026,450,0
34.82,45.73,-0.113,-0.004,451,0
34.81,45.53,-0.198,-0.009,452,0
34.83,45.46,-0.07,0.024,453,0
34.83,45.31,-0.146,-0.004,454,0
34.87,45.37,0.063,0.038,455,0
34.85,45.22,-0.159,-0.015,456,0
34.91,45.18,-0.036,0.058,457,0
34.91,45.21,0.034,-0.004,458,0
34.94,45.2,-0.011,0.032,459,0
34.94,45.26,0.059,-0.002,460,0
34.96,45.26,-0.003,0.024,461,0
34.97,45.05,-0.208,0.01,462,0
35.02,45.05,0.003,0.051,463,0
35.0,44.83,-0.22,-0.019,464,0
35.0,44.61,-0.225,-0.003,465,0
35.02,44.49,-0.122,0.019,466,0
35.04,44.42,-0.062,0.02,467,0
35.0,44.32,-0.104,-0.039,468,0
35.04,44.27,-0.048,0.045,469,0
35.01,44.28,0.004,-0.037,470,0
34.98,44.34,0.065,-0.029,471,0
35.0,44.41,0.069,0.017,472,0
35.04,44.23,-0.178,0.041,473,0
35.06,44.14,-0.088,0.023,474,0
35.05,44.16,0.015,-0.012,475,0
35.05,43.96,-0.198,-0.001,476,0
35.02,43.78,-0.178,-0.026,477,0
35.03,43.75,-0.035,0.011,478,0
35.09,43.81,0.058,0.059,479,0
35.12,43.8,-0.006,0.027,480,0
35.13,43.68,-0.122,0.013,481,0
35.15,43.67,-0.003,0.023,482,0
35.18,43.7,0.023,0.023,483,0
35.15,43.71,0.009,-0.024,484,0
35.11,43.52,-0.183,-0.04,485,0
35.17,43.55,0.028,0.054,486,0
35.13,43.62,0.068,-0.032,487,0
35.12,43.4,-0.217,-0.018,488,0
35.11,43.41,0.009,-0.007,489,0
35.11,43.27,-0.141,-0.003,490,0
35.09,43.13,-0.137,-0.015,491,0
35.12,43.14,0.009,0.032,492,0
35.16,43.13,-0.013,0.034,493,0
35.21,42.94,-0.192,0.05,494,0
35.26,42.99,0.055,0.053,495,0
35.23,42.87,-0.125,-0.034,496,0
35.24,42.73,-0.137,0.018,497,0
35.3,42.61,-0.12,0.055,498,0
35.26,42.67,0.062,-0.036,499,0
35.31,42.63,-0.038,0.049,500,0
35.34,42.7,0.068,0.031,501,0
35.35,42.58,-0.121,0.007,502,0
35.35,42.65,0.066,0.002,503,0
35.33,42.7,0.049,-0.027,504,0
35.3,42.6,-0.091,-0.027,505,0
35.3,42.45,-0.15,0.001,506,0
35.36,42.26,-0.198,0.055,507,0
35.37,42.21,-0.043,0.016,508,0
35.36,42.27,0.056,-0.014,509,0
35.37,42.06,-0.209,0.012,510,0
35.37,41.91,-0.147,0.003,511,0
35.33,41.78,-0.137,-0.036,512,0
35.34,41.8,0.025,0.001,513,0
35.31,41.71,-0.094,-0.029,514,0
35.31,41.5,-0.208,0.002,515,0
35.3,41.32,-0.176,-0.004,516,0
35.35,41.2,-0.125,0.05,517,0
35.38,41.03,-0.165,0.025,518,0
35.41,40.86,-0.17,0.034,519,0
35.39,40.77,-0.091,-0.022,520,0
35.35,40.6,-0.17,-0.038,521,0
35.34,40.55,-0.053,-0.011,522,0
35.34,40.34,-0.205,-0.004,523,0
35.31,40.32,-0.022,-0.031,524,0
35.37,40.17,-0.152,0.057,525,0
35.36,40.13,-0.042,-0.005,526,0
35.38,40.07,-0.061,0.015,527,0
35.38,40.01,-0.06,0.004,528,0
35.36,39.96,-0.042,-0.019,529,0
35.39,39.99,0.028,0.034,530,0
35.44,39.95,-0.041,0.05,531,0
35.5,39.73,-0.218,0.051,532,0
35.55,39.74,0.003,0.055,533,0
35.57,39.56,-0.177,0.018,534,0
35.63,39.53,-0.031,0.057,535,0
35.6,39.43,-0.096,-0.03,536,0
35.63,39.45,0.018,0.038,537,0
35.62,39.51,0.057,-0.012,538,0
35.62,39.36,-0.143,0.0,539,0
35.63,39.42,0.057,0.007,540,0
35.64,39.27,-0.148,0.015,541,0
35.62,39.15,-0.119,-0.024,542,0
35.64,39.2,0.044,0.015,543,0
35.6,39.25,0.05,-0.035,544,0
35.63,39.22,-0.022,0.024,545,0
35.68,39.3,0.074,0.054,546,0
35.74,39.15,-0.152,0.058,547,0
35.75,39.21,0.063,0.018,548,0
35.76,39.03,-0.18,0.006,549,0
35.78,38.81,-0.221,0.018,550,0
35.79,38.85,0.039,0.011,551,0
35.76,38.66,-0.19,-0.026,552,0
35.76,38.54,-0.123,-0.007,553,0
35.74,38.56,0.024,-0.015,554,0
35.79,38.49,-0.067,0.045,555,0
35.78,38.36,-0.129,-0.007,556,0
35.76,38.14,-0.223,-0.022,557,0
35.8,38.19,0.052,0.046,558,0
35.8,38.13,-0.064,0.0,559,0
35.78,38.15,0.024,-0.029,560,0
35.75,38.15,0.003,-0.028,561,0
35.79,38.18,0.026,0.039,562,0
35.82,38.11,-0.067,0.037,563,0
35.87,37.94,-0.17,0.045,564,0
35.9,37.96,0.017,0.037,565,0
35.95,38.0,0.038,0.045,566,0
35.91,37.87,-0.124,-0.039,567,0
35.89,37.78,-0.096,-0.019,568,0
35.92,37.55,-0.222,0.027,569,0
35.88,37.4,-0.159,-0.035,570,0
35.9,37.34,-0.057,0.012,571,0
35.93,37.12,-0.221,0.033,572,0
35.93,37.08,-0.035,0.006,573,0
35.91,36.98,-0.106,-0.026,574,0
35.87,36.96,-0.02,-0.034,575,0
35.85,36.99,0.033,-0.028,576,0
35.81,36.77,-0.221,-0.039,577,0
35.78,36.69,-0.079,-0.03,578,0
35.8,36.6,-0.089,0.02,579,0
35.79,36.67,0.067,-0.011,580,0
35.78,36.72,0.047,-0.01,581,0
35.76,36.77,0.055,-0.013,582,0
35.78,36.8,0.029,0.019,583,0
35.75,36.87,0.07,-0.029,584,0
35.76,36.74,-0.133,0.01,585,0
35.77,36.75,0.013,0.007,586,0
35.76,36.69,-0.06,-0.01,587,0
35.79,36.5,-0.191,0.029,588,0
35.82,36.46,-0.036,0.034,589,0
35.83,36.35,-0.114,0.009,590,0
35.85,36.31,-0.044,0.019,591,0
35.83,36.22,-0.088,-0.024,592,0
35.86,36.11,-0.113,0.033,593,0
35.89,35.95,-0.158,0.031,594,0
35.95,35.79,-0.161,0.056,595,0
35.95,35.85,0.058,0.008,596,0
35.98,35.63,-0.213,0.027,597,0
35.95,35.6,-0.036,-0.033,598,0
35.91,35.57,-0.026,-0.036,599,0
32.48,87.04,-0.141,0.028,0,0
32.44,86.91,-0.129,-0.038,1,0
32.46,86.82,-0.086,0.011,2,0
32.43,86.86,0.036,-0.025,3,0
32.44,86.81,-0.048,0.01,4,0
32.47,86.7,-0.106,0.029,5,0
32.49,86.51,-0.195,0.023,6,0
32.54,86.42,-0.092,0.053,7,0
32.57,86.44,0.022,0.022,8,0
32.57,86.39,-0.046,0.007,9,0
32.6,86.17,-0.219,0.028,10,0
32.58,86.01,-0.165,-0.017,11,0
32.59,86.01,0.004,0.004,12,0
32.57,86.01,-0.002,-0.019,13,0
32.53,85.86,-0.146,-0.036,14,0
32.5,85.71,-0.156,-0.033,15,0
32.48,85.79,0.078,-0.021,16,0
32.47,85.59,-0.198,-0.006,17,0
32.5,85.57,-0.019,0.031,18,0
32.54,85.59,0.02,0.034,19,0
32.51,85.41,-0.178,-0.028,20,0
32.57,85.22,-0.188,0.059,21,0
32.62,85.14,-0.083,0.052,22,0
32.63,84.97,-0.17,0.004,23,0
32.64,84.83,-0.144,0.013,24,0
32.67,84.87,0.045,0.035,25,0
32.66,84.87,-0.001,-0.009,26,0
32.72,84.73,-0.137,0.056,27,0
32.76,84.79,0.059,0.039,28,0
32.75,84.7,-0.096,-0.01,29,0
32.81,84.75,0.05,0.058,30,0
32.78,84.54,-0.202,-0.031,31,0
32.79,84.44,-0.102,0.013,32,0
32.79,84.4,-0.043,-0.0,33,0
32.81,84.25,-0.152,0.023,34,0
32.83,84.03,-0.215,0.014,35,0
32.88,84.0,-0.027,0.048,36,0
32.89,83.86,-0.14,0.014,37,0
32.88,83.66,-0.207,-0.011,38,0
32.89,83.64,-0.021,0.007,39,0
32.93,83.64,-0.0,0.049,40,0
32.98,83.54,-0.1,0.05,41,0
33.0,83.32,-0.218,0.012,42,0
33.02,83.11,-0.207,0.027,43,0
33.07,83.17,0.062,0.049,44,0
33.1,83.1,-0.069,0.022,45,0
33.12,83.11,0.004,0.027,46,0
33.18,82.97,-0.137,0.054,47,0
33.15,82.99,0.021,-0.022,48,0
33.13,82.93,-0.063,-0.023,49,0
33.11,82.73,-0.201,-0.02,50,0
33.07,82.72,-0.013,-0.037,51,0
33.09,82.78,0.061,0.014,52,0
33.13,82.62,-0.156,0.04,53,0
33.1,82.65,0.029,-0.033,54,0
33.12,82.6,-0.052,0.028,55,0
33.1,82.53,-0.066,-0.021,56,0
33.14,82.58,0.052,0.036,57,0
33.12,82.54,-0.044,-0.02,58,0
33.08,82.54,0.002,-0.04,59,0
33.1,82.42,-0.119,0.025,60,0
33.15,82.2,-0.22,0.049,61,0
33.19,82.14,-0.064,0.033,62,0
33.16,82.0,-0.138,-0.029,63,0
33.14,81.81,-0.197,-0.012,64,0
33.16,81.71,-0.097,0.018,65,0
33.14,81.71,-0.003,-0.021,66,0
33.14,81.69,-0.014,0.0,67,0
33.12,81.71,0.022,-0.02,68,0
33.15,81.56,-0.151,0.032,69,0
33.2,81.54,-0.026,0.048,70,0
33.21,81.36,-0.173,0.008,71,0
33.23,81.35,-0.012,0.015,72,0
33.22,81.3,-0.054,-0.004,73,0
33.25,81.35,0.048,0.025,74,0
33.27,81.18,-0.165,0.028,75,0
33.24,81.12,-0.061,-0.037,76,0
33.22,80.95,-0.169,-0.02,77,0
33.22,80.88,-0.075,0.0,78,0
33.2,80.85,-0.025,-0.016,79,0
33.25,80.72,-0.128,0.051,80,0
33.26,80.64,-0.079,0.012,81,0
33.24,80.54,-0.1,-0.025,82,0
33.26,80.47,-0.073,0.019,83,0
33.23,80.25,-0.217,-0.025,84,0
33.26,80.31,0.053,0.028,85,0
33.23,80.25,-0.062,-0.033,86,0
33.19,80.13,-0.119,-0.037,87,0
33.19,80.08,-0.045,0.001,88,0
33.17,80.02,-0.06,-0.023,89,0
33.15,79.95,-0.068,-0.016,90,0
33.13,79.92,-0.038,-0.018,91,0
33.13,79.89,-0.027,-0.008,92,0
33.11,79.86,-0.031,-0.018,93,0
33.07,79.86,0.006,-0.035,94,0
33.05,79.81,-0.054,-0.025,95,0
33.03,79.88,0.067,-0.022,96,0
33.08,79.79,-0.087,0.055,97,0
33.08,79.6,-0.192,0.002,98,0
33.1,79.48,-0.116,0.019,99,0
33.14,79.34,-0.147,0.037,100,0
33.17,79.29,-0.044,0.032,101,0
33.23,79.14,-0.148,0.056,102,0
33.23,78.97,-0.169,0.003,103,0
33.27,78.94,-0.031,0.041,104,0
33.32,78.85,-0.097,0.045,105,0
33.32,78.65,-0.195,0.003,106,0
33.36,78.7,0.046,0.043,107,0
33.34,78.71,0.013,-0.025,108,0
33.38,78.79,0.077,0.041,109,0
33.4,78.68,-0.104,0.015,110,0
33.41,78.48,-0.202,0.017,111,0
33.38,78.38,-0.105,-0.037,112,0
33.41,78.18,-0.196,0.03,113,0
33.38,77.98,-0.198,-0.025,114,0
33.34,78.03,0.045,-0.04,115,0
33.31,77.9,-0.133,-0.03,116,0
33.36,77.97,0.074,0.046,117,0
33.37,77.76,-0.21,0.016,118,0
33.34,77.77,0.006,-0.028,119,0
33.33,77.71,-0.056,-0.01,120,0
33.31,77.59,-0.122,-0.022,121,0
33.33,77.61,0.024,0.014,122,0
33.33,77.68,0.072,0.002,123,0
33.38,77.48,-0.2,0.052,124,0
33.35,77.5,0.02,-0.027,125,0
33.41,77.42,-0.085,0.056,126,0
33.41,77.2,-0.213,0.001,127,0
33.43,77.21,0.006,0.021,128,0
33.42,77.18,-0.026,-0.007,129,0
33.41,76.98,-0.201,-0.016,130,0
33.45,76.93,-0.054,0.045,131,0
33.45,76.72,-0.206,-0.005,132,0
33.42,76.64,-0.079,-0.033,133,0
33.43,76.55,-0.097,0.014,134,0
33.48,76.52,-0.028,0.055,135,0
33.54,76.42,-0.096,0.053,136,0
33.52,76.28,-0.148,-0.016,137,0
33.56,76.28,0.001,0.043,138,0
33.53,76.18,-0.096,-0.032,139,0
33.52,76.22,0.037,-0.013,140,0
33.53,76.06,-0.155,0.008,141,0
33.54,75.99,-0.076,0.009,142,0
33.55,75.92,-0.064,0.016,143,0
33.54,75.91,-0.015,-0.013,144,0
33.52,75.79,-0.119,-0.017,145,0
33.58,75.59,-0.199,0.057,146,0
33.59,75.65,0.058,0.011,147,0
33.59,75.64,-0.012,0.003,148,0
33.64,75.51,-0.127,0.047,149,0
33.62,75.56,0.05,-0.021,150,0
33.68,75.52,-0.035,0.058,151,0
33.65,75.31,-0.21,-0.027,152,0
33.61,75.17,-0.141,-0.04,153,0
33.65,75.06,-0.116,0.044,154,0
33.62,74.99,-0.072,-0.034,155,0
33.63,74.8,-0.185,0.007,156,0
33.65,74.74,-0.066,0.021,157,0
33.67,74.75,0.016,0.018,158,0
33.63,74.69,-0.057,-0.033,159,0
33.6,74.59,-0.102,-0.03,160,0
33.59,74.37,-0.22,-0.017,161,0
33.57,74.37,-0.005,-0.02,162,0
33.56,74.2,-0.172,-0.011,163,0
33.59,74.04,-0.154,0.039,164,0
33.63,74.12,0.077,0.032,165,0
33.61,73.91,-0.212,-0.019,166,0
33.63,73.76,-0.144,0.022,167,0
33.68,73.67,-0.09,0.049,168,0
33.64,73.62,-0.056,-0.04,169,0
33.63,73.61,-0.002,-0.009,170,0
33.59,73.65,0.037,-0.039,171,0
33.64,73.55,-0.097,0.045,172,0
33.65,73.52,-0.037,0.019,173,0
33.61,73.57,0.054,-0.04,174,0
33.65,73.5,-0.072,0.032,175,0
33.67,73.43,-0.07,0.022,176,0
33.64,73.27,-0.159,-0.032,177,0
33.63,73.09,-0.183,-0.01,178,0
33.63,72.92,-0.171,0.007,179,0
33.62,72.81,-0.111,-0.011,180,0
33.58,72.69,-0.113,-0.036,181,0
33.58,72.74,0.045,-0.0,182,0
33.58,72.65,-0.087,-0.004,183,0
33.59,72.57,-0.079,0.012,184,0
33.57,72.42,-0.157,-0.026,185,0
33.53,72.22,-0.2,-0.039,186,0
33.54,72.27,0.051,0.009,187,0
33.5,72.27,0.003,-0.04,188,0
33.46,72.15,-0.119,-0.035,189,0
33.52,72.2,0.046,0.059,190,0
33.53,72.12,-0.077,0.012,191,0
33.59,72.09,-0.033,0.055,192,0
33.55,71.95,-0.136,-0.035,193,0
33.59,71.85,-0.1,0.037,194,0
33.64,71.85,0.003,0.052,195,0
33.64,71.88,0.027,0.0,196,0
33.67,71.95,0.071,0.027,197,0
33.66,71.75,-0.201,-0.006,198,0
33.67,71.83,0.074,0.004,199,0
33.71,71.73,-0.099,0.04,200,0
33.69,71.55,-0.172,-0.011,201,0
33.71,71.45,-0.109,0.02,202,0
33.68,71.44,-0.01,-0.031,203,0
33.66,71.24,-0.196,-0.019,204,0
33.71,71.25,0.007,0.049,205,0
33.76,71.27,0.024,0.046,206,0
33.75,71.34,0.072,-0.008,207,0
33.79,71.22,-0.121,0.039,208,0
33.83,71.08,-0.142,0.038,209,0
33.81,70.97,-0.106,-0.021,210,0
33.78,70.99,0.011,-0.022,211,0
33.76,70.77,-0.215,-0.021,212,0
33.78,70.81,0.04,0.014,213,0
33.77,70.83,0.023,-0.009,214,0
33.82,70.82,-0.01,0.055,215,0
33.82,70.78,-0.044,-0.003,216,0
33.85,70.57,-0.206,0.03,217,0
33.88,70.61,0.035,0.032,218,0
33.89,70.59,-0.015,0.011,219,0
33.9,70.6,0.006,0.011,220,0
33.87,70.39,-0.21,-0.03,221,0
33.85,70.36,-0.029,-0.021,222,0
33.91,70.43,0.073,0.053,223,0
33.89,70.37,-0.063,-0.014,224,0
33.93,70.18,-0.189,0.04,225,0
33.98,70.08,-0.104,0.05,226,0
34.03,70.12,0.043,0.046,227,0
34.07,70.08,-0.037,0.046,228,0
34.11,69.91,-0.174,0.034,229,0
34.16,69.87,-0.039,0.047,230,0
34.18,69.83,-0.041,0.028,231,0
34.24,69.7,-0.133,0.054,232,0
34.21,69.5,-0.2,-0.024,233,0
34.2,69.51,0.016,-0.013,234,0
34.19,69.55,0.034,-0.008,235,0
34.21,69.58,0.028,0.02,236,0
34.26,69.53,-0.042,0.051,237,0
34.26,69.46,-0.078,-0.006,238,0
34.3,69.35,-0.105,0.045,239,0
34.31,69.36,0.006,0.008,240,0
34.28,69.42,0.061,-0.035,241,0
34.33,69.39,-0.029,0.054,242,0
34.38,69.27,-0.116,0.046,243,0
34.38,69.34,0.072,0.004,244,0
34.41,69.15,-0.199,0.028,245,0
34.45,68.96,-0.188,0.038,246,0
34.43,68.82,-0.136,-0.017,247,0
34.44,68.75,-0.075,0.008,248,0
34.44,68.64,-0.107,0.008,249,0
34.46,68.53,-0.113,0.018,250,0
34.44,68.51,-0.013,-0.02,251,0
34.5,68.33,-0.182,0.055,252,0
34.52,68.19,-0.14,0.02,253,0
34.52,68.11,-0.077,0.006,254,0
34.53,68.07,-0.044,0.007,255,0
34.53,67.95,-0.122,0.005,256,0
34.57,68.02,0.074,0.04,257,0
34.59,67.81,-0.212,0.02,258,0
34.62,67.69,-0.121,0.027,259,0
34.63,67.74,0.056,0.013,260,0
34.66,67.71,-0.034,0.028,261,0
34.64,67.76,0.05,-0.02,262,0
34.65,67.82,0.057,0.012,263,0
34.67,67.71,-0.108,0.018,264,0
34.66,67.61,-0.1,-0.013,265,0
34.69,67.42,-0.185,0.027,266,0
34.67,67.32,-0.105,-0.014,267,0
34.68,67.26,-0.057,0.002,268,0
34.73,67.19,-0.069,0.059,269,0
34.78,67.09,-0.104,0.047,270,0
34.79,67.02,-0.065,0.007,271,0
34.8,66.93,-0.094,0.016,272,0
34.86,66.73,-0.197,0.055,273,0
34.89,66.55,-0.184,0.029,274,0
34.85,66.42,-0.124,-0.037,275,0
34.87,66.42,-0.004,0.022,276,0
34.9,66.38,-0.038,0.028,277,0
34.89,66.4,0.016,-0.014,278,0
34.89,66.26,-0.137,0.005,279,0
34.89,66.18,-0.085,-0.004,280,0
34.92,66.04,-0.139,0.032,281,0
34.92,65.96,-0.077,0.001,282,0
34.91,65.76,-0.203,-0.007,283,0
34.94,65.67,-0.083,0.024,284,0
34.93,65.62,-0.056,-0.013,285,0
34.92,65.41,-0.205,-0.009,286,0
34.94,65.22,-0.194,0.021,287,0
34.99,65.18,-0.038,0.053,288,0
34.95,65.08,-0.106,-0.04,289,0
34.93,64.99,-0.086,-0.024,290,0
34.97,64.94,-0.053,0.048,291,0
34.98,64.78,-0.152,0.001,292,0
35.0,64.85,0.064,0.02,293,0
35.05,64.66,-0.186,0.05,294,0
35.07,64.61,-0.053,0.024,295,0
35.08,64.55,-0.061,0.008,296,0
35.11,64.33,-0.221,0.031,297,0
35.08,64.21,-0.114,-0.03,298,0
35.11,64.17,-0.048,0.027,299,0
35.15,64.01,-0.156,0.04,300,0
35.2,63.98,-0.033,0.058,301,0
35.26,63.87,-0.103,0.054,302,0
35.31,63.9,0.03,0.053,303,0
35.32,63.98,0.079,0.007,304,0
35.35,63.99,0.01,0.037,305,0
35.4,64.02,0.022,0.041,306,0
35.45,63.82,-0.193,0.058,307,0
35.42,63.83,0.012,-0.034,308,0
35.42,63.73,-0.1,0.0,309,0
35.45,63.73,-0.002,0.033,310,0
35.45,63.77,0.034,0.001,311,0
35.44,63.67,-0.1,-0.017,312,0
35.45,63.51,-0.153,0.016,313,0
35.46,63.35,-0.159,0.013,314,0
35.52,63.21,-0.148,0.053,315,0
35.56,63.03,-0.178,0.039,316,0
35.59,62.85,-0.182,0.028,317,0
35.59,62.81,-0.037,0.002,318,0
35.57,62.6,-0.213,-0.015,319,0
35.61,62.49,-0.102,0.04,320,0
35.62,62.36,-0.138,0.008,321,0
35.61,62.14,-0.212,-0.009,322,0
35.6,62.04,-0.103,-0.014,323,0
35.58,62.11,0.066,-0.016,324,0
35.6,61.96,-0.144,0.016,325,0
35.57,61.84,-0.12,-0.03,326,0
35.57,61.66,-0.188,0.006,327,0
35.62,61.49,-0.17,0.05,328,0
35.67,61.46,-0.025,0.044,329,0
35.71,61.45,-0.011,0.046,330,0
35.76,61.41,-0.036,0.049,331,0
35.74,61.47,0.054,-0.024,332,0
35.7,61.25,-0.218,-0.038,333,0
35.68,61.23,-0.019,-0.024,334,0
35.66,61.02,-0.215,-0.016,335,0
35.62,60.91,-0.105,-0.038,336,0
35.62,60.88,-0.031,-0.001,337,0
35.62,60.79,-0.093,0.001,338,0
35.68,60.58,-0.209,0.052,339,0
35.72,60.54,-0.041,0.047,340,0
35.76,60.37,-0.165,0.038,341,0
35.8,60.25,-0.126,0.04,342,0
35.79,60.03,-0.217,-0.013,343,0
35.84,60.09,0.065,0.052,344,0
35.83,60.06,-0.03,-0.008,345,0
35.86,60.05,-0.014,0.029,346,0
35.86,59.87,-0.177,0.002,347,0
35.91,59.78,-0.096,0.044,348,0
35.88,59.75,-0.025,-0.023,349,0
35.94,59.66,-0.086,0.051,350,0
35.95,59.73,0.065,0.017,351,0
35.99,59.76,0.034,0.04,352,0
36.03,59.61,-0.153,0.042,353,0
36.08,59.52,-0.09,0.044,354,0
36.05,59.39,-0.128,-0.025,355,0
36.04,59.2,-0.193,-0.014,356,0
36.04,59.22,0.018,0.004,357,0
36.01,59.29,0.068,-0.032,358,0
36.04,59.33,0.04,0.031,359,0
36.09,59.39,0.062,0.048,360,0
36.14,59.42,0.031,0.051,361,0
36.11,59.43,0.01,-0.035,362,0
36.07,59.33,-0.097,-0.034,363,0
36.09,59.18,-0.157,0.013,364,0
36.11,58.97,-0.202,0.025,365,0
36.12,59.02,0.042,0.008,366,0
36.1,58.87,-0.147,-0.022,367,0
36.14,58.77,-0.099,0.042,368,0
36.16,58.61,-0.157,0.023,369,0
36.19,58.52,-0.093,0.03,370,0
36.18,58.57,0.048,-0.012,371,0
36.15,58.57,0.003,-0.028,372,0
36.12,58.55,-0.023,-0.034,373,0
36.13,58.56,0.007,0.014,374,0
36.13,58.56,0.0,0.001,375,0
36.13,58.54,-0.018,0.003,376,0
36.1,58.41,-0.13,-0.035,377,0
36.15,58.45,0.041,0.054,378,0
36.17,58.45,0.005,0.021,379,0
36.18,58.44,-0.009,0.011,380,0
36.23,58.4,-0.041,0.049,381,0
36.28,58.39,-0.017,0.042,382,0
36.27,58.46,0.074,-0.007,383,0
36.25,58.48,0.024,-0.014,384,0
36.28,58.32,-0.167,0.022,385,0
36.28,58.39,0.068,0.002,386,0
36.29,58.41,0.028,0.013,387,0
36.33,58.45,0.038,0.04,388,0
36.34,58.42,-0.027,0.009,389,0
36.31,58.5,0.076,-0.032,390,0
36.35,58.51,0.007,0.038,391,0
36.34,58.59,0.079,-0.012,392,0
36.37,58.58,-0.008,0.039,393,0
36.36,58.61,0.033,-0.016,394,0
36.4,58.62,0.008,0.037,395,0
36.38,58.54,-0.082,-0.013,396,0
36.43,58.34,-0.195,0.046,397,0
36.43,58.22,-0.126,-0.003,398,0
36.47,58.26,0.042,0.048,399,0
36.46,58.08,-0.179,-0.014,400,0
36.49,58.09,0.006,0.027,401,0
36.47,57.96,-0.126,-0.014,402,0
36.44,57.95,-0.007,-0.033,403,0
36.46,57.75,-0.203,0.021,404,0
36.48,57.73,-0.022,0.024,405,0
36.51,57.54,-0.188,0.022,406,0
36.5,57.55,0.014,-0.006,407,0
36.48,57.51,-0.043,-0.019,408,0
36.47,57.42,-0.089,-0.008,409,0
36.46,57.44,0.016,-0.017,410,0
36.44,57.31,-0.126,-0.013,411,0
36.5,57.18,-0.128,0.056,412,0
36.48,57.14,-0.042,-0.015,413,0
36.52,57.19,0.047,0.035,414,0
36.55,57.13,-0.057,0.028,415,0
36.51,56.98,-0.145,-0.039,416,0
36.49,56.94,-0.046,-0.024,417,0
36.52,56.99,0.052,0.035,418,0
36.52,56.8,-0.189,-0.005,419,0
36.57,56.86,0.056,0.055,420,0
36.55,56.81,-0.053,-0.016,421,0
36.55,56.85,0.043,-0.006,422,0
36.51,56.68,-0.164,-0.038,423,0
36.55,56.47,-0.21,0.035,424,0
36.58,56.44,-0.031,0.036,425,0
36.56,56.29,-0.158,-0.022,426,0
36.61,56.25,-0.034,0.048,427,0
36.66,56.07,-0.178,0.049,428,0
36.69,56.06,-0.017,0.036,429,0
36.69,55.95,-0.111,-0.006,430,0
36.75,56.0,0.058,0.059,431,0
36.79,56.03,0.025,0.048,432,0
36.8,55.9,-0.131,0.009,433,0
36.8,55.79,-0.106,-0.006,434,0
36.81,55.85,0.056,0.014,435,0
36.87,55.69,-0.155,0.058,436,0
36.85,55.54,-0.152,-0.016,437,0
36.84,55.49,-0.047,-0.012,438,0
36.86,55.29,-0.2,0.017,439,0
36.92,55.18,-0.116,0.057,440,0
36.91,55.11,-0.07,-0.005,441,0
36.91,55.02,-0.088,0.004,442,0
36.95,55.08,0.055,0.038,443,0
37.0,55.01,-0.062,0.045,444,0
37.01,55.0,-0.017,0.016,445,0
37.05,54.92,-0.076,0.032,446,0
37.03,54.95,0.028,-0.016,447,0
37.01,54.86,-0.087,-0.021,448,0
36.97,54.85,-0.016,-0.033,449,0
36.98,54.81,-0.04,0.003,450,0
37.0,54.69,-0.113,0.024,451,0
37.03,54.73,0.036,0.028,452,0
37.06,54.6,-0.133,0.035,453,0
37.1,54.57,-0.03,0.033,454,0
37.13,54.59,0.029,0.035,455,0
37.13,54.48,-0.119,0.001,456,0
37.16,54.46,-0.02,0.027,457,0
37.17,54.35,-0.108,0.006,458,0
37.22,54.4,0.048,0.051,459,0
37.27,54.31,-0.087,0.053,460,0
37.28,54.33,0.021,0.01,461,0
37.29,54.22,-0.114,0.005,462,0
37.33,54.09,-0.123,0.039,463,0
37.29,54.04,-0.055,-0.037,464,0
37.3,53.86,-0.181,0.008,465,0
37.32,53.9,0.045,0.026,466,0
37.31,53.72,-0.183,-0.015,467,0
37.32,53.74,0.017,0.018,468,0
37.33,53.53,-0.207,0.006,469,0
37.35,53.39,-0.135,0.018,470,0
37.39,53.36,-0.031,0.042,471,0
37.37,53.42,0.055,-0.015,472,0
37.35,53.5,0.078,-0.021,473,0
37.33,53.32,-0.171,-0.026,474,0
37.31,53.29,-0.032,-0.015,475,0
37.3,53.34,0.048,-0.014,476,0
37.28,53.32,-0.016,-0.017,477,0
37.29,53.13,-0.191,0.008,478,0
37.31,53.18,0.052,0.025,479,0
37.27,53.19,0.004,-0.04,480,0
37.24,52.99,-0.201,-0.035,481,0
37.24,52.83,-0.162,-0.001,482,0
37.26,52.88,0.052,0.021,483,0
37.23,52.95,0.07,-0.033,484,0
37.27,52.85,-0.103,0.04,485,0
37.24,52.7,-0.145,-0.028,486,0
37.3,52.61,-0.091,0.057,487,0
37.29,52.62,0.012,-0.001,488,0
37.28,52.6,-0.022,-0.013,489,0
37.24,52.4,-0.201,-0.038,490,0
37.23,52.38,-0.013,-0.018,491,0
37.22,52.22,-0.166,-0.006,492,0
37.28,52.11,-0.111,0.058,493,0
37.29,52.1,-0.009,0.014,494,0
37.32,51.91,-0.189,0.028,495,0
37.35,51.96,0.048,0.035,496,0
37.31,51.74,-0.218,-0.04,497,0
37.28,51.74,-0.0,-0.032,498,0
37.26,51.78,0.039,-0.018,499,0
37.24,51.58,-0.194,-0.025,500,0
37.2,51.53,-0.05,-0.036,501,0
37.21,51.56,0.031,0.009,502,0
37.24,51.36,-0.2,0.033,503,0
37.28,51.41,0.042,0.031,504,0
37.33,51.27,-0.141,0.054,505,0
37.29,51.21,-0.056,-0.038,506,0
37.31,51.08,-0.132,0.015,507,0
37.28,51.06,-0.022,-0.031,508,0
37.26,50.98,-0.074,-0.019,509,0
37.25,51.02,0.034,-0.01,510,0
37.23,51.05,0.03,-0.015,511,0
37.2,50.91,-0.137,-0.029,512,0
37.24,50.8,-0.107,0.039,513,0
37.25,50.6,-0.203,0.005,514,0
37.25,50.57,-0.028,0.009,515,0
37.27,50.49,-0.085,0.013,516,0
37.23,50.45,-0.035,-0.033,517,0
37.2,50.27,-0.184,-0.029,518,0
37.18,50.07,-0.203,-0.024,519,0
37.19,50.03,-0.039,0.01,520,0
37.21,49.88,-0.144,0.022,521,0
37.22,49.94,0.062,0.013,522,0
37.19,49.74,-0.207,-0.03,523,0
37.16,49.55,-0.192,-0.034,524,0
37.16,49.43,-0.118,-0.001,525,0
37.21,49.35,-0.082,0.047,526,0
37.2,49.25,-0.092,-0.007,527,0
37.2,49.22,-0.032,0.005,528,0
37.22,49.11,-0.112,0.019,529,0
37.26,49.16,0.045,0.04,530,0
37.28,49.0,-0.154,0.022,531,0
37.28,49.04,0.04,-0.008,532,0
37.31,49.0,-0.044,0.032,533,0
37.32,48.86,-0.137,0.008,534,0
37.28,48.82,-0.04,-0.032,535,0
37.33,48.89,0.071,0.041,536,0
37.36,48.9,0.007,0.031,537,0
37.38,48.85,-0.046,0.022,538,0
37.43,48.85,0.002,0.054,539,0
37.45,48.79,-0.062,0.014,540,0
37.44,48.83,0.035,-0.009,541,0
37.4,48.67,-0.156,-0.036,542,0
37.39,48.45,-0.22,-0.009,543,0
37.38,48.29,-0.157,-0.014,544,0
37.36,48.14,-0.157,-0.014,545,0
37.34,48.16,0.024,-0.023,546,0
37.39,48.18,0.015,0.044,547,0
37.36,47.96,-0.22,-0.025,548,0
37.37,48.02,0.065,0.006,549,0
37.37,47.9,-0.12,0.004,550,0
37.4,47.74,-0.16,0.03,551,0
37.44,47.71,-0.036,0.04,552,0
37.41,47.72,0.016,-0.032,553,0
37.42,47.63,-0.094,0.012,554,0
37.39,47.51,-0.119,-0.03,555,0
37.37,47.54,0.035,-0.026,556,0
37.35,47.62,0.075,-0.02,557,0
37.39,47.46,-0.163,0.04,558,0
37.35,47.39,-0.069,-0.032,559,0
37.33,47.41,0.019,-0.023,560,0
37.31,47.3,-0.105,-0.018,561,0
37.28,47.16,-0.147,-0.038,562,0
37.24,47.16,0.009,-0.035,563,0
37.29,47.23,0.063,0.051,564,0
37.35,47.17,-0.055,0.057,565,0
37.41,47.2,0.023,0.058,566,0
37.46,46.98,-0.217,0.048,567,0
37.46,46.91,-0.066,0.002,568,0
37.43,46.9,-0.013,-0.03,569,0
37.44,46.91,0.011,0.01,570,0
37.47,46.78,-0.13,0.03,571,0
37.47,46.63,-0.151,-0.001,572,0
37.51,46.5,-0.125,0.042,573,0
37.52,46.42,-0.082,0.008,574,0
37.49,46.23,-0.193,-0.027,575,0
37.49,46.04,-0.189,-0.0,576,0
37.51,45.85,-0.189,0.016,577,0
37.56,45.9,0.049,0.056,578,0
37.61,45.93,0.034,0.047,579,0
37.66,46.01,0.079,0.05,580,0
37.71,46.08,0.071,0.051,581,0
37.7,45.9,-0.182,-0.007,582,0
37.71,45.96,0.059,0.008,583,0
37.71,45.99,0.027,0.005,584,0
37.72,45.79,-0.199,0.005,585,0
37.72,45.57,-0.219,-0.001,586,0
37.74,45.47,-0.098,0.024,587,0
37.8,45.33,-0.139,0.059,588,0
37.77,45.36,0.028,-0.03,589,0
37.75,45.28,-0.079,-0.017,590,0
37.8,45.32,0.041,0.044,591,0
37.81,45.23,-0.093,0.016,592,0
37.82,45.07,-0.164,0.006,593,0
37.81,45.14,0.072,-0.006,594,0
37.82,45.01,-0.126,0.004,595,0
37.84,44.91,-0.107,0.018,596,0
37.86,44.86,-0.05,0.029,597,0
37.9,44.85,-0.006,0.041,598,0
37.95,44.7,-0.155,0.042,599,0
32.25,82.71,0.058,0.006,0,0
32.26,82.68,-0.037,0.015,1,0
32.23,82.45,-0.225,-0.033,2,0
32.26,82.44,-0.017,0.029,3,0
32.27,82.31,-0.128,0.005,4,0
32.25,82.09,-0.215,-0.015,5,0
32.2,82.05,-0.04,-0.052,6,0
32.22,82.01,-0.041,0.017,7,0
32.25,81.96,-0.048,0.035,8,0
32.25,81.95,-0.016,0.004,9,0
32.22,81.78,-0.167,-0.037,10,0
32.21,81.74,-0.039,-0.011,11,0
32.18,81.66,-0.087,-0.026,12,0
32.13,81.6,-0.057,-0.052,13,0
32.13,81.39,-0.207,0.005,14,0
32.17,81.35,-0.041,0.038,15,0
32.18,81.22,-0.131,0.009,16,0
32.15,81.24,0.024,-0.036,17,0
32.16,81.24,-0.001,0.018,18,0
32.12,81.04,-0.207,-0.047,19,0
32.13,81.03,-0.007,0.009,20,0
32.16,80.97,-0.06,0.038,21,0
32.11,81.01,0.036,-0.058,22,0
32.12,80.83,-0.178,0.014,23,0
32.09,80.75,-0.081,-0.027,24,0
32.07,80.72,-0.025,-0.018,25,0
32.1,80.5,-0.218,0.024,26,0
32.04,80.54,0.039,-0.057,27,0
32.04,80.59,0.045,-0.006,28,0
31.98,80.46,-0.129,-0.051,29,0
31.95,80.38,-0.077,-0.033,30,0
31.97,80.21,-0.174,0.022,31,0
31.94,80.03,-0.173,-0.034,32,0
31.89,79.93,-0.103,-0.053,33,0
31.88,79.99,0.065,-0.007,34,0
31.88,79.89,-0.101,0.004,35,0
31.92,79.89,-0.007,0.033,36,0
31.87,79.74,-0.149,-0.045,37,0
31.84,79.77,0.037,-0.033,38,0
31.82,79.75,-0.023,-0.013,39,0
31.85,79.56,-0.191,0.021,40,0
31.82,79.47,-0.087,-0.03,41,0
31.8,79.25,-0.228,-0.019,42,0
31.75,79.16,-0.084,-0.046,43,0
31.71,79.12,-0.042,-0.045,44,0
31.72,79.04,-0.076,0.014,45,0
31.66,78.97,-0.077,-0.057,46,0
31.67,78.95,-0.018,0.005,47,0
31.64,78.89,-0.059,-0.026,48,0
31.6,78.78,-0.108,-0.042,49,0
31.54,78.76,-0.021,-0.055,50,0
31.51,78.62,-0.14,-0.033,51,0
31.49,78.62,0.003,-0.022,52,0
31.52,78.52,-0.103,0.031,53,0
31.55,78.35,-0.167,0.027,54,0
31.54,78.18,-0.178,-0.007,55,0
31.56,77.98,-0.195,0.018,56,0
31.59,78.0,0.018,0.032,57,0
31.57,77.88,-0.116,-0.019,58,0
31.54,77.73,-0.154,-0.034,59,0
31.52,77.53,-0.203,-0.015,60,0
31.49,77.55,0.026,-0.034,61,0
31.47,77.59,0.042,-0.013,62,0
31.43,77.46,-0.132,-0.041,63,0
31.4,77.46,-0.003,-0.029,64,0
31.38,77.48,0.019,-0.019,65,0
31.42,77.48,0.005,0.035,66,0
31.42,77.28,-0.2,-0.0,67,0
31.4,77.07,-0.214,-0.022,68,0
31.36,76.98,-0.096,-0.035,69,0
31.32,76.95,-0.028,-0.045,70,0
31.29,76.88,-0.068,-0.027,71,0
31.23,76.84,-0.041,-0.056,72,0
31.21,76.79,-0.046,-0.027,73,0
31.18,76.75,-0.046,-0.024,74,0
31.15,76.78,0.031,-0.033,75,0
31.14,76.64,-0.134,-0.007,76,0
31.13,76.42,-0.221,-0.018,77,0
31.11,76.28,-0.14,-0.013,78,0
31.08,76.14,-0.145,-0.037,79,0
31.03,76.1,-0.034,-0.047,80,0
30.97,76.01,-0.097,-0.055,81,0
30.94,75.93,-0.073,-0.036,82,0
30.91,75.8,-0.129,-0.031,83,0
30.94,75.62,-0.181,0.032,84,0
30.97,75.62,0.0,0.033,85,0
30.94,75.5,-0.125,-0.031,86,0
30.96,75.55,0.052,0.016,87,0
30.94,75.48,-0.073,-0.021,88,0
30.9,75.25,-0.229,-0.04,89,0
30.86,75.12,-0.125,-0.034,90,0
30.85,74.92,-0.202,-0.017,91,0
30.82,74.94,0.015,-0.028,92,0
30.78,74.73,-0.202,-0.033,93,0
30.8,74.53,-0.203,0.017,94,0
30.75,74.49,-0.037,-0.056,95,0
30.75,74.29,-0.204,0.008,96,0
30.72,74.19,-0.095,-0.037,97,0
30.73,74.15,-0.042,0.009,98,0
30.68,73.94,-0.21,-0.042,99,0
30.71,73.88,-0.061,0.023,100,0
30.73,73.72,-0.163,0.021,101,0
30.7,73.64,-0.078,-0.031,102,0
30.71,73.7,0.061,0.012,103,0
30.66,73.67,-0.032,-0.046,104,0
30.62,73.58,-0.092,-0.046,105,0
30.61,73.48,-0.101,-0.01,106,0
30.58,73.27,-0.202,-0.027,107,0
30.62,73.23,-0.04,0.04,108,0
30.64,73.06,-0.176,0.024,109,0
30.64,72.82,-0.233,-0.0,110,0
30.61,72.8,-0.03,-0.031,111,0
30.64,72.71,-0.088,0.032,112,0
30.68,72.55,-0.158,0.032,113,0
30.64,72.32,-0.233,-0.04,114,0
30.67,72.32,0.004,0.038,115,0
30.67,72.31,-0.007,0.0,116,0
30.67,72.13,-0.186,-0.003,117,0
30.65,71.91,-0.221,-0.019,118,0
30.65,71.92,0.014,0.001,119,0
30.63,71.92,-0.005,-0.027,120,0
30.57,71.91,-0.009,-0.056,121,0
30.53,71.88,-0.026,-0.035,122,0
30.51,71.77,-0.108,-0.027,123,0
30.51,71.78,0.012,0.005,124,0
30.55,71.72,-0.068,0.037,125,0
30.58,71.64,-0.077,0.034,126,0
30.61,71.48,-0.163,0.029,127,0
30.57,71.34,-0.138,-0.041,128,0
30.61,71.23,-0.11,0.039,129,0
30.59,71.16,-0.068,-0.023,130,0
30.59,71.09,-0.071,0.008,131,0
30.59,70.89,-0.198,-0.007,132,0
30.53,70.83,-0.069,-0.058,133,0
30.47,70.8,-0.024,-0.059,134,0
30.43,70.67,-0.134,-0.04,135,0
30.43,70.59,-0.073,-0.005,136,0
30.42,70.48,-0.115,-0.007,137,0
30.38,70.39,-0.09,-0.043,138,0
30.4,70.37,-0.017,0.025,139,0
30.43,70.18,-0.188,0.032,140,0
30.37,70.25,0.066,-0.058,141,0
30.41,70.04,-0.213,0.039,142,0
30.44,69.97,-0.071,0.031,143,0
30.46,69.86,-0.107,0.014,144,0
30.42,69.91,0.048,-0.039,145,0
30.41,69.89,-0.022,-0.013,146,0
30.39,69.93,0.049,-0.02,147,0
30.35,69.73,-0.2,-0.032,148,0
30.39,69.6,-0.13,0.038,149,0
30.39,69.39,-0.214,-0.001,150,0
30.38,69.33,-0.066,-0.015,151,0
30.39,69.34,0.017,0.009,152,0
30.4,69.15,-0.196,0.014,153,0
30.36,69.1,-0.048,-0.043,154,0
30.36,69.11,0.012,0.0,155,0
30.39,69.13,0.021,0.034,156,0
30.37,69.1,-0.035,-0.018,157,0
30.39,68.96,-0.134,0.018,158,0
30.39,68.8,-0.163,-0.001,159,0
30.37,68.78,-0.023,-0.02,160,0
30.39,68.71,-0.066,0.018,161,0
30.38,68.67,-0.043,-0.005,162,0
30.35,68.63,-0.041,-0.032,163,0
30.35,68.49,-0.137,0.002,164,0
30.31,68.27,-0.218,-0.045,165,0
30.27,68.27,-0.002,-0.036,166,0
30.25,68.11,-0.162,-0.023,167,0
30.22,68.03,-0.077,-0.024,168,0
30.18,68.05,0.02,-0.044,169,0
30.14,67.97,-0.079,-0.037,170,0
30.1,67.86,-0.114,-0.038,171,0
30.1,67.78,-0.079,0.002,172,0
30.05,67.81,0.032,-0.051,173,0
30.03,67.76,-0.054,-0.024,174,0
30.02,67.81,0.054,-0.004,175,0
29.97,67.69,-0.124,-0.057,176,0
29.97,67.64,-0.043,-0.001,177,0
29.98,67.43,-0.208,0.013,178,0
30.0,67.38,-0.054,0.016,179,0
30.02,67.44,0.06,0.028,180,0
30.06,67.46,0.023,0.034,181,0
30.04,67.32,-0.145,-0.016,182,0
30.04,67.26,-0.064,0.003,183,0
29.99,67.07,-0.187,-0.055,184,0
30.01,66.97,-0.095,0.019,185,0
30.02,66.89,-0.082,0.009,186,0
29.99,66.86,-0.027,-0.032,187,0
30.02,66.89,0.021,0.033,188,0
29.97,66.68,-0.21,-0.052,189,0
30.0,66.73,0.052,0.037,190,0
29.96,66.64,-0.092,-0.043,191,0
29.98,66.49,-0.15,0.019,192,0
29.99,66.34,-0.144,0.015,193,0
29.96,66.19,-0.153,-0.034,194,0
29.96,66.21,0.018,-0.002,195,0
29.92,66.03,-0.182,-0.041,196,0
29.91,66.07,0.039,-0.008,197,0
29.92,65.95,-0.115,0.014,198,0
29.96,65.97,0.018,0.039,199,0
29.92,65.88,-0.086,-0.041,200,0
29.87,65.65,-0.228,-0.054,201,0
29.81,65.61,-0.043,-0.057,202,0
29.75,65.52,-0.097,-0.057,203,0
29.74,65.45,-0.063,-0.01,204,0
29.78,65.48,0.025,0.037,205,0
29.82,65.44,-0.037,0.04,206,0
29.83,65.34,-0.1,0.009,207,0
29.83,65.3,-0.037,0.002,208,0
29.87,65.17,-0.135,0.04,209,0
29.89,65.21,0.037,0.017,210,0
29.87,65.23,0.028,-0.017,211,0
29.88,65.01,-0.227,0.009,212,0
29.9,64.85,-0.153,0.022,213,0
29.84,64.84,-0.015,-0.059,214,0
29.85,64.71,-0.132,0.006,215,0
29.87,64.51,-0.201,0.019,216,0
29.83,64.39,-0.12,-0.044,217,0
29.8,64.36,-0.023,-0.03,218,0
29.8,64.32,-0.04,0.009,219,0
29.81,64.32,0.001,0.009,220,0
29.85,64.09,-0.233,0.038,221,0
29.85,63.96,-0.131,-0.002,222,0
29.88,63.74,-0.222,0.03,223,0
29.83,63.64,-0.099,-0.045,224,0
29.85,63.61,-0.026,0.019,225,0
29.89,63.39,-0.219,0.035,226,0
29.88,63.4,0.009,-0.012,227,0
29.83,63.31,-0.089,-0.043,228,0
29.82,63.17,-0.148,-0.011,229,0
29.8,63.02,-0.147,-0.021,230,0
29.84,63.07,0.052,0.036,231,0
29.83,63.12,0.049,-0.006,232,0
29.78,62.99,-0.134,-0.046,233,0
29.73,62.91,-0.073,-0.056,234,0
29.75,62.86,-0.049,0.027,235,0
29.7,62.83,-0.032,-0.056,236,0
29.68,62.81,-0.027,-0.018,237,0
29.67,62.65,-0.154,-0.013,238,0
29.68,62.61,-0.046,0.008,239,0
29.7,62.52,-0.083,0.023,240,0
29.65,62.56,0.033,-0.046,241,0
29.61,62.53,-0.031,-0.044,242,0
29.63,62.3,-0.229,0.019,243,0
29.66,62.23,-0.065,0.028,244,0
29.62,62.13,-0.097,-0.038,245,0
29.6,62.13,-0.001,-0.016,246,0
29.61,62.07,-0.067,0.006,247,0
29.6,61.89,-0.178,-0.009,248,0
29.57,61.8,-0.09,-0.025,249,0
29.59,61.7,-0.099,0.013,250,0
29.56,61.57,-0.13,-0.026,251,0
29.53,61.46,-0.11,-0.027,252,0
29.53,61.34,-0.119,-0.005,253,0
29.57,61.11,-0.227,0.036,254,0
29.53,61.11,-0.005,-0.033,255,0
29.52,61.16,0.056,-0.012,256,0
29.5,60.98,-0.184,-0.019,257,0
29.49,61.01,0.028,-0.008,258,0
29.44,60.81,-0.201,-0.055,259,0
29.41,60.59,-0.218,-0.025,260,0
29.42,60.44,-0.156,0.005,261,0
29.38,60.3,-0.132,-0.034,262,0
29.39,60.16,-0.148,0.003,263,0
29.39,60.03,-0.129,-0.001,264,0
29.42,59.98,-0.043,0.038,265,0
29.41,59.83,-0.148,-0.014,266,0
29.36,59.69,-0.148,-0.047,267,0
29.34,59.66,-0.024,-0.022,268,0
29.36,59.53,-0.135,0.015,269,0
29.32,59.36,-0.17,-0.04,270,0
29.32,59.13,-0.222,0.001,271,0
29.27,59.0,-0.134,-0.049,272,0
29.22,58.79,-0.214,-0.049,273,0
29.17,58.67,-0.116,-0.047,274,0
29.16,58.6,-0.074,-0.015,275,0
29.16,58.63,0.028,0.006,276,0
29.16,58.5,-0.13,-0.003,277,0
29.16,58.31,-0.185,-0.002,278,0
29.17,58.36,0.048,0.007,279,0
29.2,58.2,-0.16,0.034,280,0
29.15,58.01,-0.189,-0.052,281,0
29.13,57.98,-0.034,-0.013,282,0
29.12,58.03,0.055,-0.013,283,0
29.11,57.82,-0.208,-0.007,284,0
29.13,57.85,0.024,0.012,285,0
29.14,57.73,-0.121,0.01,286,0
29.17,57.63,-0.096,0.035,287,0
29.12,57.45,-0.176,-0.054,288,0
29.12,57.3,-0.155,0.003,289,0
29.12,57.07,-0.233,-0.0,290,0
29.08,56.93,-0.134,-0.044,291,0
29.04,56.73,-0.204,-0.033,292,0
29.04,56.7,-0.029,-0.002,293,0
29.01,56.55,-0.153,-0.034,294,0
29.04,56.49,-0.053,0.038,295,0
29.03,56.35,-0.142,-0.011,296,0
29.03,56.33,-0.025,-0.008,297,0
29.04,56.27,-0.059,0.012,298,0
29.02,56.16,-0.109,-0.02,299,0
29.03,56.15,-0.013,0.011,300,0
29.02,56.07,-0.076,-0.011,301,0
28.99,55.97,-0.096,-0.029,302,0
28.98,55.96,-0.016,-0.007,303,0
28.95,55.74,-0.217,-0.03,304,0
28.95,55.53,-0.21,0.003,305,0
28.91,55.49,-0.044,-0.043,306,0
28.92,55.27,-0.214,0.01,307,0
28.94,55.29,0.017,0.014,308,0
28.88,55.25,-0.042,-0.057,309,0
28.89,55.11,-0.138,0.007,310,0
28.87,54.92,-0.194,-0.017,311,0
28.88,54.79,-0.123,0.01,312,0
28.83,54.71,-0.087,-0.053,313,0
28.87,54.74,0.038,0.04,314,0
28.9,54.67,-0.075,0.034,315,0
28.9,54.71,0.044,0.003,316,0
28.94,54.64,-0.073,0.038,317,0
28.94,54.54,-0.101,-0.002,318,0
28.97,54.42,-0.122,0.028,319,0
28.92,54.21,-0.206,-0.042,320,0
28.89,54.13,-0.079,-0.037,321,0
28.85,54.05,-0.085,-0.035,322,0
28.8,54.07,0.026,-0.048,323,0
28.81,54.0,-0.078,0.01,324,0
28.85,53.87,-0.129,0.033,325,0
28.86,53.67,-0.201,0.014,326,0
28.9,53.66,-0.005,0.04,327,0
28.91,53.52,-0.136,0.012,328,0
28.93,53.35,-0.173,0.022,329,0
28.88,53.33,-0.026,-0.054,330,0
28.85,53.32,-0.009,-0.03,331,0
28.84,53.18,-0.138,-0.009,332,0
28.86,53.22,0.041,0.017,333,0
28.88,53.28,0.064,0.022,334,0
28.9,53.19,-0.094,0.018,335,0
28.93,53.05,-0.134,0.032,336,0
28.88,52.91,-0.149,-0.047,337,0
28.84,52.92,0.012,-0.039,338,0
28.79,52.83,-0.085,-0.054,339,0
28.78,52.66,-0.172,-0.013,340,0
28.81,52.62,-0.044,0.036,341,0
28.83,52.42,-0.195,0.015,342,0
28.81,52.2,-0.221,-0.021,343,0
28.83,52.2,0.0,0.026,344,0
28.86,52.08,-0.118,0.024,345,0
28.82,51.93,-0.152,-0.039,346,0
28.76,51.9,-0.03,-0.059,347,0
28.8,51.86,-0.039,0.037,348,0
28.83,51.85,-0.01,0.038,349,0
28.85,51.68,-0.172,0.013,350,0
28.79,51.57,-0.115,-0.052,351,0
28.75,51.45,-0.113,-0.041,352,0
28.76,51.46,0.007,0.007,353,0
28.78,51.37,-0.085,0.022,354,0
28.73,51.24,-0.135,-0.05,355,0
28.76,51.22,-0.018,0.028,356,0
28.77,51.07,-0.153,0.005,357,0
28.8,51.05,-0.016,0.035,358,0
28.75,51.08,0.022,-0.05,359,0
28.71,50.88,-0.195,-0.04,360,0
28.7,50.76,-0.12,-0.009,361,0
28.72,50.54,-0.221,0.014,362,0
28.69,50.54,0.004,-0.028,363,0
28.67,50.42,-0.125,-0.02,364,0
28.68,50.38,-0.044,0.016,365,0
28.72,50.39,0.013,0.04,366,0
28.73,50.25,-0.134,0.006,367,0
28.69,50.07,-0.188,-0.042,368,0
28.66,49.84,-0.223,-0.027,369,0
28.64,49.83,-0.017,-0.023,370,0
28.6,49.84,0.01,-0.036,371,0
28.63,49.83,-0.005,0.03,372,0
28.67,49.89,0.054,0.04,373,0
28.61,49.84,-0.05,-0.059,374,0
28.61,49.71,-0.124,-0.006,375,0
28.59,49.66,-0.053,-0.012,376,0
28.55,49.68,0.02,-0.043,377,0
28.54,49.52,-0.154,-0.009,378,0
28.52,49.3,-0.223,-0.022,379,0
28.55,49.24,-0.065,0.031,380,0
28.51,49.3,0.064,-0.037,381,0
28.55,49.17,-0.134,0.036,382,0
28.54,49.05,-0.113,-0.008,383,0
28.49,48.99,-0.057,-0.053,384,0
28.49,48.99,-0.003,-0.004,385,0
28.49,49.02,0.031,0.002,386,0
28.46,49.02,-0.001,-0.03,387,0
28.46,49.03,0.003,-0.001,388,0
28.48,48.8,-0.221,0.028,389,0
28.47,48.78,-0.019,-0.01,390,0
28.5,48.84,0.054,0.023,391,0
28.53,48.86,0.018,0.031,392,0
28.53,48.62,-0.233,0.003,393,0
28.48,48.61,-0.014,-0.047,394,0
28.43,48.56,-0.045,-0.059,395,0
28.37,48.53,-0.032,-0.058,396,0
28.4,48.37,-0.158,0.029,397,0
28.35,48.25,-0.123,-0.049,398,0
28.29,48.26,0.008,-0.058,399,0
28.31,48.15,-0.11,0.025,400,0
28.29,48.02,-0.13,-0.027,401,0
28.29,47.96,-0.055,0.002,402,0
28.23,48.02,0.056,-0.055,403,0
28.23,47.91,-0.115,-0.006,404,0
28.23,47.79,-0.115,-0.0,405,0
28.24,47.82,0.026,0.016,406,0
28.2,47.8,-0.02,-0.043,407,0
28.16,47.61,-0.183,-0.041,408,0
28.1,47.45,-0.158,-0.058,409,0
28.11,47.34,-0.114,0.01,410,0
28.14,47.28,-0.062,0.027,411,0
28.16,47.29,0.014,0.026,412,0
28.19,47.2,-0.093,0.025,413,0
28.16,47.19,-0.012,-0.035,414,0
28.13,47.18,-0.006,-0.025,415,0
28.14,46.97,-0.21,0.008,416,0
28.16,46.98,0.007,0.025,417,0
28.12,47.04,0.061,-0.045,418,0
28.14,46.82,-0.219,0.024,419,0
28.09,46.75,-0.07,-0.048,420,0
28.06,46.76,0.011,-0.038,421,0
28.06,46.69,-0.068,0.009,422,0
28.08,46.73,0.041,0.017,423,0
28.09,46.58,-0.153,0.012,424,0
28.06,46.38,-0.195,-0.031,425,0
28.02,46.25,-0.135,-0.046,426,0
28.02,46.09,-0.156,0.0,427,0
27.98,45.91,-0.183,-0.035,428,0
27.99,45.72,-0.189,0.01,429,0
27.94,45.72,-0.002,-0.054,430,0
27.9,45.49,-0.226,-0.04,431,0
27.93,45.39,-0.1,0.035,432,0
27.94,45.21,-0.183,0.007,433,0
27.95,45.03,-0.186,0.007,434,0
27.95,44.89,-0.134,0.005,435,0
27.95,44.91,0.017,-0.003,436,0
27.91,44.89,-0.02,-0.036,437,0
27.87,44.72,-0.165,-0.043,438,0
27.85,44.59,-0.137,-0.021,439,0
27.84,44.54,-0.043,-0.011,440,0
27.84,44.43,-0.111,-0.0,441,0
27.85,44.47,0.034,0.01,442,0
27.86,44.31,-0.152,0.014,443,0
27.83,44.32,0.006,-0.031,444,0
27.82,44.36,0.036,-0.006,445,0
27.85,44.41,0.056,0.027,446,0
27.84,44.44,0.026,-0.013,447,0
27.8,44.48,0.046,-0.038,448,0
27.77,44.27,-0.213,-0.032,449,0
27.71,44.2,-0.068,-0.059,450,0
27.71,44.11,-0.095,0.0,451,0
27.74,43.99,-0.116,0.03,452,0
27.69,43.83,-0.163,-0.054,453,0
27.65,43.74,-0.088,-0.041,454,0
27.68,43.54,-0.197,0.038,455,0
27.71,43.44,-0.107,0.025,456,0
27.66,43.25,-0.185,-0.052,457,0
27.69,43.24,-0.01,0.032,458,0
27.65,43.07,-0.175,-0.041,459,0
27.62,42.88,-0.19,-0.027,460,0
27.62,42.82,-0.055,-0.005,461,0
27.6,42.73,-0.093,-0.014,462,0
27.6,42.63,-0.098,-0.005,463,0
27.61,42.62,-0.012,0.01,464,0
27.6,42.44,-0.176,-0.009,465,0
27.58,42.23,-0.215,-0.016,466,0
27.54,42.17,-0.056,-0.043,467,0
27.57,42.24,0.063,0.035,468,0
27.53,42.26,0.022,-0.04,469,0
27.48,42.24,-0.018,-0.051,470,0
27.52,42.16,-0.084,0.033,471,0
27.47,41.98,-0.181,-0.043,472,0
27.51,41.84,-0.133,0.04,473,0
27.5,41.72,-0.119,-0.011,474,0
27.5,41.5,-0.226,-0.001,475,0
27.53,41.48,-0.022,0.033,476,0
27.48,41.49,0.011,-0.055,477,0
27.43,41.47,-0.018,-0.05,478,0
27.38,41.32,-0.151,-0.052,479,0
27.41,41.18,-0.141,0.033,480,0
27.45,41.0,-0.178,0.039,481,0
27.43,40.84,-0.159,-0.022,482,0
27.37,40.74,-0.101,-0.057,483,0
27.38,40.71,-0.034,0.005,484,0
27.39,40.54,-0.168,0.011,485,0
27.4,40.58,0.037,0.01,486,0
27.37,40.45,-0.129,-0.031,487,0
27.38,40.48,0.039,0.01,488,0
27.34,40.43,-0.05,-0.04,489,0
27.32,40.39,-0.041,-0.013,490,0
27.36,40.19,-0.2,0.033,491,0
27.35,40.22,0.024,-0.004,492,0
27.38,40.23,0.01,0.029,493,0
27.34,40.25,0.025,-0.039,494,0
27.33,40.17,-0.077,-0.008,495,0
27.31,40.22,0.049,-0.023,496,0
27.32,40.18,-0.047,0.014,497,0
27.33,40.18,0.008,0.002,498,0
27.34,40.05,-0.132,0.017,499,0
27.36,39.99,-0.06,0.015,500,0
27.35,39.86,-0.132,-0.011,501,0
27.29,39.8,-0.063,-0.053,502,0
27.25,39.77,-0.024,-0.041,503,0
27.24,39.78,0.009,-0.012,504,0
27.26,39.62,-0.167,0.015,505,0
27.2,39.59,-0.03,-0.058,506,0
27.19,39.5,-0.089,-0.003,507,0
27.14,39.52,0.028,-0.052,508,0
27.16,39.42,-0.103,0.022,509,0
27.13,39.34,-0.083,-0.03,510,0
27.1,39.31,-0.03,-0.031,511,0
27.12,39.29,-0.018,0.016,512,0
27.12,39.11,-0.184,0.003,513,0
27.09,38.95,-0.153,-0.034,514,0
27.09,38.83,-0.124,0.005,515,0
27.04,38.86,0.027,-0.055,516,0
27.02,38.81,-0.043,-0.021,517,0
27.04,38.62,-0.193,0.025,518,0
27.08,38.52,-0.097,0.035,519,0
27.02,38.57,0.047,-0.059,520,0
27.04,38.39,-0.182,0.023,521,0
27.02,38.36,-0.031,-0.022,522,0
27.02,38.36,0.006,0.007,523,0
27.03,38.21,-0.155,0.003,524,0
27.04,38.21,0.005,0.015,525,0
27.06,38.0,-0.215,0.016,526,0
27.07,37.87,-0.124,0.015,527,0
27.04,37.69,-0.181,-0.029,528,0
27.03,37.48,-0.213,-0.017,529,0
27.01,37.37,-0.112,-0.017,530,0
26.95,37.33,-0.041,-0.057,531,0
26.95,37.29,-0.04,-0.002,532,0
26.9,37.13,-0.154,-0.054,533,0
26.88,36.99,-0.14,-0.019,534,0
26.84,36.91,-0.089,-0.034,535,0
26.81,36.8,-0.107,-0.033,536,0
26.84,36.82,0.018,0.025,537,0
26.8,36.68,-0.137,-0.039,538,0
26.74,36.66,-0.019,-0.057,539,0
26.76,36.52,-0.138,0.026,540,0
26.72,36.51,-0.014,-0.045,541,0
26.67,36.4,-0.112,-0.053,542,0
26.64,36.46,0.063,-0.029,543,0
26.64,36.24,-0.216,0.007,544,0
26.66,36.28,0.034,0.017,545,0
26.65,36.29,0.016,-0.011,546,0
26.68,36.16,-0.13,0.03,547,0
26.64,36.14,-0.021,-0.04,548,0
26.64,35.94,-0.198,0.002,549,0
26.67,35.81,-0.133,0.025,550,0
26.63,35.7,-0.111,-0.035,551,0
26.63,35.74,0.039,0.003,552,0
26.61,35.77,0.034,-0.023,553,0
26.65,35.76,-0.016,0.035,554,0
26.61,35.75,-0.01,-0.041,555,0
26.56,35.81,0.063,-0.043,556,0
26.54,35.83,0.024,-0.019,557,0
26.51,35.78,-0.058,-0.031,558,0
26.46,35.71,-0.069,-0.053,559,0
26.46,35.6,-0.103,0.003,560,0
26.43,35.49,-0.12,-0.031,561,0
26.44,35.4,-0.082,0.003,562,0
26.38,35.43,0.027,-0.056,563,0
26.39,35.49,0.061,0.014,564,0
26.34,35.39,-0.096,-0.051,565,0
26.29,35.17,-0.222,-0.052,566,0
26.24,34.95,-0.223,-0.046,567,0
26.28,35.02,0.066,0.038,568,0
26.22,34.94,-0.077,-0.058,569,0
26.23,34.82,-0.117,0.005,570,0
26.18,34.87,0.049,-0.049,571,0
26.17,34.86,-0.012,-0.011,572,0
26.17,34.84,-0.019,0.006,573,0
26.14,34.61,-0.226,-0.034,574,0
26.09,34.4,-0.213,-0.054,575,0
26.1,34.46,0.057,0.013,576,0
26.11,34.35,-0.102,0.011,577,0
26.12,34.33,-0.028,0.014,578,0
26.16,34.33,0.008,0.032,579,0
26.1,34.15,-0.182,-0.056,580,0
26.06,34.09,-0.063,-0.039,581,0
26.04,34.07,-0.02,-0.018,582,0
26.01,33.85,-0.217,-0.033,583,0
25.96,33.66,-0.195,-0.053,584,0
25.98,33.43,-0.222,0.025,585,0
25.94,33.41,-0.029,-0.039,586,0
25.92,33.18,-0.225,-0.025,587,0
25.88,33.18,0.002,-0.038,588,0
25.88,33.06,-0.125,-0.007,589,0
25.85,32.96,-0.097,-0.028,590,0
25.79,32.84,-0.118,-0.058,591,0
25.83,32.74,-0.105,0.037,592,0
25.78,32.61,-0.127,-0.048,593,0
25.77,32.41,-0.199,-0.007,594,0
25.72,32.28,-0.13,-0.052,595,0
25.72,32.17,-0.113,-0.003,596,0
25.73,31.97,-0.198,0.013,597,0
25.72,32.02,0.045,-0.012,598,0
25.67,31.99,-0.028,-0.053,599,0
34.7,84.32,-0.163,0.03,0,0
34.73,84.18,-0.135,0.032,1,0
34.72,84.25,0.067,-0.015,2,0
34.74,84.29,0.039,0.021,3,0
34.7,84.18,-0.108,-0.037,4,0
34.75,84.02,-0.155,0.045,5,0
34.71,84.13,0.102,-0.04,6,0
34.74,84.01,-0.11,0.029,7,0
34.79,83.98,-0.037,0.054,8,0
34.76,83.89,-0.083,-0.029,9,0
34.77,83.92,0.023,0.009,10,0
34.74,83.88,-0.037,-0.033,11,0
34.74,83.74,-0.143,0.003,12,0
34.7,83.65,-0.09,-0.038,13,0
34.69,83.65,0.007,-0.01,14,0
34.73,83.71,0.057,0.034,15,0
34.69,83.62,-0.097,-0.039,16,0
34.72,83.58,-0.032,0.031,17,0
34.74,83.41,-0.177,0.02,18,0
34.71,83.42,0.015,-0.028,19,0
34.69,83.47,0.043,-0.018,20,0
34.66,83.35,-0.116,-0.037,21,0
34.71,83.36,0.015,0.052,22,0
34.73,83.35,-0.012,0.025,23,0
34.77,83.34,-0.014,0.038,24,0
34.79,83.4,0.063,0.018,25,0
34.83,83.24,-0.157,0.037,26,0
34.86,83.31,0.064,0.037,27,0
34.88,83.13,-0.179,0.019,28,0
34.85,83.15,0.018,-0.029,29,0
34.9,83.21,0.063,0.045,30,0
34.93,83.16,-0.051,0.03,31,0
34.95,83.27,0.111,0.018,32,0
34.99,83.28,0.012,0.044,33,0
35.0,83.29,0.006,0.011,34,0
35.05,83.23,-0.053,0.049,35,0
35.04,83.27,0.033,-0.007,36,0
35.09,83.26,-0.01,0.05,37,0
35.13,83.26,-0.0,0.039,38,0
35.11,83.15,-0.107,-0.022,39,0
35.15,83.18,0.025,0.041,40,0
35.15,83.03,-0.142,0.002,41,0
35.16,83.04,0.007,0.007,42,0
35.19,83.01,-0.027,0.03,43,0
35.23,83.01,0.001,0.045,44,0
35.28,83.08,0.065,0.049,45,0
35.33,83.06,-0.022,0.047,46,0
35.3,82.88,-0.176,-0.034,47,0
35.31,82.92,0.043,0.016,48,0
35.34,82.96,0.032,0.029,49,0
35.38,82.91,-0.046,0.041,50,0
35.42,82.78,-0.13,0.033,51,0
35.43,82.74,-0.039,0.009,52,0
35.45,82.71,-0.032,0.026,53,0
35.46,82.66,-0.05,0.01,54,0
35.42,82.47,-0.183,-0.04,55,0
35.39,82.49,0.02,-0.027,56,0
35.4,82.6,0.101,0.01,57,0
35.43,82.65,0.051,0.023,58,0
35.45,82.48,-0.162,0.029,59,0
35.43,82.56,0.079,-0.022,60,0
35.49,82.61,0.042,0.059,61,0
35.47,82.55,-0.051,-0.023,62,0
35.49,82.54,-0.018,0.026,63,0
35.49,82.59,0.051,-0.002,64,0
35.49,82.65,0.062,-0.002,65,0
35.46,82.51,-0.138,-0.032,66,0
35.51,82.57,0.061,0.051,67,0
35.57,82.56,-0.01,0.056,68,0
35.59,82.6,0.033,0.027,69,0
35.64,82.52,-0.072,0.044,70,0
35.68,82.46,-0.067,0.047,71,0
35.73,82.44,-0.018,0.046,72,0
35.73,82.54,0.098,0.002,73,0
35.7,82.38,-0.154,-0.032,74,0
35.71,82.48,0.102,0.015,75,0
35.7,82.3,-0.186,-0.017,76,0
35.71,82.12,-0.179,0.016,77,0
35.74,82.13,0.011,0.026,78,0
35.74,82.24,0.113,-0.002,79,0
35.77,82.2,-0.042,0.035,80,0
35.78,82.02,-0.181,0.012,81,0
35.82,81.9,-0.118,0.04,82,0
35.84,81.78,-0.121,0.018,83,0
35.84,81.79,0.008,-0.006,84,0
35.87,81.72,-0.07,0.03,85,0
35.87,81.72,0.006,0.009,86,0
35.91,81.54,-0.184,0.031,87,0
35.92,81.46,-0.081,0.012,88,0
35.88,81.28,-0.179,-0.037,89,0
35.84,81.34,0.063,-0.036,90,0
35.86,81.34,-0.004,0.014,91,0
35.88,81.17,-0.174,0.022,92,0
35.84,81.03,-0.131,-0.036,93,0
35.88,81.06,0.026,0.035,94,0
35.87,81.12,0.062,-0.006,95,0
35.87,81.23,0.106,-0.004,96,0
35.86,81.17,-0.058,-0.011,97,0
35.88,81.22,0.053,0.018,98,0
35.91,81.26,0.038,0.037,99,0
35.9,81.33,0.066,-0.015,100,0
35.9,81.27,-0.062,-0.001,101,0
35.93,81.19,-0.075,0.029,102,0
35.96,81.18,-0.008,0.034,103,0
36.02,81.17,-0.012,0.056,104,0
35.99,81.12,-0.055,-0.031,105,0
36.01,80.97,-0.152,0.022,106,0
36.06,80.81,-0.154,0.049,107,0
36.1,80.72,-0.094,0.047,108,0
36.11,80.59,-0.124,0.009,109,0
36.07,80.49,-0.108,-0.039,110,0
36.13,80.34,-0.147,0.054,111,0
36.12,80.29,-0.052,-0.013,112,0
36.14,80.35,0.063,0.029,113,0
36.18,80.46,0.105,0.036,114,0
36.17,80.4,-0.056,-0.007,115,0
36.2,80.22,-0.18,0.029,116,0
36.16,80.23,0.013,-0.037,117,0
36.17,80.1,-0.13,0.009,118,0
36.15,80.11,0.006,-0.021,119,0
36.14,80.18,0.075,-0.007,120,0
36.17,80.13,-0.053,0.024,121,0
36.14,80.14,0.013,-0.027,122,0
36.13,80.01,-0.134,-0.008,123,0
36.12,80.04,0.028,-0.016,124,0
36.08,80.02,-0.019,-0.037,125,0
36.1,79.89,-0.128,0.018,126,0
36.11,79.77,-0.123,0.009,127,0
36.11,79.75,-0.02,0.004,128,0
36.11,79.67,-0.079,-0.001,129,0
36.15,79.77,0.099,0.045,130,0
36.14,79.81,0.045,-0.008,131,0
36.14,79.65,-0.164,-0.009,132,0
36.16,79.54,-0.109,0.029,133,0
36.15,79.64,0.107,-0.012,134,0
36.13,79.64,-0.007,-0.027,135,0
36.1,79.45,-0.187,-0.03,136,0
36.11,79.28,-0.17,0.014,137,0
36.14,79.32,0.042,0.031,138,0
36.15,79.2,-0.125,0.013,139,0
36.12,79.27,0.07,-0.029,140,0
36.1,79.16,-0.112,-0.026,141,0
36.11,79.23,0.073,0.01,142,0
36.09,79.3,0.067,-0.015,143,0
36.13,79.14,-0.158,0.036,144,0
36.16,78.95,-0.184,0.028,145,0
36.16,78.77,-0.18,0.006,146,0
36.17,78.73,-0.04,0.011,147,0
36.17,78.79,0.055,-0.005,148,0
36.17,78.87,0.079,-0.001,149,0
36.18,78.85,-0.018,0.009,150,0
36.17,78.78,-0.068,-0.009,151,0
36.13,78.86,0.082,-0.036,152,0
36.15,78.74,-0.12,0.018,153,0
36.18,78.78,0.037,0.03,154,0
36.21,78.86,0.079,0.031,155,0
36.23,78.8,-0.057,0.024,156,0
36.21,78.65,-0.149,-0.024,157,0
36.25,78.61,-0.047,0.043,158,0
36.26,78.55,-0.054,0.002,159,0
36.24,78.37,-0.181,-0.014,160,0
36.29,78.38,0.008,0.045,161,0
36.32,78.2,-0.176,0.032,162,0
36.36,78.02,-0.181,0.044,163,0
36.35,77.99,-0.03,-0.01,164,0
36.35,78.04,0.052,-0.005,165,0
36.32,77.96,-0.088,-0.026,166,0
36.33,77.8,-0.16,0.012,167,0
36.35,77.71,-0.092,0.013,168,0
36.4,77.76,0.056,0.05,169,0
36.42,77.84,0.075,0.022,170,0
36.46,77.92,0.082,0.044,171,0
36.47,77.93,0.014,0.004,172,0
36.45,77.83,-0.105,-0.022,173,0
36.41,77.82,-0.005,-0.034,174,0
36.39,77.65,-0.174,-0.017,175,0
36.4,77.55,-0.099,0.003,176,0
36.42,77.39,-0.162,0.023,177,0
36.4,77.29,-0.096,-0.018,178,0
36.38,77.32,0.028,-0.018,179,0
36.39,77.34,0.016,0.003,180,0
36.42,77.22,-0.117,0.036,181,0
36.44,77.23,0.007,0.021,182,0
36.45,77.29,0.067,0.011,183,0
36.44,77.24,-0.055,-0.018,184,0
36.46,77.27,0.035,0.02,185,0
36.49,77.22,-0.054,0.035,186,0
36.52,77.06,-0.155,0.031,187,0
36.5,77.07,0.009,-0.023,188,0
36.46,77.06,-0.015,-0.039,189,0
36.48,76.96,-0.101,0.019,190,0
36.49,76.96,0.006,0.013,191,0
36.47,77.01,0.052,-0.025,192,0
36.47,76.89,-0.126,-0.001,193,0
36.43,76.99,0.098,-0.033,194,0
36.49,76.82,-0.166,0.057,195,0
36.46,76.92,0.101,-0.03,196,0
36.47,76.98,0.057,0.008,197,0
36.51,77.01,0.034,0.041,198,0
36.51,77.1,0.093,0.0,199,0
36.51,76.94,-0.16,-0.003,200,0
36.55,77.02,0.081,0.047,201,0
36.58,76.99,-0.035,0.021,202,0
36.55,76.95,-0.036,-0.025,203,0
36.58,76.86,-0.094,0.033,204,0
36.58,76.93,0.067,-0.005,205,0
36.6,76.78,-0.148,0.017,206,0
36.59,76.76,-0.02,-0.008,207,0
36.64,76.78,0.024,0.051,208,0
36.63,76.78,0.001,-0.011,209,0
36.62,76.69,-0.099,-0.007,210,0
36.67,76.71,0.02,0.047,211,0
36.65,76.68,-0.022,-0.021,212,0
36.63,76.76,0.078,-0.021,213,0
36.68,76.65,-0.111,0.057,214,0
36.7,76.76,0.11,0.02,215,0
36.67,76.58,-0.18,-0.029,216,0
36.69,76.47,-0.11,0.02,217,0
36.66,76.4,-0.07,-0.036,218,0
36.66,76.4,-0.005,-0.0,219,0
36.64,76.31,-0.088,-0.018,220,0
36.67,76.33,0.019,0.03,221,0
36.64,76.21,-0.12,-0.033,222,0
36.62,76.22,0.012,-0.021,223,0
36.62,76.18,-0.043,0.006,224,0
36.68,76.17,-0.007,0.058,225,0
36.72,76.17,-0.002,0.039,226,0
36.75,76.19,0.025,0.029,227,0
36.8,76.16,-0.032,0.054,228,0
36.77,76.0,-0.164,-0.034,229,0
36.79,76.02,0.026,0.023,230,0
36.85,75.91,-0.119,0.055,231,0
36.83,76.0,0.092,-0.013,232,0
36.81,75.91,-0.091,-0.023,233,0
36.83,75.88,-0.029,0.02,234,0
36.81,75.88,0.007,-0.016,235,0
36.78,75.78,-0.105,-0.032,236,0
36.82,75.66,-0.124,0.037,237,0
36.79,75.64,-0.019,-0.03,238,0
36.82,75.64,0.008,0.035,239,0
36.8,75.67,0.026,-0.026,240,0
36.8,75.59,-0.082,0.005,241,0
36.78,75.68,0.088,-0.018,242,0
36.75,75.74,0.066,-0.036,243,0
36.74,75.62,-0.127,-0.005,244,0
36.77,75.63,0.015,0.024,245,0
36.77,75.68,0.054,0.004,246,0
36.77,75.63,-0.059,0.004,247,0
36.73,75.54,-0.087,-0.041,248,0
36.71,75.59,0.046,-0.022,249,0
36.72,75.62,0.038,0.008,250,0
36.74,75.71,0.085,0.023,251,0
36.74,75.79,0.081,-0.002,252,0
36.72,75.62,-0.169,-0.019,253,0
36.7,75.69,0.071,-0.02,254,0
36.67,75.8,0.112,-0.034,255,0
36.65,75.67,-0.133,-0.015,256,0
36.71,75.57,-0.103,0.059,257,0
36.68,75.61,0.042,-0.031,258,0
36.66,75.55,-0.057,-0.018,259,0
36.67,75.55,-0.002,0.003,260,0
36.69,75.58,0.026,0.023,261,0
36.72,75.54,-0.034,0.036,262,0
36.7,75.6,0.052,-0.025,263,0
36.72,75.62,0.023,0.025,264,0
36.74,75.56,-0.062,0.014,265,0
36.75,75.39,-0.164,0.012,266,0
36.78,75.41,0.022,0.027,267,0
36.78,75.45,0.036,0.007,268,0
36.78,75.28,-0.169,-0.002,269,0
36.83,75.17,-0.109,0.051,270,0
36.84,74.99,-0.178,0.009,271,0
36.81,74.88,-0.11,-0.032,272,0
36.77,74.81,-0.074,-0.038,273,0
36.74,74.84,0.031,-0.035,274,0
36.71,74.87,0.032,-0.025,275,0
36.72,74.81,-0.063,0.01,276,0
36.77,74.68,-0.126,0.044,277,0
36.79,74.6,-0.088,0.019,278,0
36.83,74.69,0.089,0.042,279,0
36.81,74.63,-0.053,-0.016,280,0
36.83,74.69,0.055,0.015,281,0
36.82,74.64,-0.044,-0.002,282,0
36.8,74.53,-0.109,-0.027,283,0
36.86,74.44,-0.098,0.059,284,0
36.84,74.48,0.042,-0.012,285,0
36.82,74.33,-0.153,-0.021,286,0
36.87,74.22,-0.105,0.047,287,0
36.88,74.27,0.047,0.012,288,0
36.88,74.32,0.048,0.001,289,0
36.92,74.24,-0.08,0.041,290,0
36.98,74.28,0.045,0.056,291,0
36.96,74.15,-0.133,-0.018,292,0
36.97,74.16,0.013,0.007,293,0
36.97,74.09,-0.07,0.005,294,0
36.97,74.13,0.042,-0.007,295,0
36.93,74.19,0.061,-0.039,296,0
36.94,74.24,0.047,0.018,297,0
36.98,74.34,0.104,0.035,298,0
36.96,74.45,0.104,-0.016,299,0
36.98,74.4,-0.052,0.021,300,0
36.98,74.31,-0.088,-0.001,301,0
37.04,74.21,-0.097,0.053,302,0
37.0,74.08,-0.133,-0.036,303,0
37.0,74.06,-0.013,0.003,304,0
37.05,73.98,-0.087,0.048,305,0
37.05,73.94,-0.038,-0.001,306,0
37.08,73.9,-0.036,0.03,307,0
37.11,73.78,-0.127,0.025,308,0
37.15,73.82,0.043,0.045,309,0
37.21,73.64,-0.184,0.054,310,0
37.21,73.67,0.032,0.006,311,0
37.26,73.71,0.045,0.047,312,0
37.26,73.57,-0.138,0.004,313,0
37.25,73.47,-0.105,-0.017,314,0
37.3,73.44,-0.025,0.05,315,0
37.34,73.3,-0.143,0.046,316,0
37.39,73.25,-0.052,0.044,317,0
37.41,73.17,-0.081,0.028,318,0
37.44,73.05,-0.117,0.024,319,0
37.42,73.06,0.008,-0.014,320,0
37.47,72.88,-0.179,0.042,321,0
37.49,72.88,-0.001,0.026,322,0
37.47,72.96,0.083,-0.017,323,0
37.46,72.87,-0.092,-0.014,324,0
37.5,72.94,0.067,0.04,325,0
37.52,72.77,-0.169,0.021,326,0
37.51,72.88,0.112,-0.015,327,0
37.54,72.96,0.079,0.036,328,0
37.54,72.86,-0.096,0.002,329,0
37.57,72.83,-0.029,0.03,330,0
37.6,72.92,0.08,0.021,331,0
37.62,73.02,0.1,0.023,332,0
37.65,72.84,-0.173,0.031,333,0
37.7,72.78,-0.067,0.048,334,0
37.75,72.84,0.065,0.053,335,0
37.73,72.71,-0.135,-0.024,336,0
37.73,72.65,-0.055,0.006,337,0
37.74,72.5,-0.153,0.004,338,0
37.74,72.45,-0.05,0.007,339,0
37.71,72.54,0.096,-0.032,340,0
37.68,72.62,0.08,-0.028,341,0
37.66,72.7,0.078,-0.025,342,0
37.64,72.74,0.035,-0.02,343,0
37.68,72.83,0.093,0.044,344,0
37.69,72.71,-0.117,0.012,345,0
37.66,72.68,-0.038,-0.034,346,0
37.68,72.49,-0.181,0.023,347,0
37.65,72.37,-0.122,-0.033,348,0
37.62,72.39,0.02,-0.029,349,0
37.67,72.33,-0.059,0.046,350,0
37.67,72.36,0.029,0.002,351,0
37.69,72.27,-0.094,0.027,352,0
37.73,72.2,-0.068,0.032,353,0
37.74,72.17,-0.03,0.017,354,0
37.75,72.2,0.033,0.007,355,0
37.73,72.29,0.09,-0.023,356,0
37.74,72.33,0.034,0.01,357,0
37.74,72.19,-0.133,0.006,358,0
37.76,72.3,0.105,0.022,359,0
37.77,72.15,-0.149,0.009,360,0
37.82,72.16,0.009,0.048,361,0
37.82,72.14,-0.021,0.003,362,0
37.83,72.25,0.109,0.005,363,0
37.83,72.18,-0.069,0.004,364,0
37.84,72.18,0.004,0.011,365,0
37.85,72.17,-0.016,0.005,366,0
37.85,72.02,-0.145,0.005,367,0
37.83,71.95,-0.076,-0.023,368,0
37.89,72.05,0.1,0.059,369,0
37.85,72.04,-0.008,-0.035,370,0
37.89,72.15,0.112,0.038,371,0
37.93,72.02,-0.13,0.035,372,0
37.93,71.9,-0.12,0.003,373,0
37.92,71.79,-0.112,-0.014,374,0
37.92,71.9,0.112,0.007,375,0
37.96,71.98,0.075,0.035,376,0
37.95,72.08,0.102,-0.006,377,0
38.01,71.99,-0.092,0.058,378,0
38.07,72.06,0.07,0.054,379,0
38.11,72.04,-0.02,0.042,380,0
38.11,71.95,-0.087,0.004,381,0
38.17,72.0,0.048,0.056,382,0
38.13,71.95,-0.052,-0.038,383,0
38.15,71.9,-0.05,0.025,384,0
38.17,72.0,0.106,0.02,385,0
38.15,72.06,0.061,-0.029,386,0
38.19,71.9,-0.158,0.044,387,0
38.18,71.99,0.084,-0.011,388,0
38.16,71.87,-0.114,-0.021,389,0
38.15,71.81,-0.067,-0.011,390,0
38.2,71.73,-0.082,0.058,391,0
38.26,71.79,0.07,0.055,392,0
38.29,71.68,-0.113,0.029,393,0
38.32,71.72,0.034,0.032,394,0
38.35,71.58,-0.134,0.033,395,0
38.33,71.4,-0.177,-0.025,396,0
38.36,71.5,0.097,0.029,397,0
38.39,71.45,-0.052,0.036,398,0
38.38,71.44,-0.008,-0.011,399,0
38.4,71.43,-0.01,0.02,400,0
38.44,71.5,0.068,0.036,401,0
38.44,71.54,0.04,0.006,402,0
38.47,71.42,-0.117,0.03,403,0
38.47,71.38,-0.043,-0.005,404,0
38.5,71.35,-0.027,0.032,405,0
38.48,71.28,-0.076,-0.021,406,0
38.53,71.1,-0.175,0.049,407,0
38.51,71.16,0.054,-0.019,408,0
38.51,71.06,-0.095,-0.002,409,0
38.49,71.15,0.087,-0.021,410,0
38.49,71.08,-0.068,0.006,411,0
38.52,71.05,-0.034,0.028,412,0
38.5,71.15,0.108,-0.018,413,0
38.49,71.12,-0.037,-0.017,414,0
38.53,71.12,0.003,0.043,415,0
38.52,71.23,0.108,-0.01,416,0
38.54,71.13,-0.094,0.017,417,0
38.5,71.21,0.076,-0.038,418,0
38.55,71.15,-0.066,0.055,419,0
38.59,71.18,0.039,0.038,420,0
38.63,71.25,0.071,0.035,421,0
38.65,71.24,-0.018,0.023,422,0
38.68,71.16,-0.074,0.03,423,0
38.65,70.98,-0.18,-0.027,424,0
38.64,71.09,0.111,-0.011,425,0
38.69,71.09,-0.002,0.046,426,0
38.66,71.13,0.04,-0.032,427,0
38.64,71.19,0.062,-0.014,428,0
38.62,71.09,-0.108,-0.019,429,0
38.64,71.13,0.041,0.022,430,0
38.66,70.96,-0.172,0.019,431,0
38.71,70.91,-0.042,0.049,432,0
38.73,70.74,-0.169,0.017,433,0
38.74,70.62,-0.125,0.007,434,0
38.71,70.7,0.076,-0.031,435,0
38.69,70.79,0.092,-0.019,436,0
38.71,70.65,-0.142,0.018,437,0
38.72,70.61,-0.035,0.018,438,0
38.74,70.67,0.059,0.019,439,0
38.71,70.73,0.063,-0.037,440,0
38.67,70.66,-0.076,-0.04,441,0
38.7,70.67,0.013,0.037,442,0
38.72,70.78,0.106,0.021,443,0
38.73,70.87,0.095,0.008,444,0
38.73,70.81,-0.059,0.003,445,0
38.7,70.92,0.109,-0.035,446,0
38.7,70.92,0.002,-0.002,447,0
38.68,70.75,-0.177,-0.017,448,0
38.74,70.65,-0.094,0.056,449,0
38.78,70.48,-0.178,0.046,450,0
38.84,70.39,-0.089,0.058,451,0
38.84,70.28,-0.106,0.001,452,0
38.88,70.1,-0.182,0.04,453,0
38.85,70.14,0.044,-0.029,454,0
38.84,70.22,0.074,-0.013,455,0
38.84,70.3,0.088,0.001,456,0
38.85,70.39,0.088,0.009,457,0
38.82,70.26,-0.128,-0.03,458,0
38.79,70.34,0.078,-0.029,459,0
38.78,70.45,0.109,-0.014,460,0
38.8,70.36,-0.087,0.022,461,0
38.82,70.37,0.01,0.022,462,0
38.86,70.36,-0.014,0.035,463,0
38.89,70.32,-0.045,0.033,464,0
38.89,70.16,-0.155,-0.003,465,0
38.93,70.27,0.11,0.048,466,0
38.9,70.32,0.053,-0.036,467,0
38.88,70.4,0.072,-0.017,468,0
38.89,70.3,-0.099,0.008,469,0
38.94,70.24,-0.062,0.055,470,0
38.9,70.22,-0.016,-0.039,471,0
38.9,70.29,0.065,-0.004,472,0
38.91,70.27,-0.015,0.013,473,0
38.91,70.14,-0.126,-0.001,474,0
38.97,70.23,0.083,0.058,475,0
39.03,70.31,0.08,0.058,476,0
39.04,70.25,-0.061,0.011,477,0
39.01,70.09,-0.155,-0.032,478,0
39.05,70.17,0.081,0.042,479,0
39.08,70.05,-0.122,0.033,480,0
39.08,69.87,-0.181,-0.002,481,0
39.07,69.75,-0.124,-0.011,482,0
39.13,69.75,0.003,0.058,483,0
39.18,69.76,0.01,0.049,484,0
39.15,69.72,-0.039,-0.028,485,0
39.17,69.53,-0.186,0.018,486,0
39.14,69.36,-0.177,-0.029,487,0
39.12,69.23,-0.128,-0.021,488,0
39.17,69.23,0.002,0.057,489,0
39.15,69.05,-0.178,-0.019,490,0
39.15,69.1,0.051,-0.006,491,0
39.12,69.05,-0.057,-0.023,492,0
39.18,68.95,-0.094,0.058,493,0
39.22,68.93,-0.019,0.034,494,0
39.27,68.92,-0.018,0.056,495,0
39.29,68.98,0.059,0.013,496,0
39.27,69.05,0.072,-0.011,497,0
39.24,69.04,-0.008,-0.036,498,0
39.25,68.98,-0.063,0.014,499,0
39.24,69.0,0.023,-0.008,500,0
39.21,69.11,0.108,-0.031,501,0
39.25,69.04,-0.066,0.033,502,0
39.23,68.9,-0.138,-0.012,503,0
39.28,68.97,0.066,0.049,504,0
39.29,68.97,0.005,0.004,505,0
39.34,69.03,0.051,0.055,506,0
39.31,68.93,-0.1,-0.033,507,0
39.29,68.93,0.005,-0.02,508,0
39.26,68.8,-0.127,-0.031,509,0
39.27,68.62,-0.186,0.011,510,0
39.23,68.66,0.046,-0.033,511,0
39.27,68.59,-0.068,0.036,512,0
39.3,68.56,-0.038,0.028,513,0
39.33,68.56,0.0,0.027,514,0
39.29,68.48,-0.079,-0.033,515,0
39.33,68.44,-0.035,0.043,516,0
39.38,68.46,0.016,0.044,517,0
39.43,68.39,-0.073,0.047,518,0
39.45,68.21,-0.174,0.029,519,0
39.44,68.08,-0.13,-0.015,520,0
39.4,68.07,-0.01,-0.037,521,0
39.43,68.12,0.051,0.027,522,0
39.49,68.1,-0.028,0.058,523,0
39.54,68.01,-0.089,0.05,524,0
39.56,67.98,-0.025,0.023,525,0
39.6,67.94,-0.042,0.038,526,0
39.64,67.94,-0.004,0.041,527,0
39.62,67.91,-0.024,-0.022,528,0
39.62,67.73,-0.18,0.005,529,0
39.59,67.61,-0.125,-0.032,530,0
39.65,67.44,-0.171,0.056,531,0
39.65,67.49,0.05,0.0,532,0
39.64,67.49,0.006,-0.01,533,0
39.67,67.41,-0.08,0.028,534,0
39.68,67.36,-0.05,0.011,535,0
39.64,67.46,0.097,-0.033,536,0
39.7,67.33,-0.13,0.057,537,0
39.69,67.36,0.03,-0.006,538,0
39.75,67.37,0.009,0.052,539,0
39.71,67.19,-0.183,-0.035,540,0
39.68,67.02,-0.165,-0.031,541,0
39.71,67.05,0.026,0.03,542,0
39.76,66.88,-0.164,0.047,543,0
39.81,66.7,-0.186,0.056,544,0
39.81,66.66,-0.032,-0.005,545,0
39.78,66.7,0.032,-0.03,546,0
39.84,66.76,0.068,0.056,547,0
39.81,66.62,-0.146,-0.021,548,0
39.87,66.51,-0.112,0.052,549,0
39.9,66.32,-0.184,0.032,550,0
39.89,66.22,-0.102,-0.008,551,0
39.94,66.13,-0.091,0.048,552,0
39.94,66.15,0.023,-0.002,553,0
39.93,66.06,-0.09,-0.005,554,0
39.92,65.9,-0.163,-0.014,555,0
39.94,65.99,0.094,0.026,556,0
39.97,66.02,0.028,0.029,557,0
39.99,66.05,0.033,0.016,558,0
39.95,66.0,-0.053,-0.034,559,0
39.97,66.07,0.065,0.021,560,0
39.94,66.08,0.012,-0.029,561,0
39.93,65.93,-0.143,-0.015,562,0
39.93,65.9,-0.038,0.002,563,0
39.98,65.74,-0.154,0.048,564,0
40.04,65.65,-0.095,0.056,565,0
40.07,65.51,-0.14,0.034,566,0
40.07,65.33,-0.176,-0.0,567,0
40.1,65.25,-0.084,0.035,568,0
40.1,65.34,0.093,0.0,569,0
40.08,65.18,-0.164,-0.028,570,0
40.08,65.24,0.058,0.001,571,0
40.07,65.26,0.027,-0.011,572,0
40.1,65.1,-0.16,0.03,573,0
40.06,65.11,0.004,-0.041,574,0
40.09,64.94,-0.168,0.03,575,0
40.11,64.82,-0.121,0.029,576,0
40.12,64.67,-0.15,0.005,577,0
40.11,64.73,0.061,-0.007,578,0
40.17,64.65,-0.076,0.058,579,0
40.22,64.66,0.008,0.05,580,0
40.23,64.53,-0.131,0.014,581,0
40.29,64.54,0.007,0.058,582,0
40.3,64.41,-0.129,0.01,583,0
40.29,64.25,-0.157,-0.017,584,0
40.33,64.15,-0.102,0.048,585,0
40.34,64.01,-0.134,0.01,586,0
40.33,64.05,0.038,-0.014,587,0
40.29,64.05,-0.006,-0.035,588,0
40.3,64.15,0.108,0.011,589,0
40.34,64.26,0.112,0.032,590,0
40.3,64.31,0.047,-0.039,591,0
40.29,64.34,0.032,-0.004,592,0
40.34,64.34,-0.002,0.05,593,0
40.33,64.37,0.032,-0.014,594,0
40.3,64.34,-0.029,-0.034,595,0
40.29,64.32,-0.024,-0.001,596,0
40.3,64.23,-0.087,0.004,597,0
40.26,64.1,-0.133,-0.038,598,0
40.24,64.06,-0.036,-0.022,599,0
31.77,88.88,-0.213,0.052,0,0
31.78,88.75,-0.132,0.003,1,0
31.78,88.77,0.024,0.008,2,0
31.83,88.78,0.014,0.044,3,0
31.82,88.66,-0.125,-0.01,4,0
31.83,88.59,-0.072,0.016,5,0
31.87,88.57,-0.022,0.036,6,0
31.87,88.38,-0.187,-0.001,7,0
31.86,88.22,-0.163,-0.012,8,0
31.86,88.02,-0.196,0.005,9,0
31.85,87.82,-0.199,-0.013,10,0
31.86,87.66,-0.158,0.009,11,0
31.88,87.7,0.041,0.024,12,0
31.84,87.64,-0.067,-0.037,13,0
31.89,87.45,-0.189,0.046,14,0
31.91,87.4,-0.052,0.021,15,0
31.88,87.3,-0.1,-0.026,16,0
31.85,87.15,-0.143,-0.033,17,0
31.88,87.11,-0.043,0.029,18,0
31.87,86.92,-0.194,-0.012,19,0
31.87,86.78,-0.137,0.006,20,0
31.93,86.77,-0.011,0.055,21,0
31.92,86.6,-0.164,-0.014,22,0
31.96,86.66,0.05,0.043,23,0
31.95,86.46,-0.196,-0.006,24,0
31.91,86.24,-0.219,-0.037,25,0
31.96,86.04,-0.196,0.042,26,0
31.91,85.87,-0.171,-0.042,27,0
31.88,85.67,-0.203,-0.037,28,0
31.92,85.56,-0.11,0.04,29,0
31.9,85.38,-0.182,-0.015,30,0
31.91,85.28,-0.098,0.004,31,0
31.93,85.25,-0.034,0.024,32,0
31.93,85.3,0.052,-0.006,33,0
31.94,85.26,-0.038,0.018,34,0
31.99,85.25,-0.016,0.046,35,0
31.95,85.3,0.053,-0.041,36,0
31.95,85.26,-0.039,-0.001,37,0
31.96,85.24,-0.015,0.013,38,0
32.01,85.13,-0.117,0.05,39,0
32.03,85.03,-0.095,0.015,40,0
32.08,85.08,0.053,0.05,41,0
32.07,85.06,-0.028,-0.008,42,0
32.07,85.02,-0.036,0.0,43,0
32.03,85.02,-0.003,-0.036,44,0
31.99,84.84,-0.174,-0.042,45,0
31.99,84.74,-0.103,0.0,46,0
32.01,84.59,-0.15,0.019,47,0
32.04,84.49,-0.102,0.027,48,0
32.01,84.46,-0.025,-0.024,49,0
32.02,84.39,-0.068,0.007,50,0
32.02,84.44,0.046,0.001,51,0
32.04,84.48,0.036,0.018,52,0
32.03,84.33,-0.152,-0.012,53,0
32.06,84.29,-0.04,0.035,54,0
32.03,84.24,-0.047,-0.031,55,0
32.0,84.03,-0.209,-0.029,56,0
32.04,84.05,0.016,0.04,57,0
32.1,84.05,0.007,0.054,58,0
32.07,84.04,-0.018,-0.029,59,0
32.06,84.09,0.05,-0.006,60,0
32.04,84.02,-0.066,-0.021,61,0
32.09,83.98,-0.043,0.048,62,0
32.1,83.8,-0.174,0.012,63,0
32.08,83.81,0.005,-0.02,64,0
32.12,83.6,-0.204,0.046,65,0
32.12,83.65,0.048,-0.0,66,0
32.17,83.54,-0.115,0.043,67,0
32.17,83.56,0.027,0.004,68,0
32.22,83.53,-0.034,0.048,69,0
32.22,83.42,-0.113,0.005,70,0
32.19,83.33,-0.091,-0.032,71,0
32.23,83.39,0.062,0.037,72,0
32.28,83.32,-0.063,0.046,73,0
32.24,83.32,0.0,-0.032,74,0
32.29,83.23,-0.089,0.047,75,0
32.31,83.04,-0.199,0.015,76,0
32.31,83.07,0.037,0.006,77,0
32.31,82.93,-0.141,-0.006,78,0
32.3,82.97,0.039,-0.003,79,0
32.29,82.79,-0.183,-0.013,80,0
32.33,82.61,-0.174,0.044,81,0
32.32,82.59,-0.02,-0.013,82,0
32.33,82.6,0.002,0.01,83,0
32.36,82.65,0.057,0.028,84,0
32.4,82.64,-0.015,0.042,85,0
32.44,82.54,-0.103,0.038,86,0
32.45,82.44,-0.099,0.012,87,0
32.41,82.3,-0.133,-0.041,88,0
32.4,82.27,-0.036,-0.008,89,0
32.42,82.24,-0.029,0.019,90,0
32.47,82.02,-0.217,0.054,91,0
32.48,82.04,0.016,0.01,92,0
32.47,81.99,-0.048,-0.015,93,0
32.5,81.77,-0.219,0.03,94,0
32.53,81.78,0.01,0.034,95,0
32.51,81.72,-0.056,-0.026,96,0
32.49,81.58,-0.145,-0.02,97,0
32.46,81.52,-0.055,-0.023,98,0
32.52,81.4,-0.12,0.052,99,0
32.53,81.25,-0.151,0.011,100,0
32.58,81.13,-0.118,0.056,101,0
32.55,81.04,-0.1,-0.031,102,0
32.55,80.96,-0.08,-0.003,103,0
32.58,80.88,-0.079,0.031,104,0
32.6,80.85,-0.022,0.021,105,0
32.6,80.71,-0.148,0.001,106,0
32.6,80.55,-0.151,-0.002,107,0
32.63,80.61,0.055,0.031,108,0
32.6,80.48,-0.125,-0.031,109,0
32.63,80.52,0.032,0.026,110,0
32.65,80.35,-0.164,0.02,111,0
32.65,80.14,-0.207,0.008,112,0
32.66,80.15,0.004,0.009,113,0
32.67,80.01,-0.142,0.006,114,0
32.64,80.03,0.019,-0.031,115,0
32.63,79.85,-0.173,-0.01,116,0
32.67,79.8,-0.049,0.044,117,0
32.7,79.67,-0.132,0.023,118,0
32.72,79.61,-0.058,0.02,119,0
32.72,79.39,-0.228,0.003,120,0
32.68,79.38,-0.002,-0.037,121,0
32.7,79.41,0.031,0.021,122,0
32.72,79.43,0.013,0.02,123,0
32.77,79.3,-0.125,0.054,124,0
32.73,79.07,-0.229,-0.041,125,0
32.7,78.98,-0.092,-0.033,126,0
32.67,79.02,0.041,-0.033,127,0
32.72,78.93,-0.096,0.053,128,0
32.69,78.87,-0.061,-0.033,129,0
32.71,78.68,-0.182,0.019,130,0
32.71,78.55,-0.13,0.001,131,0
32.67,78.35,-0.199,-0.038,132,0
32.71,78.23,-0.127,0.035,133,0
32.68,78.26,0.037,-0.027,134,0
32.65,78.28,0.018,-0.033,135,0
32.67,78.19,-0.096,0.02,136,0
32.65,78.06,-0.131,-0.011,137,0
32.65,78.1,0.04,-0.003,138,0
32.68,78.13,0.037,0.033,139,0
32.66,78.12,-0.013,-0.022,140,0
32.67,77.97,-0.145,0.007,141,0
32.64,77.78,-0.197,-0.028,142,0
32.6,77.6,-0.182,-0.038,143,0
32.6,77.38,-0.215,-0.002,144,0
32.6,77.41,0.034,-0.003,145,0
32.59,77.31,-0.1,-0.006,146,0
32.56,77.12,-0.19,-0.037,147,0
32.58,77.14,0.011,0.025,148,0
32.59,77.12,-0.02,0.008,149,0
32.61,77.0,-0.111,0.019,150,0
32.59,76.9,-0.102,-0.02,151,0
32.55,76.72,-0.186,-0.04,152,0
32.6,76.65,-0.065,0.056,153,0
32.63,76.71,0.055,0.03,154,0
32.66,76.57,-0.134,0.029,155,0
32.64,76.63,0.06,-0.024,156,0
32.63,76.45,-0.183,-0.006,157,0
32.66,76.21,-0.237,0.029,158,0
32.71,75.99,-0.225,0.046,159,0
32.73,75.87,-0.121,0.019,160,0
32.76,75.83,-0.035,0.033,161,0
32.77,75.69,-0.136,0.011,162,0
32.8,75.53,-0.161,0.024,163,0
32.79,75.33,-0.199,-0.004,164,0
32.78,75.27,-0.063,-0.017,165,0
32.81,75.06,-0.206,0.031,166,0
32.84,75.07,0.003,0.036,167,0
32.8,75.03,-0.034,-0.04,168,0
32.81,74.97,-0.066,0.006,169,0
32.8,74.95,-0.013,-0.014,170,0
32.79,75.0,0.047,-0.002,171,0
32.77,74.84,-0.164,-0.025,172,0
32.74,74.85,0.014,-0.031,173,0
32.74,74.9,0.052,0.003,174,0
32.73,74.7,-0.2,-0.006,175,0
32.71,74.64,-0.06,-0.025,176,0
32.67,74.58,-0.064,-0.041,177,0
32.66,74.5,-0.08,-0.008,178,0
32.64,74.29,-0.213,-0.016,179,0
32.63,74.29,0.002,-0.016,180,0
32.59,74.1,-0.184,-0.04,181,0
32.63,74.11,0.011,0.047,182,0
32.67,73.94,-0.172,0.036,183,0
32.67,73.72,-0.224,0.002,184,0
32.64,73.53,-0.187,-0.029,185,0
32.66,73.43,-0.097,0.018,186,0
32.71,73.48,0.048,0.044,187,0
32.72,73.52,0.037,0.013,188,0
32.72,73.5,-0.017,0.005,189,0
32.73,73.35,-0.149,0.011,190,0
32.7,73.23,-0.118,-0.035,191,0
32.75,73.23,-0.005,0.055,192,0
32.76,73.2,-0.03,0.004,193,0
32.76,73.22,0.023,0.002,194,0
32.77,73.05,-0.173,0.007,195,0
32.73,73.07,0.025,-0.038,196,0
32.77,72.87,-0.206,0.037,197,0
32.76,72.64,-0.227,-0.008,198,0
32.77,72.61,-0.031,0.015,199,0
32.78,72.66,0.046,0.01,200,0
32.84,72.53,-0.128,0.053,201,0
32.84,72.34,-0.193,0.003,202,0
32.82,72.2,-0.137,-0.016,203,0
32.86,72.2,0.001,0.037,204,0
32.84,72.08,-0.118,-0.019,205,0
32.83,71.9,-0.181,-0.015,206,0
32.82,71.87,-0.033,-0.003,207,0
32.78,71.71,-0.162,-0.04,208,0
32.83,71.72,0.016,0.049,209,0
32.83,71.7,-0.023,-0.002,210,0
32.86,71.58,-0.118,0.031,211,0
32.85,71.44,-0.14,-0.012,212,0
32.83,71.34,-0.097,-0.019,213,0
32.84,71.3,-0.04,0.014,214,0
32.81,71.08,-0.22,-0.031,215,0
32.84,71.11,0.028,0.024,216,0
32.83,70.9,-0.214,-0.005,217,0
32.86,70.91,0.012,0.032,218,0
32.89,70.77,-0.144,0.024,219,0
32.86,70.55,-0.215,-0.028,220,0
32.86,70.5,-0.054,-0.001,221,0
32.88,70.49,-0.01,0.022,222,0
32.87,70.36,-0.127,-0.014,223,0
32.83,70.3,-0.061,-0.039,224,0
32.8,70.3,0.002,-0.024,225,0
32.76,70.2,-0.098,-0.04,226,0
32.76,70.15,-0.052,-0.002,227,0
32.72,70.19,0.04,-0.04,228,0
32.71,69.96,-0.234,-0.011,229,0
32.75,69.95,-0.004,0.04,230,0
32.75,69.79,-0.166,0.002,231,0
32.78,69.61,-0.181,0.032,232,0
32.77,69.49,-0.118,-0.016,233,0
32.82,69.35,-0.14,0.056,234,0
32.81,69.23,-0.118,-0.014,235,0
32.85,69.22,-0.009,0.046,236,0
32.82,69.25,0.024,-0.035,237,0
32.87,69.19,-0.059,0.048,238,0
32.86,69.05,-0.141,-0.004,239,0
32.91,68.88,-0.167,0.043,240,0
32.91,68.84,-0.035,0.005,241,0
32.88,68.63,-0.216,-0.032,242,0
32.89,68.63,0.007,0.008,243,0
32.88,68.43,-0.203,-0.009,244,0
32.9,68.41,-0.024,0.025,245,0
32.96,68.22,-0.184,0.053,246,0
32.97,68.01,-0.214,0.016,247,0
33.01,68.06,0.046,0.033,248,0
33.05,67.86,-0.198,0.041,249,0
33.04,67.66,-0.195,-0.009,250,0
33.0,67.59,-0.073,-0.036,251,0
33.04,67.49,-0.104,0.036,252,0
33.09,67.39,-0.094,0.05,253,0
33.09,67.18,-0.211,-0.003,254,0
33.06,67.15,-0.033,-0.027,255,0
33.1,67.11,-0.036,0.043,256,0
33.14,67.15,0.042,0.041,257,0
33.15,67.19,0.032,0.009,258,0
33.13,67.21,0.022,-0.02,259,0
33.14,67.1,-0.107,0.007,260,0
33.12,67.03,-0.069,-0.02,261,0
33.08,66.99,-0.038,-0.039,262,0
33.12,66.82,-0.177,0.038,263,0
33.12,66.64,-0.179,0.008,264,0
33.14,66.52,-0.119,0.02,265,0
33.16,66.39,-0.132,0.02,266,0
33.16,66.2,-0.182,-0.004,267,0
33.16,66.12,-0.08,-0.005,268,0
33.17,66.04,-0.082,0.011,269,0
33.18,65.81,-0.231,0.016,270,0
33.16,65.7,-0.112,-0.019,271,0
33.14,65.47,-0.23,-0.025,272,0
33.19,65.27,-0.194,0.057,273,0
33.17,65.04,-0.233,-0.023,274,0
33.21,64.93,-0.114,0.038,275,0
33.25,64.77,-0.153,0.044,276,0
33.27,64.72,-0.052,0.013,277,0
33.24,64.55,-0.167,-0.021,278,0
33.23,64.56,0.003,-0.017,279,0
33.21,64.53,-0.033,-0.022,280,0
33.21,64.43,-0.096,0.002,281,0
33.25,64.25,-0.184,0.039,282,0
33.22,64.08,-0.169,-0.026,283,0
33.22,63.88,-0.194,-0.003,284,0
33.23,63.86,-0.02,0.007,285,0
33.24,63.71,-0.154,0.014,286,0
33.25,63.55,-0.159,0.007,287,0
33.29,63.44,-0.112,0.044,288,0
33.32,63.38,-0.054,0.03,289,0
33.37,63.37,-0.009,0.051,290,0
33.41,63.36,-0.018,0.044,291,0
33.38,63.27,-0.084,-0.029,292,0
33.41,63.13,-0.144,0.025,293,0
33.46,62.94,-0.185,0.048,294,0
33.51,62.73,-0.212,0.056,295,0
33.53,62.74,0.011,0.018,296,0
33.58,62.54,-0.206,0.048,297,0
33.54,62.43,-0.112,-0.036,298,0
33.56,62.34,-0.087,0.016,299,0
33.59,62.25,-0.085,0.032,300,0
33.6,62.2,-0.057,0.013,301,0
33.56,61.98,-0.218,-0.041,302,0
33.56,61.8,-0.175,-0.004,303,0
33.53,61.62,-0.184,-0.029,304,0
33.52,61.46,-0.157,-0.013,305,0
33.49,61.47,0.012,-0.025,306,0
33.47,61.34,-0.129,-0.017,307,0
33.45,61.22,-0.12,-0.02,308,0
33.48,61.03,-0.197,0.027,309,0
33.46,61.0,-0.025,-0.025,310,0
33.42,61.03,0.031,-0.033,311,0
33.41,60.89,-0.143,-0.009,312,0
33.38,60.7,-0.193,-0.038,313,0
33.39,60.49,-0.208,0.019,314,0
33.43,60.42,-0.064,0.034,315,0
33.48,60.24,-0.181,0.05,316,0
33.47,60.14,-0.104,-0.007,317,0
33.49,59.93,-0.212,0.023,318,0
33.52,59.79,-0.136,0.027,319,0
33.48,59.79,-0.003,-0.036,320,0
33.48,59.55,-0.236,-0.003,321,0
33.47,59.55,-0.005,-0.014,322,0
33.46,59.49,-0.059,-0.011,323,0
33.43,59.28,-0.205,-0.023,324,0
33.47,59.17,-0.11,0.038,325,0
33.5,58.94,-0.236,0.03,326,0
33.5,58.8,-0.135,0.003,327,0
33.53,58.82,0.016,0.021,328,0
33.56,58.7,-0.115,0.031,329,0
33.56,58.74,0.035,0.005,330,0
33.53,58.79,0.056,-0.034,331,0
33.57,58.58,-0.211,0.048,332,0
33.53,58.39,-0.197,-0.043,333,0
33.56,58.19,-0.191,0.03,334,0
33.59,57.99,-0.202,0.028,335,0
33.64,57.92,-0.076,0.054,336,0
33.64,57.78,-0.138,-0.007,337,0
33.63,57.56,-0.221,-0.002,338,0
33.65,57.39,-0.172,0.015,339,0
33.66,57.35,-0.038,0.008,340,0
33.69,57.41,0.062,0.035,341,0
33.69,57.46,0.054,0.002,342,0
33.69,57.45,-0.016,-0.001,343,0
33.69,57.47,0.025,-0.008,344,0
33.72,57.42,-0.052,0.032,345,0
33.77,57.21,-0.215,0.052,346,0
33.81,57.08,-0.123,0.039,347,0
33.81,57.02,-0.062,-0.003,348,0
33.78,57.01,-0.015,-0.03,349,0
33.83,56.88,-0.124,0.055,350,0
33.85,56.82,-0.066,0.014,351,0
33.87,56.82,0.002,0.025,352,0
33.85,56.84,0.017,-0.02,353,0
33.88,56.8,-0.037,0.03,354,0
33.91,56.62,-0.178,0.025,355,0
33.89,56.68,0.055,-0.014,356,0
33.89,56.47,-0.206,-0.002,357,0
33.86,56.36,-0.108,-0.031,358,0
33.89,56.26,-0.097,0.033,359,0
33.88,56.24,-0.025,-0.016,360,0
33.84,56.06,-0.183,-0.033,361,0
33.83,55.88,-0.181,-0.013,362,0
33.8,55.93,0.053,-0.033,363,0
33.81,55.91,-0.022,0.016,364,0
33.87,55.81,-0.093,0.054,365,0
33.9,55.6,-0.209,0.03,366,0
33.91,55.61,0.003,0.014,367,0
33.89,55.65,0.038,-0.018,368,0
33.9,55.47,-0.176,0.002,369,0
33.92,55.26,-0.207,0.023,370,0
33.91,55.2,-0.06,-0.007,371,0
33.92,55.04,-0.166,0.013,372,0
33.95,54.8,-0.233,0.03,373,0
33.96,54.64,-0.167,0.004,374,0
33.95,54.41,-0.23,-0.012,375,0
33.94,54.39,-0.016,-0.011,376,0
33.92,54.44,0.052,-0.012,377,0
33.9,54.33,-0.109,-0.023,378,0
33.89,54.3,-0.036,-0.014,379,0
33.91,54.13,-0.17,0.026,380,0
33.93,54.18,0.052,0.017,381,0
33.98,54.23,0.052,0.053,382,0
33.98,54.26,0.031,-0.005,383,0
33.95,54.3,0.042,-0.024,384,0
33.96,54.17,-0.133,0.001,385,0
33.95,53.96,-0.212,-0.007,386,0
34.0,53.8,-0.159,0.056,387,0
34.02,53.64,-0.164,0.021,388,0
34.07,53.55,-0.085,0.047,389,0
34.04,53.41,-0.14,-0.033,390,0
34.05,53.41,0.003,0.011,391,0
34.08,53.47,0.052,0.026,392,0
34.07,53.27,-0.193,-0.004,393,0
34.09,53.2,-0.075,0.014,394,0
34.13,53.15,-0.044,0.047,395,0
34.17,52.99,-0.161,0.034,396,0
34.14,52.96,-0.031,-0.026,397,0
34.13,52.88,-0.084,-0.013,398,0
34.15,52.78,-0.099,0.024,399,0
34.2,52.67,-0.112,0.052,400,0
34.24,52.72,0.057,0.032,401,0
34.24,52.69,-0.038,0.008,402,0
34.28,52.48,-0.212,0.031,403,0
34.26,52.35,-0.126,-0.014,404,0
34.23,52.29,-0.056,-0.033,405,0
34.21,52.15,-0.146,-0.018,406,0
34.18,52.03,-0.112,-0.033,407,0
34.18,51.86,-0.172,0.008,408,0
34.22,51.76,-0.107,0.035,409,0
34.25,51.64,-0.113,0.026,410,0
34.21,51.66,0.017,-0.035,411,0
34.25,51.45,-0.207,0.039,412,0
34.23,51.31,-0.142,-0.019,413,0
34.19,51.21,-0.101,-0.041,414,0
34.23,51.2,-0.012,0.036,415,0
34.22,51.21,0.012,-0.005,416,0
34.23,51.0,-0.214,0.006,417,0
34.18,50.84,-0.159,-0.043,418,0
34.23,50.78,-0.056,0.048,419,0
34.21,50.66,-0.125,-0.019,420,0
34.18,50.44,-0.214,-0.033,421,0
34.22,50.44,-0.0,0.038,422,0
34.26,50.38,-0.059,0.042,423,0
34.26,50.35,-0.038,-0.005,424,0
34.23,50.34,-0.006,-0.029,425,0
34.23,50.28,-0.059,0.001,426,0
34.19,50.09,-0.195,-0.038,427,0
34.19,49.88,-0.21,-0.0,428,0
34.15,49.82,-0.053,-0.037,429,0
34.12,49.81,-0.01,-0.033,430,0
34.12,49.69,-0.124,0.001,431,0
34.14,49.73,0.04,0.02,432,0
34.17,49.58,-0.143,0.026,433,0
34.19,49.51,-0.07,0.026,434,0
34.17,49.43,-0.09,-0.017,435,0
34.22,49.45,0.029,0.045,436,0
34.19,49.4,-0.055,-0.029,437,0
34.17,49.27,-0.128,-0.019,438,0
34.23,49.07,-0.201,0.054,439,0
34.18,48.93,-0.139,-0.043,440,0
34.15,48.81,-0.12,-0.033,441,0
34.18,48.61,-0.204,0.027,442,0
34.21,48.53,-0.075,0.03,443,0
34.17,48.57,0.042,-0.038,444,0
34.17,48.52,-0.056,0.003,445,0
34.18,48.54,0.016,0.004,446,0
34.18,48.38,-0.153,0.001,447,0
34.2,48.39,0.008,0.02,448,0
34.16,48.33,-0.063,-0.034,449,0
34.21,48.13,-0.198,0.05,450,0
34.23,48.12,-0.011,0.018,451,0
34.23,48.0,-0.12,-0.002,452,0
34.21,47.98,-0.018,-0.022,453,0
34.2,47.84,-0.138,-0.011,454,0
34.2,47.76,-0.085,0.009,455,0
34.26,47.58,-0.18,0.051,456,0
34.27,47.38,-0.193,0.019,457,0
34.28,47.28,-0.109,0.008,458,0
34.32,47.31,0.031,0.043,459,0
34.32,47.13,-0.176,-0.007,460,0
34.34,47.1,-0.027,0.024,461,0
34.31,47.05,-0.052,-0.033,462,0
34.35,47.0,-0.055,0.045,463,0
34.33,46.9,-0.097,-0.019,464,0
34.38,46.77,-0.129,0.05,465,0
34.41,46.74,-0.026,0.022,466,0
34.4,46.55,-0.193,-0.01,467,0
34.45,46.51,-0.043,0.055,468,0
34.48,46.34,-0.169,0.026,469,0
34.48,46.16,-0.178,-0.003,470,0
34.44,46.07,-0.086,-0.034,471,0
34.41,45.97,-0.099,-0.032,472,0
34.4,45.98,0.005,-0.006,473,0
34.42,45.81,-0.174,0.02,474,0
34.41,45.75,-0.058,-0.01,475,0
34.43,45.8,0.056,0.017,476,0
34.47,45.84,0.04,0.037,477,0
34.48,45.73,-0.11,0.013,478,0
34.49,45.68,-0.053,0.007,479,0
34.51,45.64,-0.04,0.017,480,0
34.49,45.57,-0.076,-0.02,481,0
34.5,45.57,0.003,0.017,482,0
34.53,45.55,-0.018,0.027,483,0
34.52,45.47,-0.081,-0.011,484,0
34.49,45.42,-0.049,-0.031,485,0
34.52,45.36,-0.063,0.027,486,0
34.5,45.35,-0.007,-0.013,487,0
34.49,45.18,-0.171,-0.012,488,0
34.46,45.11,-0.067,-0.031,489,0
34.42,44.92,-0.19,-0.036,490,0
34.45,44.76,-0.161,0.029,491,0
34.41,44.82,0.056,-0.04,492,0
34.45,44.7,-0.117,0.041,493,0
34.5,44.51,-0.193,0.048,494,0
34.55,44.44,-0.072,0.052,495,0
34.51,44.35,-0.089,-0.04,496,0
34.55,44.12,-0.23,0.034,497,0
34.57,43.93,-0.19,0.024,498,0
34.6,43.84,-0.092,0.026,499,0
34.63,43.9,0.06,0.036,500,0
34.61,43.72,-0.177,-0.018,501,0
34.61,43.62,-0.099,-0.005,502,0
34.65,43.63,0.007,0.038,503,0
34.65,43.41,-0.222,0.002,504,0
34.69,43.46,0.052,0.045,505,0
34.71,43.39,-0.066,0.017,506,0
34.73,43.25,-0.141,0.023,507,0
34.69,43.01,-0.237,-0.041,508,0
34.68,42.99,-0.026,-0.008,509,0
34.73,43.0,0.008,0.048,510,0
34.72,42.95,-0.051,-0.015,511,0
34.76,42.85,-0.091,0.039,512,0
34.74,42.91,0.053,-0.015,513,0
34.71,42.91,0.004,-0.033,514,0
34.69,42.89,-0.019,-0.016,515,0
34.65,42.87,-0.024,-0.037,516,0
34.63,42.65,-0.222,-0.028,517,0
34.59,42.45,-0.192,-0.038,518,0
34.58,42.26,-0.194,-0.012,519,0
34.55,42.25,-0.01,-0.022,520,0
34.53,42.02,-0.229,-0.025,521,0
34.49,41.99,-0.031,-0.039,522,0
34.46,41.99,-0.002,-0.034,523,0
34.5,41.88,-0.105,0.047,524,0
34.5,41.89,0.011,0.001,525,0
34.47,41.84,-0.052,-0.038,526,0
34.46,41.71,-0.133,-0.006,527,0
34.47,41.51,-0.199,0.005,528,0
34.48,41.33,-0.181,0.018,529,0
34.54,41.17,-0.161,0.053,530,0
34.54,41.08,-0.089,0.005,531,0
34.53,41.07,-0.006,-0.012,532,0
34.51,41.11,0.041,-0.015,533,0
34.51,40.92,-0.196,-0.005,534,0
34.55,40.74,-0.179,0.039,535,0
34.59,40.58,-0.164,0.047,536,0
34.61,40.53,-0.047,0.011,537,0
34.64,40.38,-0.145,0.03,538,0
34.6,40.27,-0.113,-0.037,539,0
34.58,40.31,0.038,-0.023,540,0
34.55,40.16,-0.15,-0.023,541,0
34.52,39.94,-0.221,-0.03,542,0
34.48,39.73,-0.21,-0.039,543,0
34.45,39.62,-0.111,-0.038,544,0
34.48,39.58,-0.039,0.036,545,0
34.51,39.54,-0.039,0.031,546,0
34.47,39.54,0.004,-0.039,547,0
34.5,39.42,-0.127,0.031,548,0
34.56,39.25,-0.164,0.056,549,0
34.53,39.29,0.041,-0.031,550,0
34.53,39.2,-0.092,0.005,551,0
34.59,39.23,0.028,0.055,552,0
34.62,39.05,-0.176,0.028,553,0
34.67,39.01,-0.042,0.05,554,0
34.63,38.99,-0.025,-0.039,555,0
34.67,38.98,-0.01,0.04,556,0
34.64,39.02,0.038,-0.032,557,0
34.61,38.99,-0.021,-0.028,558,0
34.63,39.05,0.056,0.019,559,0
34.59,38.97,-0.078,-0.034,560,0
34.55,38.85,-0.122,-0.042,561,0
34.53,38.74,-0.107,-0.025,562,0
34.5,38.56,-0.188,-0.021,563,0
34.5,38.48,-0.079,-0.006,564,0
34.52,38.54,0.06,0.023,565,0
34.49,38.33,-0.203,-0.035,566,0
34.45,38.34,0.004,-0.041,567,0
34.5,38.34,0.004,0.05,568,0
34.54,38.15,-0.191,0.044,569,0
34.55,38.19,0.038,0.012,570,0
34.61,38.22,0.029,0.056,571,0
34.66,38.18,-0.033,0.048,572,0
34.63,38.18,-0.006,-0.029,573,0
34.66,38.19,0.015,0.036,574,0
34.71,38.09,-0.102,0.045,575,0
34.7,37.93,-0.165,-0.008,576,0
34.72,37.78,-0.144,0.023,577,0
34.74,37.82,0.034,0.017,578,0
34.73,37.78,-0.033,-0.008,579,0
34.73,37.82,0.036,0.002,580,0
34.73,37.64,-0.182,-0.004,581,0
34.74,37.58,-0.06,0.013,582,0
34.73,37.46,-0.12,-0.013,583,0
34.7,37.22,-0.232,-0.028,584,0
34.68,37.14,-0.087,-0.017,585,0
34.65,37.09,-0.05,-0.038,586,0
34.67,36.87,-0.216,0.02,587,0
34.65,36.82,-0.05,-0.017,588,0
34.61,36.59,-0.234,-0.039,589,0
34.63,36.54,-0.044,0.022,590,0
34.63,36.49,-0.051,-0.007,591,0
34.64,36.4,-0.093,0.009,592,0
34.62,36.27,-0.124,-0.019,593,0
34.63,36.14,-0.135,0.014,594,0
34.68,36.09,-0.045,0.051,595,0
34.64,36.11,0.012,-0.041,596,0
34.64,36.12,0.018,0.005,597,0
34.69,35.95,-0.171,0.049,598,0
34.69,35.77,-0.182,-0.005,599,0
35.93,87.86,0.021,0.015,0,0
35.92,87.8,-0.064,-0.015,1,0
35.93,87.75,-0.052,0.016,2,0
35.94,87.58,-0.166,0.002,3,0
35.95,87.51,-0.073,0.018,4,0
35.9,87.49,-0.015,-0.051,5,0
35.94,87.25,-0.236,0.038,6,0
35.96,87.31,0.058,0.016,7,0
36.0,87.35,0.034,0.038,8,0
36.01,87.31,-0.033,0.014,9,0
35.99,87.17,-0.146,-0.023,10,0
35.98,87.19,0.018,-0.005,11,0
35.97,86.99,-0.195,-0.009,12,0
35.93,86.77,-0.22,-0.044,13,0
35.94,86.75,-0.019,0.015,14,0
35.94,86.77,0.02,-0.007,15,0
35.95,86.83,0.055,0.014,16,0
35.97,86.64,-0.186,0.018,17,0
35.95,86.54,-0.101,-0.021,18,0
35.91,86.49,-0.053,-0.041,19,0
35.93,86.48,-0.004,0.021,20,0
35.97,86.43,-0.049,0.04,21,0
35.97,86.36,-0.078,0.003,22,0
36.01,86.13,-0.229,0.044,23,0
36.03,85.94,-0.184,0.015,24,0
35.98,85.74,-0.205,-0.049,25,0
35.94,85.69,-0.045,-0.041,26,0
35.89,85.69,-0.008,-0.049,27,0
35.91,85.49,-0.192,0.021,28,0
35.87,85.44,-0.058,-0.037,29,0
35.9,85.3,-0.134,0.029,30,0
35.89,85.16,-0.139,-0.018,31,0
35.85,85.22,0.054,-0.039,32,0
35.8,85.04,-0.173,-0.049,33,0
35.82,84.82,-0.22,0.022,34,0
35.86,84.71,-0.109,0.039,35,0
35.83,84.67,-0.04,-0.033,36,0
35.85,84.65,-0.026,0.026,37,0
35.81,84.46,-0.189,-0.044,38,0
35.8,84.34,-0.121,-0.01,39,0
35.81,84.26,-0.077,0.007,40,0
35.77,84.06,-0.201,-0.038,41,0
35.73,83.91,-0.151,-0.038,42,0
35.7,83.93,0.019,-0.033,43,0
35.73,83.8,-0.128,0.035,44,0
35.7,83.67,-0.133,-0.036,45,0
35.68,83.62,-0.05,-0.017,46,0
35.66,83.5,-0.118,-0.019,47,0
35.66,83.31,-0.189,0.004,48,0
35.7,83.13,-0.186,0.039,49,0
35.71,82.99,-0.139,0.006,50,0
35.73,82.92,-0.062,0.019,51,0
35.7,82.78,-0.146,-0.024,52,0
35.7,82.77,-0.012,-0.004,53,0
35.72,82.81,0.039,0.022,54,0
35.69,82.7,-0.109,-0.034,55,0
35.69,82.6,-0.101,0.001,56,0
35.72,82.57,-0.024,0.028,57,0
35.7,82.44,-0.132,-0.012,58,0
35.7,82.29,-0.149,-0.003,59,0
35.74,82.22,-0.074,0.037,60,0
35.73,82.28,0.062,-0.01,61,0
35.76,82.22,-0.062,0.036,62,0
35.76,82.08,-0.14,-0.004,63,0
35.74,82.06,-0.02,-0.022,64,0
35.77,81.99,-0.069,0.032,65,0
35.72,82.03,0.045,-0.049,66,0
35.74,81.94,-0.098,0.019,67,0
35.78,81.87,-0.063,0.038,68,0
35.73,81.9,0.022,-0.047,69,0
35.74,81.77,-0.125,0.01,70,0
35.7,81.63,-0.143,-0.04,71,0
35.68,81.69,0.062,-0.021,72,0
35.62,81.6,-0.086,-0.054,73,0
35.61,81.63,0.025,-0.012,74,0
35.62,81.51,-0.124,0.007,75,0
35.57,81.45,-0.052,-0.049,76,0
35.52,81.44,-0.018,-0.049,77,0
35.54,81.43,-0.004,0.015,78,0
35.48,81.32,-0.115,-0.053,79,0
35.47,81.37,0.049,-0.015,80,0
35.49,81.28,-0.085,0.024,81,0
35.49,81.29,0.012,-0.004,82,0
35.46,81.07,-0.227,-0.025,83,0
35.48,80.95,-0.112,0.022,84,0
35.52,80.82,-0.138,0.032,85,0
35.48,80.77,-0.048,-0.038,86,0
35.44,80.72,-0.045,-0.038,87,0
35.4,80.59,-0.136,-0.043,88,0
35.42,80.58,-0.007,0.027,89,0
35.39,80.51,-0.069,-0.037,90,0
35.41,80.52,0.008,0.018,91,0
35.43,80.36,-0.157,0.028,92,0
35.47,80.42,0.057,0.034,93,0
35.46,80.22,-0.197,-0.005,94,0
35.5,80.06,-0.164,0.042,95,0
35.54,79.85,-0.208,0.033,96,0
35.51,79.77,-0.083,-0.028,97,0
35.52,79.79,0.019,0.009,98,0
35.47,79.64,-0.142,-0.044,99,0
35.52,79.61,-0.035,0.041,100,0
35.54,79.45,-0.154,0.021,101,0
35.51,79.39,-0.069,-0.03,102,0
35.48,79.44,0.059,-0.023,103,0
35.53,79.48,0.032,0.045,104,0
35.52,79.31,-0.169,-0.004,105,0
35.53,79.27,-0.039,0.003,106,0
35.53,79.22,-0.049,0.006,107,0
35.55,79.17,-0.053,0.021,108,0
35.54,79.06,-0.107,-0.019,109,0
35.57,79.11,0.046,0.038,110,0
35.58,79.06,-0.043,0.006,111,0
35.54,78.93,-0.135,-0.041,112,0
35.55,78.91,-0.022,0.011,113,0
35.51,78.77,-0.14,-0.041,114,0
35.52,78.53,-0.235,0.015,115,0
35.48,78.31,-0.217,-0.045,116,0
35.5,78.28,-0.037,0.021,117,0
35.52,78.18,-0.1,0.023,118,0
35.5,77.98,-0.2,-0.025,119,0
35.47,77.92,-0.055,-0.03,120,0
35.42,77.81,-0.11,-0.052,121,0
35.43,77.74,-0.074,0.018,122,0
35.38,77.78,0.042,-0.049,123,0
35.36,77.75,-0.036,-0.026,124,0
35.34,77.81,0.062,-0.022,125,0
35.35,77.8,-0.011,0.009,126,0
35.36,77.59,-0.206,0.011,127,0
35.4,77.62,0.033,0.042,128,0
35.43,77.4,-0.218,0.031,129,0
35.43,77.28,-0.128,-0.005,130,0
35.39,77.27,-0.004,-0.033,131,0
35.44,77.31,0.036,0.045,132,0
35.46,77.18,-0.13,0.019,133,0
35.4,76.99,-0.186,-0.052,134,0
35.35,76.85,-0.147,-0.052,135,0
35.33,76.76,-0.084,-0.025,136,0
35.32,76.55,-0.21,-0.003,137,0
35.36,76.48,-0.073,0.039,138,0
35.34,76.36,-0.115,-0.027,139,0
35.33,76.14,-0.226,-0.008,140,0
35.31,76.03,-0.104,-0.022,141,0
35.29,75.81,-0.226,-0.017,142,0
35.33,75.61,-0.201,0.045,143,0
35.29,75.4,-0.201,-0.049,144,0
35.27,75.23,-0.175,-0.017,145,0
35.26,75.13,-0.103,-0.008,146,0
35.29,74.89,-0.236,0.03,147,0
35.31,74.79,-0.104,0.024,148,0
35.33,74.85,0.062,0.012,149,0
35.36,74.62,-0.228,0.032,150,0
35.39,74.5,-0.116,0.037,151,0
35.37,74.39,-0.11,-0.027,152,0
35.35,74.22,-0.174,-0.018,153,0
35.38,74.01,-0.207,0.028,154,0
35.41,73.86,-0.158,0.032,155,0
35.44,73.68,-0.175,0.031,156,0
35.46,73.54,-0.143,0.024,157,0
35.49,73.41,-0.129,0.029,158,0
35.46,73.33,-0.075,-0.038,159,0
35.41,73.24,-0.098,-0.048,160,0
35.42,73.12,-0.114,0.008,161,0
35.38,72.92,-0.197,-0.04,162,0
35.39,72.87,-0.057,0.012,163,0
35.37,72.88,0.009,-0.015,164,0
35.41,72.84,-0.035,0.035,165,0
35.4,72.78,-0.057,-0.011,166,0
35.39,72.55,-0.231,-0.002,167,0
35.38,72.37,-0.183,-0.012,168,0
35.35,72.14,-0.231,-0.037,169,0
35.37,71.97,-0.169,0.027,170,0
35.32,71.93,-0.039,-0.051,171,0
35.35,71.88,-0.05,0.033,172,0
35.36,71.75,-0.127,0.005,173,0
35.36,71.75,-0.004,0.004,174,0
35.39,71.61,-0.137,0.024,175,0
35.36,71.44,-0.175,-0.028,176,0
35.32,71.28,-0.158,-0.035,177,0
35.33,71.15,-0.133,0.009,178,0
35.3,71.04,-0.11,-0.034,179,0
35.33,70.91,-0.129,0.033,180,0
35.31,70.88,-0.028,-0.027,181,0
35.28,70.85,-0.029,-0.03,182,0
35.27,70.77,-0.075,-0.007,183,0
35.26,70.75,-0.025,-0.004,184,0
35.27,70.51,-0.236,0.002,185,0
35.29,70.3,-0.21,0.024,186,0
35.31,70.27,-0.03,0.016,187,0
35.33,70.06,-0.211,0.018,188,0
35.32,69.9,-0.167,-0.007,189,0
35.33,69.76,-0.139,0.013,190,0
35.3,69.57,-0.189,-0.034,191,0
35.26,69.41,-0.157,-0.037,192,0
35.3,69.2,-0.212,0.036,193,0
35.29,68.96,-0.233,-0.008,194,0
35.24,68.96,-0.009,-0.044,195,0
35.24,68.87,-0.09,-0.006,196,0
35.21,68.81,-0.056,-0.03,197,0
35.2,68.8,-0.013,-0.006,198,0
35.21,68.8,0.007,0.01,199,0
35.23,68.82,0.016,0.018,200,0
35.27,68.64,-0.179,0.041,201,0
35.22,68.45,-0.185,-0.049,202,0
35.18,68.37,-0.085,-0.04,203,0
35.16,68.4,0.027,-0.024,204,0
35.17,68.31,-0.081,0.012,205,0
35.2,68.29,-0.022,0.032,206,0
35.2,68.09,-0.203,-0.005,207,0
35.22,68.09,-0.004,0.024,208,0
35.26,67.88,-0.207,0.034,209,0
35.25,67.82,-0.061,-0.007,210,0
35.2,67.82,0.004,-0.051,211,0
35.16,67.67,-0.15,-0.04,212,0
35.2,67.7,0.024,0.045,213,0
35.15,67.64,-0.06,-0.053,214,0
35.16,67.63,-0.002,0.009,215,0
35.12,67.55,-0.084,-0.038,216,0
35.08,67.4,-0.154,-0.044,217,0
35.04,67.17,-0.224,-0.042,218,0
35.05,67.18,0.003,0.011,219,0
35.02,67.22,0.047,-0.032,220,0
34.97,67.17,-0.049,-0.045,221,0
34.99,67.09,-0.089,0.014,222,0
34.94,66.91,-0.174,-0.051,223,0
34.97,66.97,0.059,0.037,224,0
34.99,66.99,0.015,0.02,225,0
34.95,66.89,-0.095,-0.037,226,0
34.96,66.87,-0.025,0.01,227,0
34.93,66.78,-0.087,-0.032,228,0
34.93,66.82,0.04,-0.002,229,0
34.93,66.65,-0.167,-0.004,230,0
34.88,66.64,-0.009,-0.049,231,0
34.86,66.59,-0.048,-0.021,232,0
34.9,66.4,-0.19,0.042,233,0
34.91,66.37,-0.03,0.008,234,0
34.95,66.3,-0.071,0.046,235,0
34.91,66.19,-0.116,-0.046,236,0
34.9,66.07,-0.121,-0.009,237,0
34.88,66.02,-0.047,-0.012,238,0
34.84,65.79,-0.224,-0.04,239,0
34.8,65.59,-0.205,-0.041,240,0
34.83,65.36,-0.234,0.03,241,0
34.82,65.32,-0.04,-0.011,242,0
34.83,65.29,-0.021,0.01,243,0
34.8,65.26,-0.037,-0.033,244,0
34.8,65.07,-0.191,0.003,245,0
34.82,64.86,-0.202,0.016,246,0
34.8,64.89,0.03,-0.021,247,0
34.75,64.85,-0.047,-0.044,248,0
34.72,64.68,-0.165,-0.028,249,0
34.72,64.63,-0.055,0.0,250,0
34.77,64.6,-0.03,0.044,251,0
34.75,64.61,0.009,-0.021,252,0
34.78,64.55,-0.06,0.028,253,0
34.8,64.33,-0.212,0.028,254,0
34.84,64.18,-0.151,0.04,255,0
34.82,64.23,0.042,-0.028,256,0
34.85,64.07,-0.155,0.037,257,0
34.87,64.01,-0.062,0.019,258,0
34.85,63.9,-0.105,-0.019,259,0
34.81,63.81,-0.097,-0.039,260,0
34.77,63.84,0.033,-0.049,261,0
34.79,63.75,-0.09,0.025,262,0
34.75,63.6,-0.145,-0.042,263,0
34.78,63.4,-0.205,0.03,264,0
34.78,63.29,-0.113,0.003,265,0
34.82,63.23,-0.061,0.04,266,0
34.8,63.23,0.007,-0.022,267,0
34.77,63.26,0.025,-0.024,268,0
34.79,63.11,-0.145,0.015,269,0
34.77,62.98,-0.128,-0.023,270,0
34.74,62.77,-0.216,-0.025,271,0
34.72,62.63,-0.141,-0.022,272,0
34.72,62.6,-0.026,-0.003,273,0
34.73,62.52,-0.084,0.013,274,0
34.71,62.4,-0.119,-0.016,275,0
34.75,62.42,0.022,0.034,276,0
34.78,62.37,-0.054,0.035,277,0
34.83,62.21,-0.162,0.044,278,0
34.83,62.11,-0.094,0.002,279,0
34.8,61.92,-0.19,-0.03,280,0
34.77,61.86,-0.058,-0.032,281,0
34.77,61.76,-0.106,0.007,282,0
34.75,61.8,0.048,-0.02,283,0
34.76,61.73,-0.079,0.007,284,0
34.76,61.63,-0.091,-0.006,285,0
34.78,61.7,0.063,0.021,286,0
34.8,61.76,0.062,0.02,287,0
34.77,61.82,0.063,-0.029,288,0
34.74,61.63,-0.191,-0.028,289,0
34.72,61.44,-0.188,-0.022,290,0
34.74,61.44,-0.008,0.025,291,0
34.77,61.41,-0.022,0.031,292,0
34.75,61.38,-0.034,-0.027,293,0
34.72,61.17,-0.207,-0.025,294,0
34.69,60.98,-0.196,-0.031,295,0
34.68,61.0,0.023,-0.009,296,0
34.67,60.81,-0.193,-0.01,297,0
34.68,60.84,0.037,0.006,298,0
34.71,60.71,-0.133,0.028,299,0
34.72,60.49,-0.222,0.013,300,0
34.69,60.51,0.02,-0.03,301,0
34.73,60.34,-0.166,0.038,302,0
34.74,60.29,-0.056,0.012,303,0
34.73,60.22,-0.07,-0.005,304,0
34.7,60.12,-0.1,-0.031,305,0
34.66,59.99,-0.125,-0.044,306,0
34.64,59.75,-0.237,-0.02,307,0
34.68,59.68,-0.078,0.043,308,0
34.66,59.58,-0.099,-0.018,309,0
34.7,59.62,0.042,0.035,310,0
34.74,59.62,-0.001,0.043,311,0
34.7,59.66,0.046,-0.038,312,0
34.71,59.45,-0.211,0.006,313,0
34.73,59.46,0.003,0.023,314,0
34.69,59.33,-0.126,-0.044,315,0
34.68,59.11,-0.219,-0.002,316,0
34.69,59.1,-0.007,0.002,317,0
34.68,59.07,-0.03,-0.003,318,0
34.64,59.05,-0.024,-0.045,319,0
34.6,58.85,-0.2,-0.044,320,0
34.6,58.9,0.049,0.008,321,0
34.56,58.72,-0.182,-0.042,322,0
34.58,58.73,0.008,0.017,323,0
34.54,58.56,-0.166,-0.041,324,0
34.53,58.52,-0.044,-0.013,325,0
34.54,58.34,-0.18,0.012,326,0
34.55,58.28,-0.06,0.012,327,0
34.53,58.33,0.058,-0.02,328,0
34.49,58.34,0.006,-0.035,329,0
34.51,58.19,-0.152,0.014,330,0
34.53,58.16,-0.023,0.023,331,0
34.54,58.06,-0.103,0.008,332,0
34.57,57.91,-0.156,0.029,333,0
34.58,57.93,0.025,0.013,334,0
34.56,57.76,-0.172,-0.025,335,0
34.52,57.6,-0.154,-0.034,336,0
34.54,57.55,-0.049,0.023,337,0
34.58,57.57,0.018,0.033,338,0
34.53,57.52,-0.053,-0.046,339,0
34.55,57.5,-0.015,0.022,340,0
34.54,57.34,-0.169,-0.016,341,0
34.51,57.17,-0.17,-0.025,342,0
34.52,57.0,-0.169,0.012,343,0
34.54,56.96,-0.04,0.012,344,0
34.5,56.95,-0.007,-0.037,345,0
34.5,56.79,-0.161,-0.004,346,0
34.51,56.8,0.015,0.02,347,0
34.47,56.84,0.04,-0.042,348,0
34.51,56.65,-0.196,0.037,349,0
34.5,56.46,-0.187,-0.005,350,0
34.55,56.47,0.006,0.04,351,0
34.55,56.36,-0.107,0.006,352,0
34.51,56.15,-0.213,-0.039,353,0
34.51,56.16,0.019,0.003,354,0
34.54,56.08,-0.086,0.027,355,0
34.56,55.9,-0.183,0.022,356,0
34.54,55.96,0.062,-0.025,357,0
34.5,55.91,-0.05,-0.036,358,0
34.49,55.68,-0.226,-0.016,359,0
34.51,55.62,-0.062,0.027,360,0
34.54,55.49,-0.13,0.028,361,0
34.5,55.41,-0.075,-0.046,362,0
34.5,55.46,0.043,0.002,363,0
34.5,55.37,-0.089,0.004,364,0
34.49,55.16,-0.205,-0.014,365,0
34.44,55.18,0.019,-0.048,366,0
34.44,54.98,-0.205,-0.001,367,0
34.41,54.76,-0.221,-0.026,368,0
34.43,54.81,0.055,0.021,369,0
34.42,54.72,-0.097,-0.015,370,0
34.45,54.51,-0.202,0.032,371,0
34.44,54.34,-0.17,-0.015,372,0
34.43,54.21,-0.135,-0.007,373,0
34.47,54.0,-0.209,0.044,374,0
34.46,53.77,-0.231,-0.015,375,0
34.46,53.66,-0.114,-0.0,376,0
34.44,53.56,-0.095,-0.023,377,0
34.47,53.5,-0.061,0.039,378,0
34.48,53.4,-0.094,0.01,379,0
34.52,53.33,-0.072,0.032,380,0
34.53,53.23,-0.102,0.01,381,0
34.55,53.23,0.001,0.02,382,0
34.57,53.16,-0.073,0.026,383,0
34.53,53.03,-0.127,-0.047,384,0
34.56,52.91,-0.12,0.032,385,0
34.51,52.95,0.041,-0.043,386,0
34.47,52.89,-0.059,-0.046,387,0
34.45,52.7,-0.189,-0.013,388,0
34.45,52.76,0.058,-0.007,389,0
34.48,52.56,-0.197,0.028,390,0
34.48,52.36,-0.209,0.005,391,0
34.43,52.28,-0.08,-0.051,392,0
34.47,52.3,0.024,0.041,393,0
34.42,52.28,-0.021,-0.049,394,0
34.39,52.16,-0.123,-0.031,395,0
34.34,51.93,-0.229,-0.05,396,0
34.36,51.92,-0.002,0.013,397,0
34.39,51.85,-0.07,0.039,398,0
34.36,51.82,-0.034,-0.038,399,0
34.36,51.88,0.062,0.003,400,0
34.39,51.74,-0.139,0.031,401,0
34.37,51.75,0.004,-0.02,402,0
34.39,51.76,0.008,0.016,403,0
34.37,51.6,-0.153,-0.016,404,0
34.36,51.61,0.007,-0.011,405,0
34.34,51.4,-0.209,-0.017,406,0
34.38,51.43,0.033,0.041,407,0
34.37,51.21,-0.221,-0.016,408,0
34.41,51.04,-0.169,0.046,409,0
34.45,51.08,0.041,0.035,410,0
34.49,50.89,-0.189,0.039,411,0
34.53,50.79,-0.105,0.045,412,0
34.52,50.63,-0.16,-0.012,413,0
34.54,50.65,0.023,0.02,414,0
34.53,50.45,-0.199,-0.013,415,0
34.51,50.43,-0.027,-0.015,416,0
34.52,50.34,-0.089,0.01,417,0
34.5,50.28,-0.06,-0.026,418,0
34.52,50.15,-0.13,0.021,419,0
34.54,50.19,0.045,0.022,420,0
34.56,50.04,-0.149,0.022,421,0
34.54,50.01,-0.029,-0.018,422,0
34.51,50.01,-0.002,-0.028,423,0
34.5,50.07,0.059,-0.017,424,0
34.5,50.01,-0.056,-0.001,425,0
34.47,49.89,-0.124,-0.031,426,0
34.5,49.68,-0.212,0.03,427,0
34.53,49.73,0.051,0.039,428,0
34.54,49.5,-0.225,0.011,429,0
34.57,49.35,-0.15,0.021,430,0
34.56,49.27,-0.083,-0.006,431,0
34.51,49.32,0.047,-0.047,432,0
34.47,49.21,-0.108,-0.042,433,0
34.45,49.09,-0.123,-0.02,434,0
34.45,49.12,0.03,0.003,435,0
34.49,48.99,-0.126,0.039,436,0
34.51,48.78,-0.208,0.02,437,0
34.53,48.76,-0.018,0.014,438,0
34.49,48.61,-0.153,-0.036,439,0
34.47,48.38,-0.235,-0.019,440,0
34.44,48.34,-0.034,-0.028,441,0
34.44,48.36,0.015,-0.008,442,0
34.39,48.41,0.056,-0.048,443,0
34.42,48.33,-0.079,0.03,444,0
34.44,48.11,-0.229,0.026,445,0
34.44,47.94,-0.165,-0.001,446,0
34.48,47.93,-0.012,0.035,447,0
34.49,47.99,0.059,0.01,448,0
34.48,48.04,0.048,-0.011,449,0
34.49,47.89,-0.141,0.009,450,0
34.51,47.79,-0.102,0.022,451,0
34.51,47.69,-0.102,0.002,452,0
34.51,47.68,-0.009,-0.006,453,0
34.52,47.48,-0.197,0.019,454,0
34.53,47.52,0.04,0.009,455,0
34.49,47.48,-0.042,-0.048,456,0
34.46,47.48,-0.006,-0.024,457,0
34.42,47.35,-0.122,-0.037,458,0
34.41,47.26,-0.094,-0.014,459,0
34.45,47.1,-0.16,0.044,460,0
34.45,47.13,0.029,-0.001,461,0
34.47,46.91,-0.218,0.015,462,0
34.47,46.95,0.04,-0.002,463,0
34.46,46.91,-0.045,-0.011,464,0
34.49,46.91,0.004,0.039,465,0
34.46,46.9,-0.008,-0.031,466,0
34.42,46.89,-0.009,-0.043,467,0
34.42,46.81,-0.078,0.0,468,0
34.41,46.7,-0.116,-0.01,469,0
34.45,46.66,-0.034,0.038,470,0
34.43,46.61,-0.058,-0.017,471,0
34.47,46.4,-0.205,0.041,472,0
34.44,46.35,-0.056,-0.032,473,0
34.4,46.38,0.035,-0.038,474,0
34.4,46.23,-0.152,-0.006,475,0
34.41,46.19,-0.043,0.01,476,0
34.37,46.13,-0.052,-0.039,477,0
34.34,46.0,-0.136,-0.032,478,0
34.28,46.03,0.033,-0.052,479,0
34.24,45.8,-0.234,-0.039,480,0
34.29,45.8,0.002,0.042,481,0
34.29,45.67,-0.126,0.007,482,0
34.27,45.55,-0.121,-0.022,483,0
34.27,45.55,0.004,0.002,484,0
34.26,45.46,-0.091,-0.009,485,0
34.29,45.34,-0.127,0.027,486,0
34.31,45.11,-0.224,0.018,487,0
34.28,44.99,-0.124,-0.032,488,0
34.23,44.94,-0.048,-0.048,489,0
34.22,44.8,-0.143,-0.013,490,0
34.17,44.8,0.0,-0.043,491,0
34.14,44.85,0.05,-0.038,492,0
34.18,44.78,-0.068,0.043,493,0
34.19,44.63,-0.15,0.012,494,0
34.19,44.46,-0.173,-0.005,495,0
34.13,44.38,-0.078,-0.053,496,0
34.15,44.31,-0.066,0.018,497,0
34.17,44.12,-0.191,0.019,498,0
34.17,44.12,-0.005,-0.002,499,0
34.12,44.06,-0.059,-0.05,500,0
34.11,44.11,0.051,-0.008,501,0
34.14,44.12,0.013,0.034,502,0
34.18,44.11,-0.012,0.041,503,0
34.19,44.02,-0.092,0.008,504,0
34.16,43.81,-0.206,-0.028,505,0
34.17,43.82,0.013,0.005,506,0
34.16,43.75,-0.071,-0.006,507,0
34.16,43.73,-0.027,-0.007,508,0
34.11,43.78,0.054,-0.044,509,0
34.12,43.67,-0.112,0.003,510,0
34.1,43.47,-0.194,-0.02,511,0
34.07,43.29,-0.186,-0.023,512,0
34.03,43.33,0.041,-0.046,513,0
34.01,43.1,-0.232,-0.014,514,0
34.02,43.04,-0.054,0.011,515,0
34.0,42.94,-0.104,-0.025,516,0
34.01,42.7,-0.236,0.015,517,0
34.01,42.48,-0.22,-0.003,518,0
34.02,42.28,-0.197,0.009,519,0
34.01,42.25,-0.03,-0.014,520,0
33.96,42.24,-0.014,-0.047,521,0
33.91,42.01,-0.234,-0.045,522,0
33.89,41.93,-0.079,-0.02,523,0
33.89,41.76,-0.164,-0.009,524,0
33.84,41.53,-0.235,-0.048,525,0
33.78,41.3,-0.231,-0.053,526,0
33.74,41.11,-0.192,-0.04,527,0
33.71,41.09,-0.019,-0.037,528,0
33.74,40.97,-0.118,0.029,529,0
33.78,40.99,0.025,0.04,530,0
33.73,40.77,-0.224,-0.045,531,0
33.69,40.76,-0.013,-0.042,532,0
33.64,40.81,0.053,-0.046,533,0
33.64,40.85,0.037,0.001,534,0
33.63,40.63,-0.216,-0.016,535,0
33.6,40.45,-0.178,-0.027,536,0
33.55,40.39,-0.06,-0.054,537,0
33.54,40.27,-0.122,-0.008,538,0
33.58,40.22,-0.052,0.036,539,0
33.53,40.23,0.016,-0.05,540,0
33.5,40.29,0.057,-0.026,541,0
33.45,40.15,-0.145,-0.046,542,0
33.48,40.15,0.004,0.024,543,0
33.51,40.04,-0.109,0.03,544,0
33.53,39.97,-0.069,0.02,545,0
33.53,39.84,-0.128,0.003,546,0
33.49,39.68,-0.16,-0.041,547,0
33.49,39.74,0.054,0.005,548,0
33.5,39.6,-0.138,0.009,549,0
33.49,39.4,-0.2,-0.009,550,0
33.53,39.19,-0.204,0.036,551,0
33.56,39.1,-0.091,0.033,552,0
33.54,38.91,-0.19,-0.021,553,0
33.56,38.93,0.019,0.025,554,0
33.54,38.87,-0.058,-0.022,555,0
33.5,38.65,-0.226,-0.038,556,0
33.52,38.49,-0.154,0.02,557,0
33.48,38.53,0.033,-0.046,558,0
33.52,38.45,-0.081,0.042,559,0
33.5,38.25,-0.194,-0.022,560,0
33.51,38.25,0.003,0.01,561,0
33.52,38.03,-0.222,0.015,562,0
33.53,38.08,0.047,0.008,563,0
33.48,38.13,0.054,-0.054,564,0
33.45,38.16,0.027,-0.025,565,0
33.46,38.22,0.054,0.011,566,0
33.43,38.02,-0.195,-0.033,567,0
33.4,38.07,0.053,-0.036,568,0
33.39,37.87,-0.202,-0.008,569,0
33.38,37.73,-0.141,-0.004,570,0
33.34,37.64,-0.088,-0.042,571,0
33.31,37.61,-0.031,-0.035,572,0
33.25,37.37,-0.236,-0.052,573,0
33.22,37.16,-0.21,-0.033,574,0
33.18,37.17,0.004,-0.041,575,0
33.2,37.0,-0.166,0.024,576,0
33.19,36.89,-0.112,-0.012,577,0
33.22,36.87,-0.017,0.028,578,0
33.22,36.72,-0.153,-0.002,579,0
33.21,36.53,-0.187,-0.003,580,0
33.16,36.44,-0.09,-0.053,581,0
33.17,36.48,0.037,0.007,582,0
33.2,36.26,-0.224,0.029,583,0
33.19,36.11,-0.147,-0.011,584,0
33.19,35.88,-0.227,0.004,585,0
33.18,35.76,-0.121,-0.015,586,0
33.21,35.66,-0.102,0.03,587,0
33.19,35.47,-0.184,-0.016,588,0
33.23,35.43,-0.047,0.041,589,0
33.26,35.4,-0.024,0.031,590,0
33.24,35.45,0.047,-0.023,591,0
33.19,35.4,-0.054,-0.047,592,0
33.14,35.45,0.057,-0.05,593,0
33.14,35.45,0.001,-0.005,594,0
33.11,35.51,0.058,-0.024,595,0
33.09,35.57,0.062,-0.021,596,0
33.12,35.41,-0.16,0.029,597,0
33.12,35.27,-0.141,-0.004,598,0
33.09,35.12,-0.157,-0.024,599,0
32.43,83.66,0.047,-0.013,0,0
32.4,83.54,-0.12,-0.032,1,0
32.41,83.46,-0.083,0.017,2,0
32.44,83.3,-0.159,0.027,3,0
32.47,83.23,-0.067,0.027,4,0
32.43,83.24,0.008,-0.043,5,0
32.38,83.25,0.012,-0.04,6,0
32.37,83.17,-0.082,-0.02,7,0
32.33,83.23,0.065,-0.032,8,0
32.34,83.23,-0.003,0.006,9,0
32.37,83.05,-0.185,0.028,10,0
32.39,83.05,0.008,0.019,11,0
32.37,82.92,-0.136,-0.015,12,0
32.38,82.79,-0.131,0.005,13,0
32.34,82.76,-0.029,-0.039,14,0
32.35,82.75,-0.004,0.014,15,0
32.3,82.58,-0.176,-0.048,16,0
32.29,82.44,-0.133,-0.019,17,0
32.31,82.32,-0.125,0.027,18,0
32.28,82.39,0.066,-0.028,19,0
32.25,82.43,0.047,-0.038,20,0
32.21,82.51,0.074,-0.04,21,0
32.16,82.58,0.071,-0.044,22,0
32.18,82.43,-0.148,0.021,23,0
32.15,82.31,-0.123,-0.033,24,0
32.14,82.19,-0.118,-0.016,25,0
32.18,82.21,0.02,0.041,26,0
32.17,82.22,0.009,-0.005,27,0
32.19,82.28,0.066,0.019,28,0
32.21,82.3,0.022,0.019,29,0
32.18,82.28,-0.022,-0.027,30,0
32.14,82.33,0.047,-0.043,31,0
32.16,82.11,-0.221,0.021,32,0
32.17,81.95,-0.157,0.012,33,0
32.13,81.89,-0.059,-0.046,34,0
32.13,81.74,-0.153,0.006,35,0
32.08,81.71,-0.031,-0.05,36,0
32.11,81.67,-0.04,0.032,37,0
32.1,81.65,-0.021,-0.009,38,0
32.14,81.43,-0.221,0.034,39,0
32.09,81.47,0.04,-0.046,40,0
32.11,81.27,-0.199,0.017,41,0
32.12,81.2,-0.065,0.006,42,0
32.08,81.23,0.028,-0.036,43,0
32.08,81.11,-0.117,0.003,44,0
32.03,80.94,-0.175,-0.05,45,0
32.02,80.82,-0.116,-0.011,46,0
32.0,80.82,-0.006,-0.017,47,0
32.02,80.61,-0.211,0.02,48,0
32.06,80.5,-0.11,0.032,49,0
32.06,80.41,-0.088,0.006,50,0
32.09,80.19,-0.216,0.031,51,0
32.1,80.21,0.023,0.003,52,0
32.05,80.23,0.013,-0.044,53,0
32.03,80.26,0.039,-0.021,54,0
32.07,80.05,-0.211,0.036,55,0
32.02,80.0,-0.056,-0.048,56,0
32.02,79.78,-0.214,0.0,57,0
31.98,79.64,-0.144,-0.036,58,0
31.97,79.43,-0.212,-0.012,59,0
31.99,79.27,-0.155,0.017,60,0
31.97,79.25,-0.02,-0.024,61,0
31.92,79.2,-0.053,-0.043,62,0
31.93,79.17,-0.03,0.005,63,0
31.95,79.11,-0.057,0.026,64,0
31.93,79.05,-0.065,-0.019,65,0
31.89,78.88,-0.164,-0.041,66,0
31.88,78.78,-0.105,-0.013,67,0
31.89,78.78,-0.002,0.012,68,0
31.87,78.58,-0.193,-0.027,69,0
31.81,78.38,-0.199,-0.051,70,0
31.84,78.26,-0.121,0.028,71,0
31.87,78.19,-0.072,0.028,72,0
31.91,78.23,0.035,0.042,73,0
31.88,78.09,-0.14,-0.031,74,0
31.84,78.16,0.07,-0.039,75,0
31.81,78.15,-0.007,-0.028,76,0
31.76,78.1,-0.045,-0.055,77,0
31.8,77.99,-0.11,0.042,78,0
31.78,77.85,-0.146,-0.019,79,0
31.82,77.66,-0.189,0.036,80,0
31.78,77.59,-0.071,-0.037,81,0
31.77,77.64,0.049,-0.007,82,0
31.76,77.64,0.001,-0.016,83,0
31.77,77.5,-0.133,0.015,84,0
31.79,77.49,-0.016,0.015,85,0
31.82,77.51,0.027,0.033,86,0
31.8,77.55,0.039,-0.022,87,0
31.79,77.42,-0.138,-0.01,88,0
31.81,77.27,-0.149,0.021,89,0
31.84,77.13,-0.135,0.03,90,0
31.83,76.95,-0.183,-0.007,91,0
31.85,76.9,-0.046,0.022,92,0
31.83,76.73,-0.174,-0.027,93,0
31.81,76.75,0.022,-0.012,94,0
31.85,76.7,-0.054,0.037,95,0
31.81,76.64,-0.06,-0.039,96,0
31.79,76.65,0.016,-0.024,97,0
31.73,76.64,-0.015,-0.055,98,0
31.7,76.61,-0.028,-0.03,99,0
31.65,76.42,-0.186,-0.057,100,0
31.65,76.29,-0.133,0.002,101,0
31.6,76.19,-0.103,-0.047,102,0
31.59,76.21,0.026,-0.01,103,0
31.61,76.15,-0.065,0.022,104,0
31.61,76.04,-0.111,-0.001,105,0
31.56,76.06,0.028,-0.055,106,0
31.57,75.94,-0.119,0.013,107,0
31.55,75.89,-0.059,-0.019,108,0
31.57,75.7,-0.185,0.017,109,0
31.6,75.66,-0.045,0.027,110,0
31.6,75.5,-0.159,-0.001,111,0
31.63,75.52,0.017,0.035,112,0
31.57,75.51,-0.004,-0.057,113,0
31.58,75.51,0.001,0.005,114,0
31.56,75.33,-0.185,-0.023,115,0
31.52,75.21,-0.118,-0.038,116,0
31.53,75.09,-0.123,0.008,117,0
31.51,75.12,0.037,-0.021,118,0
31.49,75.11,-0.015,-0.012,119,0
31.5,75.13,0.024,0.009,120,0
31.46,74.98,-0.158,-0.04,121,0
31.44,74.86,-0.115,-0.026,122,0
31.46,74.8,-0.064,0.026,123,0
31.42,74.82,0.019,-0.045,124,0
31.43,74.89,0.077,0.016,125,0
31.42,74.7,-0.188,-0.013,126,0
31.39,74.52,-0.186,-0.034,127,0
31.38,74.36,-0.161,-0.002,128,0
31.42,74.26,-0.1,0.032,129,0
31.42,74.28,0.027,0.006,130,0
31.37,74.1,-0.186,-0.049,131,0
31.35,74.0,-0.094,-0.027,132,0
31.34,73.85,-0.157,-0.008,133,0
31.29,73.79,-0.059,-0.051,134,0
31.25,73.84,0.057,-0.035,135,0
31.28,73.91,0.062,0.031,136,0
31.31,73.75,-0.158,0.032,137,0
31.33,73.73,-0.022,0.01,138,0
31.27,73.53,-0.198,-0.052,139,0
31.3,73.41,-0.118,0.024,140,0
31.32,73.35,-0.061,0.019,141,0
31.29,73.42,0.075,-0.025,142,0
31.33,73.25,-0.175,0.033,143,0
31.31,73.09,-0.159,-0.015,144,0
31.32,72.95,-0.139,0.01,145,0
31.28,72.79,-0.162,-0.045,146,0
31.23,72.59,-0.198,-0.042,147,0
31.24,72.56,-0.03,0.004,148,0
31.22,72.62,0.057,-0.016,149,0
31.24,72.55,-0.063,0.015,150,0
31.21,72.47,-0.08,-0.028,151,0
31.2,72.45,-0.023,-0.01,152,0
31.17,72.33,-0.124,-0.026,153,0
31.16,72.22,-0.104,-0.014,154,0
31.17,72.04,-0.182,0.012,155,0
31.21,71.95,-0.091,0.037,156,0
31.15,72.01,0.06,-0.054,157,0
31.16,71.9,-0.108,0.004,158,0
31.19,71.71,-0.192,0.036,159,0
31.21,71.53,-0.184,0.016,160,0
31.24,71.4,-0.129,0.028,161,0
31.21,71.29,-0.104,-0.025,162,0
31.18,71.33,0.035,-0.029,163,0
31.21,71.23,-0.097,0.025,164,0
31.16,71.08,-0.152,-0.048,165,0
31.11,71.13,0.049,-0.049,166,0
31.12,71.02,-0.109,0.006,167,0
31.09,70.96,-0.06,-0.026,168,0
31.07,70.74,-0.214,-0.019,169,0
31.02,70.77,0.03,-0.048,170,0
31.04,70.56,-0.211,0.014,171,0
30.98,70.54,-0.026,-0.057,172,0
31.02,70.39,-0.149,0.04,173,0
30.99,70.24,-0.148,-0.035,174,0
30.94,70.13,-0.112,-0.045,175,0
30.9,70.0,-0.125,-0.04,176,0
30.85,69.96,-0.045,-0.049,177,0
30.83,69.98,0.023,-0.018,178,0
30.87,69.82,-0.163,0.032,179,0
30.88,69.85,0.028,0.016,180,0
30.89,69.69,-0.151,0.004,181,0
30.84,69.76,0.063,-0.05,182,0
30.83,69.74,-0.022,-0.007,183,0
30.87,69.72,-0.019,0.038,184,0
30.9,69.59,-0.131,0.029,185,0
30.88,69.37,-0.214,-0.011,186,0
30.86,69.24,-0.135,-0.024,187,0
30.89,69.22,-0.02,0.032,188,0
30.88,69.13,-0.088,-0.009,189,0
30.84,69.18,0.053,-0.046,190,0
30.87,69.23,0.044,0.032,191,0
30.89,69.25,0.024,0.017,192,0
30.92,69.26,0.014,0.029,193,0
30.87,69.19,-0.073,-0.048,194,0
30.89,69.04,-0.15,0.018,195,0
30.85,69.08,0.043,-0.035,196,0
30.88,69.1,0.013,0.031,197,0
30.85,69.09,-0.011,-0.038,198,0
30.86,68.96,-0.123,0.016,199,0
30.85,68.88,-0.084,-0.007,200,0
30.88,68.77,-0.109,0.03,201,0
30.83,68.68,-0.087,-0.052,202,0
30.86,68.71,0.025,0.029,203,0
30.88,68.49,-0.216,0.014,204,0
30.86,68.38,-0.108,-0.015,205,0
30.86,68.44,0.058,-0.0,206,0
30.8,68.42,-0.021,-0.056,207,0
30.82,68.48,0.058,0.014,208,0
30.86,68.38,-0.095,0.037,209,0
30.86,68.29,-0.097,0.004,210,0
30.89,68.17,-0.111,0.028,211,0
30.84,68.17,-0.002,-0.044,212,0
30.81,68.18,0.006,-0.032,213,0
30.76,68.04,-0.142,-0.047,214,0
30.71,68.03,-0.01,-0.051,215,0
30.66,68.0,-0.021,-0.056,216,0
30.63,68.01,0.003,-0.032,217,0
30.62,67.96,-0.052,-0.006,218,0
30.58,67.89,-0.069,-0.037,219,0
30.6,67.84,-0.048,0.02,220,0
30.55,67.63,-0.208,-0.057,221,0
30.55,67.43,-0.203,0.008,222,0
30.59,67.25,-0.176,0.033,223,0
30.57,67.17,-0.077,-0.019,224,0
30.6,67.02,-0.158,0.031,225,0
30.56,66.83,-0.186,-0.036,226,0
30.57,66.81,-0.02,0.006,227,0
30.52,66.63,-0.179,-0.05,228,0
30.52,66.44,-0.194,0.002,229,0
30.52,66.46,0.019,-0.002,230,0
30.56,66.49,0.034,0.038,231,0
30.59,66.43,-0.063,0.03,232,0
30.57,66.24,-0.184,-0.016,233,0
30.6,66.02,-0.222,0.027,234,0
30.59,66.08,0.064,-0.011,235,0
30.57,65.97,-0.114,-0.016,236,0
30.56,65.75,-0.221,-0.006,237,0
30.55,65.81,0.067,-0.015,238,0
30.58,65.72,-0.091,0.027,239,0
30.53,65.73,0.002,-0.045,240,0
30.53,65.54,-0.184,0.002,241,0
30.49,65.34,-0.197,-0.045,242,0
30.45,65.28,-0.068,-0.035,243,0
30.49,65.21,-0.07,0.033,244,0
30.47,65.28,0.073,-0.017,245,0
30.49,65.19,-0.092,0.022,246,0
30.53,64.99,-0.199,0.037,247,0
30.49,64.83,-0.163,-0.037,248,0
30.51,64.86,0.031,0.019,249,0
30.48,64.77,-0.085,-0.029,250,0
30.45,64.62,-0.149,-0.034,251,0
30.49,64.44,-0.182,0.04,252,0
30.5,64.44,0.0,0.01,253,0
30.46,64.35,-0.095,-0.039,254,0
30.43,64.36,0.017,-0.023,255,0
30.43,64.22,-0.149,-0.008,256,0
30.37,64.19,-0.025,-0.051,257,0
30.4,64.23,0.035,0.03,258,0
30.42,64.1,-0.127,0.018,259,0
30.44,64.0,-0.096,0.02,260,0
30.41,63.81,-0.19,-0.036,261,0
30.37,63.62,-0.19,-0.041,262,0
30.34,63.43,-0.194,-0.025,263,0
30.3,63.37,-0.063,-0.038,264,0
30.25,63.19,-0.171,-0.048,265,0
30.29,63.19,-0.002,0.037,266,0
30.26,63.06,-0.137,-0.034,267,0
30.22,62.93,-0.123,-0.039,268,0
30.16,62.79,-0.138,-0.056,269,0
30.2,62.71,-0.081,0.042,270,0
30.21,62.62,-0.098,0.006,271,0
30.18,62.54,-0.072,-0.025,272,0
30.2,62.41,-0.133,0.017,273,0
30.17,62.32,-0.095,-0.026,274,0
30.17,62.31,-0.01,-0.004,275,0
30.2,62.12,-0.189,0.027,276,0
30.19,62.15,0.033,-0.009,277,0
30.19,62.11,-0.039,-0.002,278,0
30.21,61.94,-0.17,0.018,279,0
30.24,61.99,0.045,0.033,280,0
30.27,61.92,-0.07,0.036,281,0
30.24,61.98,0.065,-0.03,282,0
30.26,61.77,-0.211,0.02,283,0
30.28,61.57,-0.206,0.019,284,0
30.25,61.45,-0.121,-0.037,285,0
30.23,61.45,0.006,-0.02,286,0
30.24,61.24,-0.207,0.013,287,0
30.25,61.15,-0.098,0.012,288,0
30.29,61.11,-0.037,0.034,289,0
30.25,61.09,-0.016,-0.036,290,0
30.22,61.02,-0.076,-0.031,291,0
30.21,60.94,-0.079,-0.008,292,0
30.16,60.78,-0.154,-0.049,293,0
30.13,60.66,-0.121,-0.034,294,0
30.15,60.68,0.017,0.026,295,0
30.17,60.73,0.054,0.02,296,0
30.2,60.59,-0.148,0.029,297,0
30.19,60.39,-0.197,-0.015,298,0
30.21,60.4,0.01,0.025,299,0
30.23,60.22,-0.182,0.015,300,0
30.23,60.29,0.07,0.004,301,0
30.26,60.2,-0.089,0.026,302,0
30.28,60.08,-0.113,0.019,303,0
30.3,60.15,0.062,0.02,304,0
30.32,60.19,0.04,0.024,305,0
30.35,60.15,-0.033,0.029,306,0
30.32,60.2,0.045,-0.034,307,0
30.3,60.27,0.071,-0.014,308,0
30.29,60.25,-0.019,-0.012,309,0
30.24,60.12,-0.13,-0.048,310,0
30.27,60.15,0.036,0.032,311,0
30.24,60.14,-0.018,-0.032,312,0
30.27,60.09,-0.047,0.033,313,0
30.29,60.09,0.002,0.019,314,0
30.33,60.02,-0.067,0.041,315,0
30.28,59.82,-0.207,-0.056,316,0
30.31,59.8,-0.022,0.034,317,0
30.33,59.58,-0.212,0.016,318,0
30.35,59.46,-0.122,0.018,319,0
30.36,59.29,-0.168,0.016,320,0
30.39,59.1,-0.189,0.031,321,0
30.41,58.94,-0.164,0.015,322,0
30.45,58.76,-0.182,0.038,323,0
30.4,58.55,-0.207,-0.05,324,0
30.38,58.33,-0.22,-0.018,325,0
30.36,58.19,-0.139,-0.014,326,0
30.39,58.08,-0.115,0.027,327,0
30.36,58.0,-0.073,-0.031,328,0
30.35,57.93,-0.07,-0.007,329,0
30.36,57.93,-0.008,0.007,330,0
30.36,57.84,-0.083,-0.003,331,0
30.33,57.92,0.073,-0.023,332,0
30.35,57.84,-0.073,0.013,333,0
30.36,57.77,-0.076,0.016,334,0
30.37,57.65,-0.116,0.012,335,0
30.33,57.57,-0.08,-0.048,336,0
30.28,57.61,0.039,-0.049,337,0
30.28,57.66,0.052,0.003,338,0
30.23,57.53,-0.135,-0.051,339,0
30.18,57.57,0.037,-0.052,340,0
30.19,57.45,-0.11,0.013,341,0
30.21,57.51,0.059,0.022,342,0
30.21,57.48,-0.031,-0.001,343,0
30.16,57.37,-0.117,-0.056,344,0
30.2,57.4,0.035,0.039,345,0
30.21,57.39,-0.006,0.016,346,0
30.17,57.23,-0.162,-0.044,347,0
30.16,57.16,-0.075,-0.006,348,0
30.16,57.05,-0.104,-0.006,349,0
30.2,56.96,-0.095,0.039,350,0
30.19,57.03,0.072,-0.001,351,0
30.14,56.9,-0.133,-0.056,352,0
30.18,56.74,-0.154,0.037,353,0
30.15,56.8,0.059,-0.025,354,0
30.19,56.77,-0.031,0.042,355,0
30.23,56.81,0.04,0.034,356,0
30.18,56.67,-0.145,-0.048,357,0
30.13,56.67,0.003,-0.054,358,0
30.11,56.58,-0.09,-0.017,359,0
30.15,56.61,0.03,0.042,360,0
30.13,56.46,-0.156,-0.024,361,0
30.1,56.48,0.029,-0.029,362,0
30.08,56.37,-0.111,-0.014,363,0
30.12,56.22,-0.148,0.041,364,0
30.11,56.23,0.003,-0.016,365,0
30.15,56.21,-0.016,0.042,366,0
30.17,56.15,-0.061,0.021,367,0
30.18,56.21,0.06,0.01,368,0
30.2,56.04,-0.174,0.014,369,0
30.17,55.96,-0.08,-0.028,370,0
30.16,55.83,-0.128,-0.005,371,0
30.15,55.73,-0.096,-0.013,372,0
30.16,55.53,-0.202,0.012,373,0
30.14,55.48,-0.053,-0.017,374,0
30.1,55.37,-0.11,-0.046,375,0
30.13,55.34,-0.032,0.028,376,0
30.13,55.21,-0.122,0.005,377,0
30.08,55.11,-0.102,-0.051,378,0
30.05,54.97,-0.139,-0.035,379,0
30.02,55.01,0.032,-0.023,380,0
30.03,54.84,-0.164,0.009,381,0
29.99,54.77,-0.069,-0.039,382,0
29.99,54.81,0.041,-0.002,383,0
29.99,54.84,0.027,-0.0,384,0
30.02,54.79,-0.047,0.029,385,0
30.06,54.64,-0.15,0.035,386,0
30.1,54.47,-0.17,0.041,387,0
30.09,54.27,-0.208,-0.006,388,0
30.13,54.14,-0.123,0.035,389,0
30.17,54.01,-0.129,0.04,390,0
30.13,53.8,-0.214,-0.04,391,0
30.14,53.61,-0.192,0.01,392,0
30.12,53.39,-0.213,-0.017,393,0
30.15,53.25,-0.148,0.031,394,0
30.16,53.26,0.016,0.015,395,0
30.13,53.11,-0.158,-0.037,396,0
30.08,53.13,0.022,-0.043,397,0
30.11,52.92,-0.204,0.031,398,0
30.14,52.83,-0.091,0.023,399,0
30.13,52.78,-0.051,-0.009,400,0
30.09,52.81,0.025,-0.041,401,0
30.08,52.6,-0.201,-0.01,402,0
30.08,52.65,0.042,0.003,403,0
30.1,52.7,0.055,0.024,404,0
30.08,52.7,-0.005,-0.028,405,0
30.11,52.52,-0.181,0.037,406,0
30.06,52.48,-0.04,-0.048,407,0
30.06,52.5,0.022,-0.008,408,0
30.03,52.42,-0.074,-0.031,409,0
29.98,52.43,0.007,-0.05,410,0
29.93,52.31,-0.121,-0.049,411,0
29.9,52.23,-0.079,-0.024,412,0
29.94,52.01,-0.217,0.036,413,0
29.92,52.0,-0.018,-0.015,414,0
29.88,51.8,-0.199,-0.043,415,0
29.89,51.78,-0.017,0.009,416,0
29.86,51.78,-0.005,-0.03,417,0
29.81,51.67,-0.106,-0.05,418,0
29.82,51.72,0.047,0.012,419,0
29.8,51.79,0.069,-0.026,420,0
29.78,51.75,-0.04,-0.018,421,0
29.75,51.67,-0.079,-0.03,422,0
29.79,51.59,-0.078,0.041,423,0
29.8,51.46,-0.128,0.011,424,0
29.79,51.51,0.048,-0.014,425,0
29.74,51.44,-0.071,-0.041,426,0
29.77,51.45,0.008,0.027,427,0
29.75,51.35,-0.091,-0.02,428,0
29.74,51.36,0.002,-0.011,429,0
29.78,51.34,-0.02,0.04,430,0
29.73,51.15,-0.186,-0.051,431,0
29.77,51.11,-0.046,0.039,432,0
29.77,51.14,0.033,0.008,433,0
29.73,51.1,-0.042,-0.049,434,0
29.74,50.99,-0.109,0.017,435,0
29.77,50.76,-0.223,0.029,436,0
29.78,50.84,0.071,0.006,437,0
29.74,50.61,-0.223,-0.041,438,0
29.77,50.52,-0.091,0.029,439,0
29.78,50.53,0.009,0.016,440,0
29.74,50.4,-0.131,-0.039,441,0
29.77,50.33,-0.071,0.027,442,0
29.71,50.39,0.062,-0.058,443,0
29.68,50.46,0.068,-0.036,444,0
29.67,50.4,-0.059,-0.008,445,0
29.65,50.4,0.003,-0.016,446,0
29.62,50.41,0.012,-0.029,447,0
29.6,50.46,0.046,-0.024,448,0
29.62,50.41,-0.054,0.016,449,0
29.63,50.21,-0.197,0.019,450,0
29.63,50.15,-0.061,-0.003,451,0
29.66,50.15,-0.003,0.026,452,0
29.65,50.1,-0.043,-0.007,453,0
29.65,50.09,-0.014,0.003,454,0
29.61,49.92,-0.165,-0.04,455,0
29.61,49.76,-0.16,0.0,456,0
29.61,49.59,-0.173,-0.002,457,0
29.6,49.65,0.056,-0.008,458,0
29.61,49.43,-0.215,0.011,459,0
29.59,49.35,-0.082,-0.02,460,0
29.62,49.42,0.073,0.022,461,0
29.64,49.36,-0.064,0.021,462,0
29.63,49.22,-0.137,-0.009,463,0
29.61,49.21,-0.015,-0.019,464,0
29.55,49.08,-0.126,-0.057,465,0
29.57,48.9,-0.18,0.017,466,0
29.53,48.81,-0.097,-0.037,467,0
29.48,48.86,0.05,-0.046,468,0
29.44,48.67,-0.184,-0.04,469,0
29.42,48.74,0.071,-0.021,470,0
29.38,48.6,-0.145,-0.044,471,0
29.35,48.5,-0.097,-0.027,472,0
29.38,48.35,-0.151,0.022,473,0
29.32,48.34,-0.004,-0.057,474,0
29.35,48.21,-0.139,0.033,475,0
29.37,48.09,-0.112,0.016,476,0
29.33,48.06,-0.03,-0.034,477,0
29.33,47.93,-0.137,-0.001,478,0
29.32,47.9,-0.025,-0.015,479,0
29.34,47.73,-0.17,0.023,480,0
29.33,47.59,-0.147,-0.014,481,0
29.37,47.36,-0.222,0.04,482,0
29.38,47.19,-0.177,0.01,483,0
29.37,47.11,-0.072,-0.01,484,0
29.31,46.91,-0.202,-0.053,485,0
29.31,46.76,-0.146,-0.005,486,0
29.3,46.8,0.031,-0.005,487,0
29.27,46.8,0.004,-0.03,488,0
29.28,46.77,-0.034,0.008,489,0
29.29,46.61,-0.151,0.003,490,0
29.28,46.51,-0.106,-0.01,491,0
29.3,46.36,-0.15,0.03,492,0
29.31,46.37,0.011,0.006,493,0
29.31,46.37,0.004,0.004,494,0
29.31,46.21,-0.162,-0.007,495,0
29.3,46.21,-0.006,-0.005,496,0
29.3,46.23,0.023,-0.002,497,0
29.31,46.07,-0.16,0.014,498,0
29.32,45.96,-0.103,0.0,499,0
29.29,45.9,-0.064,-0.023,500,0
29.28,45.71,-0.186,-0.013,501,0
29.29,45.66,-0.056,0.014,502,0
29.25,45.73,0.067,-0.047,503,0
29.22,45.8,0.076,-0.023,504,0
29.19,45.8,-0.0,-0.033,505,0
29.21,45.59,-0.212,0.023,506,0
29.24,45.56,-0.033,0.026,507,0
29.21,45.52,-0.033,-0.034,508,0
29.2,45.46,-0.06,-0.009,509,0
29.18,45.46,-0.003,-0.022,510,0
29.18,45.27,-0.189,0.003,511,0
29.21,45.06,-0.215,0.037,512,0
29.25,44.91,-0.146,0.034,513,0
29.26,44.81,-0.102,0.009,514,0
29.29,44.86,0.056,0.035,515,0
29.33,44.69,-0.17,0.033,516,0
29.34,44.71,0.011,0.015,517,0
29.32,44.5,-0.206,-0.018,518,0
29.34,44.32,-0.177,0.014,519,0
29.34,44.22,-0.101,0.005,520,0
29.29,44.05,-0.167,-0.049,521,0
29.28,43.85,-0.206,-0.017,522,0
29.32,43.76,-0.086,0.04,523,0
29.31,43.78,0.019,-0.004,524,0
29.3,43.68,-0.099,-0.013,525,0
29.31,43.67,-0.009,0.012,526,0
29.31,43.59,-0.078,-0.004,527,0
29.31,43.39,-0.203,0.003,528,0
29.31,43.28,-0.115,-0.0,529,0
29.3,43.13,-0.144,-0.015,530,0
29.3,43.19,0.062,-0.0,531,0
29.26,43.14,-0.052,-0.036,532,0
29.27,43.03,-0.115,0.012,533,0
29.28,42.89,-0.139,0.009,534,0
29.25,42.71,-0.176,-0.032,535,0
29.2,42.61,-0.107,-0.052,536,0
29.15,42.45,-0.152,-0.042,537,0
29.17,42.53,0.072,0.012,538,0
29.15,42.45,-0.074,-0.019,539,0
29.14,42.26,-0.19,-0.004,540,0
29.1,42.27,0.011,-0.047,541,0
29.08,42.21,-0.062,-0.017,542,0
29.04,42.11,-0.105,-0.036,543,0
28.99,42.06,-0.049,-0.055,544,0
28.97,41.91,-0.152,-0.021,545,0
28.94,41.82,-0.081,-0.031,546,0
28.9,41.72,-0.102,-0.037,547,0
28.89,41.66,-0.058,-0.01,548,0
28.87,41.49,-0.179,-0.018,549,0
28.85,41.47,-0.013,-0.025,550,0
28.8,41.25,-0.22,-0.044,551,0
28.81,41.31,0.056,0.013,552,0
28.81,41.34,0.03,-0.007,553,0
28.79,41.33,-0.009,-0.022,554,0
28.81,41.34,0.009,0.022,555,0
28.81,41.12,-0.215,0.005,556,0
28.81,41.08,-0.046,-0.007,557,0
28.82,40.98,-0.093,0.011,558,0
28.77,40.97,-0.013,-0.042,559,0
28.74,40.96,-0.014,-0.031,560,0
28.79,40.97,0.016,0.041,561,0
28.82,40.96,-0.016,0.035,562,0
28.79,40.75,-0.204,-0.031,563,0
28.78,40.54,-0.214,-0.007,564,0
28.75,40.46,-0.083,-0.035,565,0
28.74,40.45,-0.007,-0.009,566,0
28.76,40.31,-0.141,0.026,567,0
28.74,40.37,0.062,-0.025,568,0
28.77,40.45,0.074,0.026,569,0
28.75,40.41,-0.037,-0.018,570,0
28.74,40.4,-0.008,-0.009,571,0
28.74,40.39,-0.007,-0.0,572,0
28.73,40.36,-0.032,-0.012,573,0
28.68,40.18,-0.178,-0.044,574,0
28.71,40.09,-0.094,0.029,575,0
28.72,39.98,-0.109,0.01,576,0
28.7,39.98,0.004,-0.025,577,0
28.73,39.83,-0.15,0.037,578,0
28.73,39.61,-0.22,-0.008,579,0
28.75,39.43,-0.182,0.02,580,0
28.77,39.43,-0.0,0.028,581,0
28.76,39.35,-0.08,-0.016,582,0
28.8,39.39,0.039,0.041,583,0
28.83,39.31,-0.082,0.032,584,0
28.83,39.22,-0.092,-0.001,585,0
28.84,39.25,0.034,0.012,586,0
28.79,39.3,0.046,-0.047,587,0
28.82,39.18,-0.116,0.029,588,0
28.83,39.07,-0.11,0.002,589,0
28.86,38.85,-0.22,0.035,590,0
28.89,38.78,-0.068,0.03,591,0
28.93,38.61,-0.177,0.038,592,0
28.9,38.39,-0.212,-0.023,593,0
28.85,38.17,-0.221,-0.055,594,0
28.87,38.13,-0.039,0.019,595,0
28.82,38.1,-0.038,-0.05,596,0
28.81,37.98,-0.119,-0.005,597,0
28.85,38.03,0.055,0.035,598,0
28.85,37.87,-0.157,0.001,599,0
